{
  "epochs": [
    0,
    1,
    2,
    3,
    4,
    5,
    6,
    7,
    8,
    9,
    10,
    11,
    12,
    13,
    14,
    15,
    16,
    17,
    18,
    19,
    20,
    21,
    22,
    23,
    24,
    25,
    26,
    27,
    28,
    29,
    30,
    31,
    32,
    33,
    34,
    35,
    36,
    37,
    38,
    39,
    40,
    41,
    42,
    43,
    44,
    45,
    46,
    47,
    48,
    49,
    50,
    51,
    52,
    53,
    54,
    55,
    56,
    57,
    58,
    59,
    60,
    61,
    62,
    63,
    64,
    65,
    66,
    67,
    68,
    69,
    70,
    71,
    72,
    73,
    74,
    75,
    76,
    77,
    78,
    79,
    80,
    81,
    82,
    83,
    84,
    85,
    86,
    87,
    88,
    89,
    90,
    91,
    92,
    93,
    94,
    95,
    96,
    97,
    98,
    99,
    100,
    101,
    102,
    103,
    104,
    105,
    106,
    107,
    108,
    109,
    110,
    111,
    112,
    113,
    114,
    115,
    116,
    117,
    118,
    119,
    120,
    121,
    122,
    123,
    124,
    125,
    126,
    127,
    128,
    129,
    130,
    131,
    132,
    133,
    134,
    135,
    136,
    137,
    138,
    139,
    140,
    141,
    142,
    143,
    144,
    145,
    146,
    147,
    148,
    149,
    150,
    151,
    152,
    153,
    154,
    155,
    156,
    157,
    158,
    159,
    160,
    161,
    162,
    163,
    164,
    165,
    166,
    167,
    168,
    169,
    170,
    171,
    172,
    173,
    174,
    175,
    176,
    177,
    178,
    179,
    180,
    181,
    182,
    183,
    184,
    185,
    186,
    187,
    188,
    189,
    190,
    191,
    192,
    193,
    194,
    195,
    196,
    197,
    198,
    199
  ],
  "train_loss": [
    0.6568080814078797,
    0.6410350463418073,
    0.7396468665710715,
    0.7652156044577443,
    0.7628860726606014,
    0.773476914264435,
    0.6447434602088706,
    0.6109725631946741,
    0.5778277079726375,
    0.5651388300019641,
    0.5814722887305326,
    0.5603557312211325,
    0.5696207714635272,
    0.5383469708437143,
    0.510906960382018,
    0.5481488441312036,
    0.5288719805174096,
    0.5202738032784573,
    0.5093209878649823,
    0.5104932691468749,
    0.5363370152406914,
    0.5218506600967673,
    0.5301568702209828,
    0.5197932034037834,
    0.534452888161637,
    0.5214782786923785,
    0.5331357620483221,
    0.516964195772659,
    0.5016809504392535,
    0.4989173207865205,
    0.6211932225282802,
    0.6044615985349168,
    0.6203809380531311,
    0.605145092620406,
    0.6131257404421651,
    0.6087463165438453,
    0.610416790080625,
    0.6263433660185614,
    0.6210959349260774,
    0.6221772304107976,
    0.640753839251607,
    0.6099667514479438,
    0.6255280749742375,
    0.6277919072051381,
    0.6333776324294335,
    0.6143525824990383,
    0.6335493561833404,
    0.613053616742755,
    0.6045194635557574,
    0.605500417739846,
    0.6380215013443038,
    0.6030993998743767,
    0.6010264168645061,
    0.608040111702542,
    0.6095313509536344,
    0.600125098644301,
    0.6064921361069346,
    0.6073177442994229,
    0.602244692486386,
    0.5975420613621556,
    0.6168665899786838,
    0.6001713289770969,
    0.6006175792494486,
    0.5952335748561594,
    0.6162539730931438,
    0.5840791328701862,
    0.5995993201815805,
    0.6045339904552283,
    0.6029027842505034,
    0.5960689810819404,
    0.61924422792224,
    0.6085732371308082,
    0.6115861216256785,
    0.5948787293461866,
    0.622170052902643,
    0.6053266487149305,
    0.5956658637800882,
    0.596617673718652,
    0.5980047912791718,
    0.6278791191966034,
    0.6279201569945313,
    0.5956097529378048,
    0.6101513258939566,
    0.6133651088836581,
    0.6102642732304197,
    0.606469597580821,
    0.6100677009238753,
    0.6064325016598369,
    0.6190580458835114,
    0.6210309547740359,
    0.599800011099771,
    0.6026085147330927,
    0.614529780177183,
    0.6069067591844604,
    0.6111188118540963,
    0.6202902260214783,
    0.6202923790660015,
    0.6170177140901255,
    0.6268009165691775,
    0.6180258902699448,
    0.6285409296667853,
    0.6409476680117984,
    0.6365166659965071,
    0.6092758449011071,
    0.6111710265625355,
    0.6183734484190164,
    0.6134334369454273,
    0.6296402389226958,
    0.6095552097919376,
    0.6284432487432347,
    0.6326678637848344,
    0.6394560059835744,
    0.6191426553698474,
    0.626737424107485,
    0.6197010344544123,
    0.627006743536439,
    0.6147940893505894,
    0.6107966574125512,
    0.6188471369272055,
    0.623540852305501,
    0.6275401857010153,
    0.6344090474899425,
    0.6247177796308384,
    0.622216445415519,
    0.636793210755947,
    0.6112044044705325,
    0.6149752289056778,
    0.6212116878393085,
    0.6378699714361236,
    0.6185394882462746,
    0.6162676024575566,
    0.6399986646896185,
    0.625088633146397,
    0.6334904924381611,
    0.6270763867123182,
    0.6254206396812616,
    0.6256314827952274,
    0.637941203838171,
    0.6173800167649292,
    0.63114221151485,
    0.613982828204022,
    0.6174534548853718,
    0.6271058743776277,
    0.627018942735916,
    0.6204811279163804,
    0.6366950994314149,
    0.6202524789544039,
    0.6222306008255759,
    0.6217646740896757,
    0.6228334525989931,
    0.6267545101947563,
    0.6368002253909444,
    0.6284390812696412,
    0.6232093673112781,
    0.6224324432916419,
    0.6282366999360018,
    0.6219423271195833,
    0.6294433730979299,
    0.6216040243243062,
    0.6309179736431255,
    0.6187978116578834,
    0.6377322244089704,
    0.6180148339548777,
    0.6264567305875379,
    0.6316862733558167,
    0.6380730940158977,
    0.6166053047013837,
    0.6188914249109667,
    0.616033746752628,
    0.6233833841113157,
    0.6359977937021921,
    0.6372999469208163,
    0.6354774569356164,
    0.6370652439289315,
    0.6326396652432376,
    0.6285696871751962,
    0.6304273581088975,
    0.6239407360553741,
    0.6456814924644869,
    0.631903735011123,
    0.6349125993113185,
    0.6313392568466275,
    0.6496768212595652,
    0.6335373649070429,
    0.6228397488594055,
    0.6372665998547576,
    0.6344768231691316,
    0.6256700830404148,
    0.6242120629826258,
    0.6347300462251486,
    0.6459955129512521,
    0.6496288596197616,
    0.6392391348300979,
    0.6307800443366517,
    0.6291607555954956,
    0.6520216589750245,
    0.6398532796044683,
    0.6460072859082111,
    0.6468830909146819,
    0.6394584002189858
  ],