{
  "learning_rate": 1.6850506699025968e-05,
  "weight_decay": 0.009500082335089189,
  "batch_size": 8
}