{
  "epochs": [
    0
  ],
  "loss": [
    0.1453389700885131
  ],
  "val_loss": [
    0.19066013675183058
  ],
  "mse": [
    0.10144135218427003
  ],
  "sym": [
    0.022412152560514823
  ],
  "neg": [
    0.02148546489112288
  ],
  "compliance_epochs": [],
  "pct_negative": [],
  "sym_score": []
}