{
  "epochs": [
    0,
    1,
    2,
    3,
    4,
    5,
    6,
    7,
    8,
    9,
    10,
    11,
    12,
    13,
    14,
    15,
    16,
    17,
    18,
    19,
    20,
    21,
    22,
    23,
    24,
    25,
    26,
    27,
    28,
    29,
    30,
    31,
    32,
    33,
    34,
    35,
    36,
    37,
    38,
    39,
    40,
    41,
    42,
    43,
    44,
    45,
    46,
    47,
    48,
    49,
    50,
    51,
    52,
    53,
    54,
    55,
    56,
    57,
    58,
    59,
    60,
    61,
    62
  ],
  "loss": [
    0.1421902631627065,
    0.054359715310073345,
    0.049393609749309925,
    0.03582712895645995,
    0.035480574665538896,
    0.03409242378895946,
    0.037627036126208636,
    0.03674022023017719,
    0.03561441344861811,
    0.03255212182727442,
    0.032942873406197844,
    0.03223611082812058,
    0.027957930684385596,
    0.03428430163092633,
    0.02747432337029376,
    0.03183861496362174,
    0.02865605015812494,
    0.033136802705910025,
    0.03270242045085146,
    0.03227499840023849,
    0.03122360220126738,
    0.029721700505867043,
    0.03244959621768549,
    0.03305746090084871,
    0.032438767153473796,
    0.028705614299086905,
    0.029657823797402397,
    0.03083554232301556,
    0.03252070782941148,
    0.034283861700689124,
    0.03654587713383556,
    0.03265556217623857,
    0.031236072101360448,
    0.03282269543019411,
    0.02955200381263673,
    0.0275376775110506,
    0.03345984254232564,
    0.04285219646163424,
    0.028175653898479227,
    0.03396433639279175,
    0.027424759792912506,
    0.03388509272475875,
    0.030856619512871185,
    0.03293265744164656,
    0.033056595092900445,
    0.032009770641120795,
    0.038919249210054074,
    0.03207333261477892,
    0.02207065277045297,
    0.02994052795736798,
    0.032328097837341724,
    0.031404474861136525,
    0.0353754376687945,
    0.03193059220048381,
    0.03395148375828829,
    0.036033976272566715,
    0.029385591417585857,
    0.03398214200311384,
    0.029756057781176033,
    0.03635018052985874,
    0.033882040641418545,
    0.028218177369160352,
    0.03132603986832862
  ],
  "val_loss": [
    0.19272137619554996,
    0.17939660791307688,
    0.1783068859949708,
    0.17014458402991295,
    0.16795738693326712,
    0.16573337465524673,
    0.163199620321393,
    0.16781507059931755,
    0.16463674791157246,
    0.15832384303212166,
    0.1626506606116891,
    0.1604607943445444,
    0.1589432256296277,
    0.15993276238441467,
    0.159093520604074,
    0.16122957319021225,
    0.15661698440089822,
    0.155326790176332,
    0.15794968977570534,
    0.15576070174574852,
    0.1567190745845437,
    0.16014581639319658,
    0.15792161505669355,
    0.15790362656116486,
    0.158065898809582,
    0.156008611433208,
    0.1566243190318346,
    0.1552502354606986,
    0.16458226135000587,
    0.15787428710609674,
    0.15315969660878181,
    0.15523564675822854,
    0.1595338610932231,
    0.15349812200292945,
    0.1566729685291648,
    0.1533600646071136,
    0.15320611838251352,
    0.1566036380827427,
    0.15163538046181202,
    0.15264432597905397,
    0.15300332475453615,
    0.15224403981119394,
    0.15724048390984535,
    0.15452465415000916,
    0.15350818540900946,
    0.15643696300685406,
    0.1536041609942913,
    0.15268761198967695,
    0.15164281940087676,
    0.15853310003876686,
    0.15302074188366532,
    0.15366569021716714,
    0.15166477765887976,
    0.15121738985180855,
    0.15249295393005013,
    0.1545157372020185,
    0.1528839012607932,
    0.1522371252067387,
    0.15551395947113633,
    0.1641186699271202,
    0.15407495852559805,
    0.1545630656182766,
    0.15202788915485144
  ],
  "mse": [
    0.09918924957235283,
    0.042711653163499924,
    0.04163257647131648,
    0.031117906489313764,
    0.03163694572487028,
    0.030515997365952653,
    0.03399995225916887,
    0.03265446196440781,
    0.032339652090672855,
    0.029625096591189504,
    0.03003939201350315,
    0.029175965476641866,
    0.025156689359519247,
    0.031325484928457395,
    0.024949536800262666,
    0.02889517011016468,
    0.02628283315581905,
    0.030281595568059483,
    0.02951451055444429,
    0.02967942489319803,
    0.02841297577670558,
    0.027085258220714108,
    0.028942557463039444,
    0.03054526562924349,
    0.029819715421028854,
    0.026302311432365083,
    0.02729768965014683,
    0.02827624188383571,
    0.030040681790821602,
    0.030650188010534114,
    0.03403679606783265,
    0.0302271872821969,
    0.02897800862240805,
    0.029674392402450615,
    0.027180425666063747,
    0.02529882294317342,
    0.030993219018939918,
    0.039598571051730314,
    0.02570412567246566,
    0.03147914896449335,
    0.02545729604393035,
    0.03081396438407703,
    0.02855692623035164,
    0.030424203798740616,
    0.030761440912322534,
    0.029713405420237753,
    0.036376263102011704,
    0.02910868687529082,
    0.020229312190873042,
    0.027283019999860325,
    0.029706346119153446,
    0.029064113289448565,
    0.032951026019057104,
    0.029505980357736626,
    0.03163271379726721,
    0.033544659890913375,
    0.027375100298010022,
    0.031244559052496033,
    0.027592118604274067,
    0.033721430424087304,
    0.031068962511267062,
    0.02604247861602735,
    0.029009430056707673
  ],
  "sym": [
    0.021941654292744733,
    0.00620992510649158,
    0.004033387996578397,
    0.002474737818740204,
    0.00173950568331127,
    0.001703408309019162,
    0.00163644825507643,
    0.0019947284121048926,
    0.0013891337197339249,
    0.0012337138810223317,
    0.001156870559158204,
    0.0013332678550184122,
    0.0012415572938348262,
    0.0012654970683185732,
    0.0010020294483472532,
    0.0012506467300286586,
    0.0008707093764433777,
    0.0010616616190902923,
    0.001375316002212517,
    0.0008202509086352781,
    0.0009556849093816165,
    0.0011283966158320865,
    0.0017374603443063151,
    0.0008089094153207196,
    0.000981153447559608,
    0.0008716291203174444,
    0.0008234667260456551,
    0.0008428448901748911,
    0.000837942255075007,
    0.0017517368098673037,
    0.0007587626526647935,
    0.0007340964696927118,
    0.0008485481468307847,
    0.0013308119829570021,
    0.0007749726983857837,
    0.000716718849761381,
    0.000785248449208785,
    0.0012794347578130888,
    0.0008212062154861741,
    0.0007769888185729517,
    0.0006084744515230391,
    0.0013015798998073996,
    0.0006689417562730366,
    0.0009060001616022402,
    0.0006346927208975001,
    0.0007386058058277443,
    0.0006818848765573778,
    0.0012352750323839034,
    0.0006087357213690216,
    0.0010810108261322168,
    0.0009085522834309508,
    0.0006889279532762,
    0.0007036829232096793,
    0.0007963137235764466,
    0.0006905719788149914,
    0.0008125226834797622,
    0.0005659180270098846,
    0.0009943301072474742,
    0.0006510671837446846,
    0.0008640421095312895,
    0.0010533723834669217,
    0.0007142027246109733,
    0.0007345866627891105
  ],