{
  "epochs": [
    0,
    1,
    2,
    3,
    4
  ],
  "train_loss": [
    0.6524850448896719,
    0.7548393912093584,
    0.8207054117391276,
    0.8049086360044257,
    0.8046686635460965
  ],
  "val_loss": [
    0.8161971000107852,
    0.7482400319793008,
    4.749384262345054,
    0.7097445130348206,
    0.6829894185066223
  ],
  "val_acc": [
    48.39650145772595,
    47.8134110787172,
    47.8134110787172,
    48.10495626822158,
    53.06122448979592
  ],
  "adv_epochs": [],
  "adv_val_acc": [],
  "best_val_acc": 53.06122448979592
}