{
  "epochs": [
    0,
    1,
    2,
    3,
    4,
    5,
    6,
    7,
    8,
    9,
    10,
    11,
    12,
    13,
    14,
    15,
    16,
    17,
    18,
    19
  ],
  "loss": [
    0.12728565421268762,
    0.0547995484982417,
    0.04833588406234701,
    0.03666064960481686,
    0.03488524114086389,
    0.0292689910497969,
    0.036062178571891285,
    0.04251860934266142,
    0.03189070732985562,
    0.029971626935370057,
    0.038729451283394736,
    0.03870043267765753,
    0.03270954635673176,
    0.028195627745258335,
    0.03171841110860076,
    0.03733012530621942,
    0.034286886514556185,
    0.029168176325473274,
    0.0325875215963504,
    0.029860504546037343
  ],
  "val_loss": [
    0.05820110777858645,
    0.043371214997023344,
    0.028141605609562248,
    0.03862291108816862,
    0.030479041684884578,
    0.02491879163426347,
    0.028000679973047227,
    0.028373053180985153,
    0.025946910900529474,
    0.03968920957413502,
    0.032598510646494105,
    0.02670971001498401,
    0.024388550606090575,
    0.03411716816481203,
    0.025672414747532457,
    0.027580563502851874,
    0.027446549385786057,
    0.01483537899912335,
    0.019002325061592273,
    0.033060397807275876
  ],
  "mse": [
    0.08861320199462298,
    0.04402312950587997,
    0.04195878135527824,
    0.03217161329741651,
    0.03063593237338779,
    0.025785805507362865,
    0.03244356970981668,
    0.03855922540310318,
    0.028938307529141272,
    0.027134346122914387,
    0.035038101219215266,
    0.03516822895383306,
    0.02970123529939033,
    0.0257548546183541,
    0.029109374972530334,
    0.03450313135198204,
    0.030871899665777233,
    0.026537359832507497,
    0.030133068290643533,
    0.02731274178134121
  ],
  "sym": [
    0.02003915596178898,
    0.005380667784146825,
    0.003160702863220717,
    0.0023002188264340095,
    0.0021010468788466756,
    0.0016424684582939633,
    0.0015974127030365657,
    0.0018525334006005672,
    0.0012567009756158795,
    0.0011791478012629707,
    0.0016096032637489142,
    0.0014385368283859794,
    0.001224051202999898,
    0.0009126643504442595,
    0.000904857985311945,
    0.001092217255369586,
    0.0015582615097823648,
    0.0009799832052488106,
    0.0008723100421027602,
    0.0008723114975662815
  ],
  "neg": [
    0.01863329551208799,
    0.005395751370325963,
    0.0032163999640713575,
    0.002188817493002274,
    0.002148261961320994,
    0.00184071713269179,
    0.002021196124766231,
    0.0021068506641449434,
    0.0016956988253364683,
    0.0016581329050453196,
    0.002081746887487047,
    0.0020936669207683428,
    0.0017842596711506022,
    0.0015281088868913319,
    0.0017041779801814717,
    0.0017347771927149135,
    0.001856725477528781,
    0.0016508336362829345,
    0.001582143246774207,
    0.0016754513102756035
  ],
  "compliance_epochs": [
    0,
    5,
    10,
    15
  ],
  "pct_negative": [
    0.0,
    0.0,
    0.0,
    0.0
  ],
  "sym_score": [
    0.027279505506157875,
    0.02271125465631485,
    0.02809510938823223,
    0.026022855192422867
  ]
}