{
  "epochs": [
    0
  ],
  "loss": [
    0.1310867016490932
  ],
  "val_loss": [
    0.19363043271005154
  ],
  "mse": [
    0.09283184180053596
  ],
  "sym": [
    0.020614956492540713
  ],
  "neg": [
    0.017639904137195968
  ],
  "compliance_epochs": [],
  "pct_negative": [],
  "sym_score": []
}