{
  "learning_rate": 0.00013440266015943834,
  "weight_decay": 0.00021222586235768734,
  "batch_size": 32
}