{
  "epochs": [
    0,
    1,
    2,
    3,
    4,
    5,
    6,
    7,
    8,
    9,
    10,
    11,
    12,
    13,
    14,
    15,
    16,
    17,
    18,
    19,
    20,
    21,
    22,
    23,
    24,
    25,
    26,
    27,
    28,
    29,
    30,
    31,
    32,
    33,
    34,
    35,
    36,
    37,
    38,
    39,
    40,
    41,
    42,
    43,
    44,
    45,
    46,
    47,
    48,
    49,
    50,
    51,
    52,
    53,
    54
  ],
  "loss": [
    0.12728565421268762,
    0.0547995484982417,
    0.04833588406234701,
    0.03666064960481686,
    0.03488524114086389,
    0.0292689910497969,
    0.036062178571891285,
    0.04251860934266142,
    0.03189070732985562,
    0.029971626935370057,
    0.038729451283394736,
    0.03870043267765753,
    0.03270954635673176,
    0.028195627745258335,
    0.03171841110860076,
    0.03733012530621942,
    0.034286886514556185,
    0.029168176325473274,
    0.0325875215963504,
    0.029860504546037343,
    0.032704170825934714,
    0.03614608703668569,
    0.03212050186409223,
    0.03524620566847865,
    0.030759756625238284,
    0.02990295107815867,
    0.026318509773586258,
    0.036442098582041595,
    0.03518996380974548,
    0.028461350928817953,
    0.021661890696769007,
    0.03104969913740512,
    0.027300964407709852,
    0.038814740059636185,
    0.028649704959504654,
    0.03268776473232379,
    0.03555220051202923,
    0.02993977894553932,
    0.02797992953325613,
    0.03430072082398094,
    0.03463683541751005,
    0.03256050212239133,
    0.0348775775920356,
    0.029951919403327542,
    0.030539370709856118,
    0.029957371574574124,
    0.031158669296843567,
    0.029428243689308655,
    0.032899761008899485,
    0.031009348503218216,
    0.03501048203879776,
    0.02970269826462788,
    0.028060455386587812,
    0.03678576222177003,
    0.03380167180080419
  ],
  "val_loss": [
    0.05820110777858645,
    0.043371214997023344,
    0.028141605609562248,
    0.03862291108816862,
    0.030479041684884578,
    0.02491879163426347,
    0.028000679973047227,
    0.028373053180985153,
    0.025946910900529474,
    0.03968920957413502,
    0.032598510646494105,
    0.02670971001498401,
    0.024388550606090575,
    0.03411716816481203,
    0.025672414747532457,
    0.027580563502851874,
    0.027446549385786057,
    0.01483537899912335,
    0.019002325061592273,
    0.033060397807275876,
    0.02802295768924523,
    0.03869167645461857,
    0.02851345358067192,
    0.02488492277916521,
    0.043814948410727084,
    0.021954546100459993,
    0.027653204480884597,
    0.03227570955641568,
    0.03354682322242297,
    0.035197059623897076,
    0.028802372951759025,
    0.039521894534118474,
    0.0334406737529207,
    0.030900715515599586,
    0.031814672707696445,
    0.03486038315168116,
    0.018507115411921404,
    0.02089795122446958,
    0.03152485378086567,
    0.027542053983779624,
    0.033467885994468816,
    0.014523139165248722,
    0.025328958523459733,
    0.03881824866402894,
    0.03136200676090084,
    0.023473230394301936,
    0.043277651915559545,
    0.03862856238265522,
    0.02567954605910927,
    0.026341678749304265,
    0.03497205754683819,
    0.022874152993608732,
    0.018174969882238656,
    0.051435674584354274,
    0.041136119165457785
  ],
  "mse": [
    0.08861320199462298,
    0.04402312950587997,
    0.04195878135527824,
    0.03217161329741651,
    0.03063593237338779,
    0.025785805507362865,
    0.03244356970981668,
    0.03855922540310318,
    0.028938307529141272,
    0.027134346122914387,
    0.035038101219215266,
    0.03516822895383306,
    0.02970123529939033,
    0.0257548546183541,
    0.029109374972530334,
    0.03450313135198204,
    0.030871899665777233,
    0.026537359832507497,
    0.030133068290643533,
    0.02731274178134121,
    0.02981582038087126,
    0.03334606886366991,
    0.029595455903316213,
    0.031494938501888,
    0.02836096041757509,
    0.027471045478220994,
    0.023733912185965992,
    0.033752994218005615,
    0.03211160160483636,
    0.025741936149354154,
    0.019661327648829566,
    0.028562013149069986,
    0.025032418053249055,
    0.035024136506134174,
    0.02634356662230653,
    0.030417405533447652,
    0.032842255281240934,
    0.02725176035239422,
    0.025672232323091165,
    0.03166093475133111,
    0.032328672387210704,
    0.030277631198769767,
    0.031752097270251294,
    0.027620164859195665,
    0.02771895382527227,
    0.027601039816111884,
    0.02875806787486458,
    0.027277747053809673,
    0.03045824784829029,
    0.028906053898281582,
    0.03196558385878523,
    0.02759855677630474,
    0.025966252342288634,
    0.034223939383524325,
    0.030735591526587155
  ],
  "sym": [
    0.02003915596178898,
    0.005380667784146825,
    0.003160702863220717,
    0.0023002188264340095,
    0.0021010468788466756,
    0.0016424684582939633,
    0.0015974127030365657,
    0.0018525334006005672,
    0.0012567009756158795,
    0.0011791478012629707,
    0.0016096032637489142,
    0.0014385368283859794,
    0.001224051202999898,
    0.0009126643504442595,
    0.000904857985311945,
    0.001092217255369586,
    0.0015582615097823648,
    0.0009799832052488106,
    0.0008723100421027602,
    0.0008723114975662815,
    0.0012916434836676171,
    0.0009823305503504404,
    0.0008940335332413822,
    0.001741962859469083,
    0.0008124598397418561,
    0.0010431319685700723,
    0.0010646199332887446,
    0.0009216788272067652,
    0.0012021210919369325,
    0.0011533142111555751,
    0.0007911026131015741,
    0.0008506020748657043,
    0.0007087775347912118,
    0.0017294682815037754,
    0.0006599486038463069,
    0.0006678137789120262,
    0.0008536841449432214,
    0.0009480286244070157,
    0.000787761262166488,
    0.000872823931497117,
    0.0007029776666781247,
    0.0006553529012783988,
    0.0013684697789749323,
    0.0008292254627623517,
    0.0011509989233791968,
    0.0007241656319684323,
    0.0007301823786301016,
    0.0005956841979521788,
    0.0007255311537056369,
    0.0006991652880629925,
    0.0013003048501151536,
    0.000551547707443639,
    0.0005589168137711881,
    0.0008478143355655745,
    0.0013428530419162675
  ],
  "neg": [
    0.01863329551208799,
    0.005395751370325963,
    0.0032163999640713575,
    0.002188817493002274,
    0.002148261961320994,
    0.00184071713269179,
    0.002021196124766231,
    0.0021068506641449434,
    0.0016956988253364683,
    0.0016581329050453196,
    0.002081746887487047,
    0.0020936669207683428,
    0.0017842596711506022,
    0.0015281088868913319,
    0.0017041779801814717,
    0.0017347771927149135,
    0.001856725477528781,
    0.0016508336362829345,
    0.001582143246774207,
    0.0016754513102756035,
    0.0015967072955798902,
    0.001817687534061848,
    0.001631012331808196,
    0.0020093042893396694,
    0.0015863363014007254,
    0.0013887736649764104,
    0.0015199777292160843,
    0.0017674252024666645,
    0.0018762407813041153,
    0.0015661005301094476,
    0.0012094604209999479,
    0.001637084122704207,
    0.001559768797705716,
    0.002061135519618793,
    0.001646189707222968,
    0.001602545425948082,
    0.0018562610255804285,
    0.0017399898879120544,
    0.0015199358871728335,
    0.001766962216989269,
    0.0016051852993955989,
    0.0016275179993932975,
    0.0017570104481985475,
    0.0015025292182612264,
    0.0016694181681784451,
    0.0016321659166215312,
    0.0016704191371288383,
    0.0015548123108125433,
    0.0017159823130292761,
    0.0014041292501490283,
    0.001744593469759812,
    0.0015525936811495867,
    0.0015352862796577011,
    0.0017140088285512354,
    0.0017232270870833682
  ],
  "compliance_epochs": [
    0,
    5,
    10,
    15,
    20,
    25,
    30,
    35,
    40,
    45,
    50
  ],
  "pct_negative": [
    0.0,
    0.0,
    0.0,
    0.0,
    0.0,
    0.0,
    0.0,
    0.0,
    0.0,
    0.0,
    0.0
  ],