{
  "epochs": [
    0
  ],
  "loss": [
    0.14217492262615222
  ],
  "val_loss": [
    0.19258473254740238
  ],
  "mse": [
    0.09918367227313117
  ],
  "sym": [
    0.021936163922040678
  ],
  "neg": [
    0.021055087290495357
  ],
  "compliance_epochs": [],
  "pct_negative": [],
  "sym_score": []
}