CUDA Memory Cleared. Current VRAM Usage: 0.00 MB
On device cuda
Getting data loader crumb_fits
Loaded FITS stats: noise_rms=0.000324, peak_log=4.066700
Loaded FITS stats: noise_rms=0.000324, peak_log=4.066700
Total unique classes found: 2
Label IDs: [0, 1]
Total images in dataset: 1789
Total batches: 157 (at batch size 8)

============================================================
Run 1/5  |  seed=42  |  tag=eval_fits_bs8_seed42  |  results -> results/classification/20260928_205651_eval_fits_bs8_13889488_seed42
============================================================

Training classification for 300 epochs
Epoch 0
Epoch 0, Training Loss: 0.7168, Validation Loss: 0.6826 (best)
--- Saved model to checkpoints/classification/eval_fits_bs8_seed42/state.pt ---
Epoch 1
Epoch 1, Training Loss: 0.6853, Validation Loss: 0.6735 (best)
--- Saved model to checkpoints/classification/eval_fits_bs8_seed42/state.pt ---
Epoch 2
Epoch 2, Training Loss: 0.6694, Validation Loss: 0.6421 (best)
--- Saved model to checkpoints/classification/eval_fits_bs8_seed42/state.pt ---
Epoch 3
Epoch 3, Training Loss: 0.6598, Validation Loss: 0.6516
--- Saved model to checkpoints/classification/eval_fits_bs8_seed42/state.pt ---
Epoch 4
Epoch 4, Training Loss: 0.6501, Validation Loss: 0.6518
--- Saved model to checkpoints/classification/eval_fits_bs8_seed42/state.pt ---
Epoch 5
Epoch 5, Training Loss: 0.6483, Validation Loss: 0.6674
--- Saved model to checkpoints/classification/eval_fits_bs8_seed42/state.pt ---
Epoch 6
Epoch 6, Training Loss: 0.6363, Validation Loss: 0.6240 (best)
--- Saved model to checkpoints/classification/eval_fits_bs8_seed42/state.pt ---
Epoch 7
Epoch 7, Training Loss: 0.6384, Validation Loss: 0.6637
--- Saved model to checkpoints/classification/eval_fits_bs8_seed42/state.pt ---
Epoch 8
Epoch 8, Training Loss: 0.6341, Validation Loss: 0.6170 (best)
--- Saved model to checkpoints/classification/eval_fits_bs8_seed42/state.pt ---
Epoch 9
Epoch 9, Training Loss: 0.6310, Validation Loss: 0.6706
--- Saved model to checkpoints/classification/eval_fits_bs8_seed42/state.pt ---
Epoch 10
Epoch 10, Training Loss: 0.6272, Validation Loss: 0.6630
--- Saved model to checkpoints/classification/eval_fits_bs8_seed42/state.pt ---
Epoch 11
Epoch 11, Training Loss: 0.6212, Validation Loss: 0.6342
--- Saved model to checkpoints/classification/eval_fits_bs8_seed42/state.pt ---
Epoch 12
Epoch 12, Training Loss: 0.6175, Validation Loss: 0.6025 (best)
--- Saved model to checkpoints/classification/eval_fits_bs8_seed42/state.pt ---
Epoch 13
Epoch 13, Training Loss: 0.6098, Validation Loss: 0.5824 (best)
--- Saved model to checkpoints/classification/eval_fits_bs8_seed42/state.pt ---
Epoch 14
Epoch 14, Training Loss: 0.6071, Validation Loss: 0.5963
--- Saved model to checkpoints/classification/eval_fits_bs8_seed42/state.pt ---
Epoch 15
Epoch 15, Training Loss: 0.6048, Validation Loss: 0.6012
--- Saved model to checkpoints/classification/eval_fits_bs8_seed42/state.pt ---
Epoch 16
Epoch 16, Training Loss: 0.6048, Validation Loss: 0.6177
--- Saved model to checkpoints/classification/eval_fits_bs8_seed42/state.pt ---
Epoch 17
Epoch 17, Training Loss: 0.6017, Validation Loss: 0.5969
--- Saved model to checkpoints/classification/eval_fits_bs8_seed42/state.pt ---
Epoch 18
Epoch 18, Training Loss: 0.5932, Validation Loss: 0.5616 (best)
--- Saved model to checkpoints/classification/eval_fits_bs8_seed42/state.pt ---
Epoch 19
Epoch 19, Training Loss: 0.5990, Validation Loss: 0.5847
--- Saved model to checkpoints/classification/eval_fits_bs8_seed42/state.pt ---
Epoch 20
Epoch 20, Training Loss: 0.5876, Validation Loss: 0.5537 (best)
--- Saved model to checkpoints/classification/eval_fits_bs8_seed42/state.pt ---
Epoch 21
Epoch 21, Training Loss: 0.5847, Validation Loss: 0.5799
--- Saved model to checkpoints/classification/eval_fits_bs8_seed42/state.pt ---
Epoch 22
Epoch 22, Training Loss: 0.5874, Validation Loss: 0.5662
--- Saved model to checkpoints/classification/eval_fits_bs8_seed42/state.pt ---
Epoch 23
Epoch 23, Training Loss: 0.5960, Validation Loss: 0.5684
--- Saved model to checkpoints/classification/eval_fits_bs8_seed42/state.pt ---
Epoch 24
Epoch 24, Training Loss: 0.5819, Validation Loss: 0.5561
--- Saved model to checkpoints/classification/eval_fits_bs8_seed42/state.pt ---
Epoch 25
Epoch 25, Training Loss: 0.5838, Validation Loss: 0.5729
--- Saved model to checkpoints/classification/eval_fits_bs8_seed42/state.pt ---
Epoch 26
Epoch 26, Training Loss: 0.5739, Validation Loss: 0.5488 (best)
--- Saved model to checkpoints/classification/eval_fits_bs8_seed42/state.pt ---
Epoch 27
Epoch 27, Training Loss: 0.5945, Validation Loss: 0.5735
--- Saved model to checkpoints/classification/eval_fits_bs8_seed42/state.pt ---
Epoch 28
Epoch 28, Training Loss: 0.5771, Validation Loss: 0.5391 (best)
--- Saved model to checkpoints/classification/eval_fits_bs8_seed42/state.pt ---
Epoch 29
Epoch 29, Training Loss: 0.5845, Validation Loss: 0.5379 (best)
--- Saved model to checkpoints/classification/eval_fits_bs8_seed42/state.pt ---
Epoch 30
Epoch 30, Training Loss: 0.5734, Validation Loss: 0.5496
--- Saved model to checkpoints/classification/eval_fits_bs8_seed42/state.pt ---
Epoch 31
Epoch 31, Training Loss: 0.5835, Validation Loss: 0.6526
--- Saved model to checkpoints/classification/eval_fits_bs8_seed42/state.pt ---
Epoch 32
Epoch 32, Training Loss: 0.5779, Validation Loss: 0.5614
--- Saved model to checkpoints/classification/eval_fits_bs8_seed42/state.pt ---
Epoch 33
Epoch 33, Training Loss: 0.5835, Validation Loss: 0.5703
--- Saved model to checkpoints/classification/eval_fits_bs8_seed42/state.pt ---
Epoch 34
Epoch 34, Training Loss: 0.5742, Validation Loss: 0.5409
--- Saved model to checkpoints/classification/eval_fits_bs8_seed42/state.pt ---
Epoch 35
Epoch 35, Training Loss: 0.5749, Validation Loss: 0.5589
--- Saved model to checkpoints/classification/eval_fits_bs8_seed42/state.pt ---
Epoch 36
Epoch 36, Training Loss: 0.5717, Validation Loss: 0.5634
--- Saved model to checkpoints/classification/eval_fits_bs8_seed42/state.pt ---
Epoch 37
Epoch 37, Training Loss: 0.5716, Validation Loss: 0.5409
--- Saved model to checkpoints/classification/eval_fits_bs8_seed42/state.pt ---
Epoch 38
Epoch 38, Training Loss: 0.5661, Validation Loss: 0.5428
--- Saved model to checkpoints/classification/eval_fits_bs8_seed42/state.pt ---
Epoch 39
Epoch 39, Training Loss: 0.5672, Validation Loss: 0.5584
--- Saved model to checkpoints/classification/eval_fits_bs8_seed42/state.pt ---
Epoch 40
Epoch 40, Training Loss: 0.5836, Validation Loss: 0.5842
--- Saved model to checkpoints/classification/eval_fits_bs8_seed42/state.pt ---
Epoch 41
Epoch 41, Training Loss: 0.5723, Validation Loss: 0.5502
--- Saved model to checkpoints/classification/eval_fits_bs8_seed42/state.pt ---
Epoch 42
Epoch 42, Training Loss: 0.5716, Validation Loss: 0.5815
--- Saved model to checkpoints/classification/eval_fits_bs8_seed42/state.pt ---
Epoch 43
Epoch 43, Training Loss: 0.5689, Validation Loss: 0.5739
--- Saved model to checkpoints/classification/eval_fits_bs8_seed42/state.pt ---
Epoch 44
Epoch 44, Training Loss: 0.5638, Validation Loss: 0.5863
--- Saved model to checkpoints/classification/eval_fits_bs8_seed42/state.pt ---
Epoch 45
Epoch 45, Training Loss: 0.5680, Validation Loss: 0.5506
--- Saved model to checkpoints/classification/eval_fits_bs8_seed42/state.pt ---
Epoch 46
Epoch 46, Training Loss: 0.5659, Validation Loss: 0.5376 (best)
--- Saved model to checkpoints/classification/eval_fits_bs8_seed42/state.pt ---
Epoch 47
Epoch 47, Training Loss: 0.5663, Validation Loss: 0.5410
--- Saved model to checkpoints/classification/eval_fits_bs8_seed42/state.pt ---
Epoch 48
Epoch 48, Training Loss: 0.5660, Validation Loss: 0.5965
--- Saved model to checkpoints/classification/eval_fits_bs8_seed42/state.pt ---
Epoch 49
Epoch 49, Training Loss: 0.5722, Validation Loss: 0.5475
--- Saved model to checkpoints/classification/eval_fits_bs8_seed42/state.pt ---
Epoch 50
Epoch 50, Training Loss: 0.5644, Validation Loss: 0.6066
--- Saved model to checkpoints/classification/eval_fits_bs8_seed42/state.pt ---
Epoch 51
Epoch 51, Training Loss: 0.5731, Validation Loss: 0.6015
--- Saved model to checkpoints/classification/eval_fits_bs8_seed42/state.pt ---
Epoch 52
Epoch 52, Training Loss: 0.5635, Validation Loss: 0.5818
--- Saved model to checkpoints/classification/eval_fits_bs8_seed42/state.pt ---
Epoch 53
Epoch 53, Training Loss: 0.5626, Validation Loss: 0.5648
--- Saved model to checkpoints/classification/eval_fits_bs8_seed42/state.pt ---
Epoch 54
Epoch 54, Training Loss: 0.5710, Validation Loss: 0.6091
--- Saved model to checkpoints/classification/eval_fits_bs8_seed42/state.pt ---
Epoch 55
Epoch 55, Training Loss: 0.5497, Validation Loss: 0.5623
--- Saved model to checkpoints/classification/eval_fits_bs8_seed42/state.pt ---
Epoch 56
Epoch 56, Training Loss: 0.5575, Validation Loss: 0.5412
--- Saved model to checkpoints/classification/eval_fits_bs8_seed42/state.pt ---
Epoch 57
Epoch 57, Training Loss: 0.5593, Validation Loss: 0.6126
--- Saved model to checkpoints/classification/eval_fits_bs8_seed42/state.pt ---
Epoch 58
Epoch 58, Training Loss: 0.5595, Validation Loss: 0.5376
--- Saved model to checkpoints/classification/eval_fits_bs8_seed42/state.pt ---
Epoch 59
Epoch 59, Training Loss: 0.5530, Validation Loss: 0.5793
--- Saved model to checkpoints/classification/eval_fits_bs8_seed42/state.pt ---
Epoch 60
Epoch 60, Training Loss: 0.5527, Validation Loss: 0.5996
--- Saved model to checkpoints/classification/eval_fits_bs8_seed42/state.pt ---
Epoch 61
Epoch 61, Training Loss: 0.5543, Validation Loss: 0.6429
--- Saved model to checkpoints/classification/eval_fits_bs8_seed42/state.pt ---
Epoch 62
Epoch 62, Training Loss: 0.5572, Validation Loss: 0.5917
--- Saved model to checkpoints/classification/eval_fits_bs8_seed42/state.pt ---
Epoch 63
Epoch 63, Training Loss: 0.5502, Validation Loss: 0.5916
--- Saved model to checkpoints/classification/eval_fits_bs8_seed42/state.pt ---
Epoch 64
Epoch 64, Training Loss: 0.5556, Validation Loss: 0.5825
--- Saved model to checkpoints/classification/eval_fits_bs8_seed42/state.pt ---
Epoch 65
Epoch 65, Training Loss: 0.5491, Validation Loss: 0.5863
--- Saved model to checkpoints/classification/eval_fits_bs8_seed42/state.pt ---
Epoch 66
Epoch 66, Training Loss: 0.5488, Validation Loss: 0.5800
--- Saved model to checkpoints/classification/eval_fits_bs8_seed42/state.pt ---
Epoch 67
Epoch 67, Training Loss: 0.5456, Validation Loss: 0.5646
--- Saved model to checkpoints/classification/eval_fits_bs8_seed42/state.pt ---
Epoch 68
Epoch 68, Training Loss: 0.5590, Validation Loss: 0.6167
--- Saved model to checkpoints/classification/eval_fits_bs8_seed42/state.pt ---
Epoch 69
Epoch 69, Training Loss: 0.5507, Validation Loss: 0.6097
--- Saved model to checkpoints/classification/eval_fits_bs8_seed42/state.pt ---
Epoch 70
Epoch 70, Training Loss: 0.5471, Validation Loss: 0.6141
--- Saved model to checkpoints/classification/eval_fits_bs8_seed42/state.pt ---
Epoch 71
Epoch 71, Training Loss: 0.5481, Validation Loss: 0.5852
--- Saved model to checkpoints/classification/eval_fits_bs8_seed42/state.pt ---
Epoch 72
Epoch 72, Training Loss: 0.5532, Validation Loss: 0.5362 (best)
--- Saved model to checkpoints/classification/eval_fits_bs8_seed42/state.pt ---
Epoch 73
Epoch 73, Training Loss: 0.5351, Validation Loss: 0.5786
--- Saved model to checkpoints/classification/eval_fits_bs8_seed42/state.pt ---
Epoch 74
Epoch 74, Training Loss: 0.5488, Validation Loss: 0.6006
--- Saved model to checkpoints/classification/eval_fits_bs8_seed42/state.pt ---
Epoch 75
Epoch 75, Training Loss: 0.5533, Validation Loss: 0.5748
--- Saved model to checkpoints/classification/eval_fits_bs8_seed42/state.pt ---
Epoch 76
Epoch 76, Training Loss: 0.5391, Validation Loss: 0.5746
--- Saved model to checkpoints/classification/eval_fits_bs8_seed42/state.pt ---
Epoch 77
Epoch 77, Training Loss: 0.5504, Validation Loss: 0.5640
--- Saved model to checkpoints/classification/eval_fits_bs8_seed42/state.pt ---
Epoch 78
Epoch 78, Training Loss: 0.5314, Validation Loss: 0.5612
--- Saved model to checkpoints/classification/eval_fits_bs8_seed42/state.pt ---
Epoch 79
Epoch 79, Training Loss: 0.5417, Validation Loss: 0.5631
--- Saved model to checkpoints/classification/eval_fits_bs8_seed42/state.pt ---
Epoch 80
Epoch 80, Training Loss: 0.5422, Validation Loss: 0.5493
--- Saved model to checkpoints/classification/eval_fits_bs8_seed42/state.pt ---
Epoch 81
Epoch 81, Training Loss: 0.5550, Validation Loss: 0.5652
--- Saved model to checkpoints/classification/eval_fits_bs8_seed42/state.pt ---
Epoch 82
Epoch 82, Training Loss: 0.5394, Validation Loss: 0.5592
--- Saved model to checkpoints/classification/eval_fits_bs8_seed42/state.pt ---
Epoch 83
Epoch 83, Training Loss: 0.5470, Validation Loss: 0.5690
--- Saved model to checkpoints/classification/eval_fits_bs8_seed42/state.pt ---
Epoch 84
Epoch 84, Training Loss: 0.5377, Validation Loss: 0.5596
--- Saved model to checkpoints/classification/eval_fits_bs8_seed42/state.pt ---
Epoch 85
Epoch 85, Training Loss: 0.5351, Validation Loss: 0.5727
--- Saved model to checkpoints/classification/eval_fits_bs8_seed42/state.pt ---
Epoch 86
Epoch 86, Training Loss: 0.5439, Validation Loss: 0.5427
--- Saved model to checkpoints/classification/eval_fits_bs8_seed42/state.pt ---
Epoch 87
Epoch 87, Training Loss: 0.5282, Validation Loss: 0.5748
--- Saved model to checkpoints/classification/eval_fits_bs8_seed42/state.pt ---
Epoch 88
Epoch 88, Training Loss: 0.5280, Validation Loss: 0.5531
--- Saved model to checkpoints/classification/eval_fits_bs8_seed42/state.pt ---
Epoch 89
Epoch 89, Training Loss: 0.5476, Validation Loss: 0.5624
--- Saved model to checkpoints/classification/eval_fits_bs8_seed42/state.pt ---
Epoch 90
Epoch 90, Training Loss: 0.5303, Validation Loss: 0.5399
--- Saved model to checkpoints/classification/eval_fits_bs8_seed42/state.pt ---
Epoch 91
Epoch 91, Training Loss: 0.5378, Validation Loss: 0.5500
--- Saved model to checkpoints/classification/eval_fits_bs8_seed42/state.pt ---
Epoch 92
Epoch 92, Training Loss: 0.5329, Validation Loss: 0.5745
--- Saved model to checkpoints/classification/eval_fits_bs8_seed42/state.pt ---
Epoch 93
Epoch 93, Training Loss: 0.5472, Validation Loss: 0.5390
--- Saved model to checkpoints/classification/eval_fits_bs8_seed42/state.pt ---
Epoch 94
Epoch 94, Training Loss: 0.5394, Validation Loss: 0.5834
--- Saved model to checkpoints/classification/eval_fits_bs8_seed42/state.pt ---
Epoch 95
Epoch 95, Training Loss: 0.5304, Validation Loss: 0.5317 (best)
--- Saved model to checkpoints/classification/eval_fits_bs8_seed42/state.pt ---
Epoch 96
Epoch 96, Training Loss: 0.5337, Validation Loss: 0.5339
--- Saved model to checkpoints/classification/eval_fits_bs8_seed42/state.pt ---
Epoch 97
Epoch 97, Training Loss: 0.5285, Validation Loss: 0.5585
--- Saved model to checkpoints/classification/eval_fits_bs8_seed42/state.pt ---
Epoch 98
Epoch 98, Training Loss: 0.5262, Validation Loss: 0.5472
--- Saved model to checkpoints/classification/eval_fits_bs8_seed42/state.pt ---
Epoch 99
Epoch 99, Training Loss: 0.5250, Validation Loss: 0.5162 (best)
--- Saved model to checkpoints/classification/eval_fits_bs8_seed42/state.pt ---
Epoch 100
Epoch 100, Training Loss: 0.5272, Validation Loss: 0.5067 (best)
--- Saved model to checkpoints/classification/eval_fits_bs8_seed42/state.pt ---
Epoch 101
Epoch 101, Training Loss: 0.5320, Validation Loss: 0.5365
--- Saved model to checkpoints/classification/eval_fits_bs8_seed42/state.pt ---
Epoch 102
Epoch 102, Training Loss: 0.5251, Validation Loss: 0.5681
--- Saved model to checkpoints/classification/eval_fits_bs8_seed42/state.pt ---
Epoch 103
Epoch 103, Training Loss: 0.5251, Validation Loss: 0.5615
--- Saved model to checkpoints/classification/eval_fits_bs8_seed42/state.pt ---
Epoch 104
Epoch 104, Training Loss: 0.5262, Validation Loss: 0.5512
--- Saved model to checkpoints/classification/eval_fits_bs8_seed42/state.pt ---
Epoch 105
Epoch 105, Training Loss: 0.5231, Validation Loss: 0.5234
--- Saved model to checkpoints/classification/eval_fits_bs8_seed42/state.pt ---
Epoch 106
Epoch 106, Training Loss: 0.5271, Validation Loss: 0.5171
--- Saved model to checkpoints/classification/eval_fits_bs8_seed42/state.pt ---
Epoch 107
Epoch 107, Training Loss: 0.5191, Validation Loss: 0.5695
--- Saved model to checkpoints/classification/eval_fits_bs8_seed42/state.pt ---
Epoch 108
Epoch 108, Training Loss: 0.5383, Validation Loss: 0.5615
--- Saved model to checkpoints/classification/eval_fits_bs8_seed42/state.pt ---
Epoch 109
Epoch 109, Training Loss: 0.5182, Validation Loss: 0.5646
--- Saved model to checkpoints/classification/eval_fits_bs8_seed42/state.pt ---
Epoch 110
Epoch 110, Training Loss: 0.5200, Validation Loss: 0.5549
--- Saved model to checkpoints/classification/eval_fits_bs8_seed42/state.pt ---
Epoch 111
Epoch 111, Training Loss: 0.5047, Validation Loss: 0.5408
--- Saved model to checkpoints/classification/eval_fits_bs8_seed42/state.pt ---
Epoch 112
Epoch 112, Training Loss: 0.5099, Validation Loss: 0.5186
--- Saved model to checkpoints/classification/eval_fits_bs8_seed42/state.pt ---
Epoch 113
Epoch 113, Training Loss: 0.5168, Validation Loss: 0.5566
--- Saved model to checkpoints/classification/eval_fits_bs8_seed42/state.pt ---
Epoch 114
Epoch 114, Training Loss: 0.5097, Validation Loss: 0.5239
--- Saved model to checkpoints/classification/eval_fits_bs8_seed42/state.pt ---
Epoch 115
Epoch 115, Training Loss: 0.5097, Validation Loss: 0.5065 (best)
--- Saved model to checkpoints/classification/eval_fits_bs8_seed42/state.pt ---
Epoch 116
Epoch 116, Training Loss: 0.5105, Validation Loss: 0.5677
--- Saved model to checkpoints/classification/eval_fits_bs8_seed42/state.pt ---
Epoch 117
Epoch 117, Training Loss: 0.5169, Validation Loss: 0.5382
--- Saved model to checkpoints/classification/eval_fits_bs8_seed42/state.pt ---
Epoch 118
Epoch 118, Training Loss: 0.5121, Validation Loss: 0.5051 (best)
--- Saved model to checkpoints/classification/eval_fits_bs8_seed42/state.pt ---
Epoch 119
Epoch 119, Training Loss: 0.5059, Validation Loss: 0.5107
--- Saved model to checkpoints/classification/eval_fits_bs8_seed42/state.pt ---
Epoch 120
Epoch 120, Training Loss: 0.5004, Validation Loss: 0.5175
--- Saved model to checkpoints/classification/eval_fits_bs8_seed42/state.pt ---
Epoch 121
Epoch 121, Training Loss: 0.5113, Validation Loss: 0.5118
--- Saved model to checkpoints/classification/eval_fits_bs8_seed42/state.pt ---
Epoch 122
Epoch 122, Training Loss: 0.4932, Validation Loss: 0.5433
--- Saved model to checkpoints/classification/eval_fits_bs8_seed42/state.pt ---
Epoch 123
Epoch 123, Training Loss: 0.5051, Validation Loss: 0.5240
--- Saved model to checkpoints/classification/eval_fits_bs8_seed42/state.pt ---
Epoch 124
Epoch 124, Training Loss: 0.5050, Validation Loss: 0.5646
--- Saved model to checkpoints/classification/eval_fits_bs8_seed42/state.pt ---
Epoch 125
Epoch 125, Training Loss: 0.5287, Validation Loss: 0.5464
--- Saved model to checkpoints/classification/eval_fits_bs8_seed42/state.pt ---
Epoch 126
Epoch 126, Training Loss: 0.4967, Validation Loss: 0.5690
--- Saved model to checkpoints/classification/eval_fits_bs8_seed42/state.pt ---
Epoch 127
Epoch 127, Training Loss: 0.5197, Validation Loss: 0.5223
--- Saved model to checkpoints/classification/eval_fits_bs8_seed42/state.pt ---
Epoch 128
Epoch 128, Training Loss: 0.5043, Validation Loss: 0.5538
--- Saved model to checkpoints/classification/eval_fits_bs8_seed42/state.pt ---
Epoch 129
Epoch 129, Training Loss: 0.4936, Validation Loss: 0.5421
--- Saved model to checkpoints/classification/eval_fits_bs8_seed42/state.pt ---
Epoch 130
Epoch 130, Training Loss: 0.5054, Validation Loss: 0.5326
--- Saved model to checkpoints/classification/eval_fits_bs8_seed42/state.pt ---
Epoch 131
Epoch 131, Training Loss: 0.4993, Validation Loss: 0.6511
--- Saved model to checkpoints/classification/eval_fits_bs8_seed42/state.pt ---
Epoch 132
Epoch 132, Training Loss: 0.5085, Validation Loss: 0.5473
--- Saved model to checkpoints/classification/eval_fits_bs8_seed42/state.pt ---
Epoch 133
Epoch 133, Training Loss: 0.5086, Validation Loss: 0.5356
--- Saved model to checkpoints/classification/eval_fits_bs8_seed42/state.pt ---
Epoch 134
Epoch 134, Training Loss: 0.4909, Validation Loss: 0.5631
--- Saved model to checkpoints/classification/eval_fits_bs8_seed42/state.pt ---
Epoch 135
Epoch 135, Training Loss: 0.5098, Validation Loss: 0.5375
--- Saved model to checkpoints/classification/eval_fits_bs8_seed42/state.pt ---
Epoch 136
Epoch 136, Training Loss: 0.4983, Validation Loss: 0.5601
--- Saved model to checkpoints/classification/eval_fits_bs8_seed42/state.pt ---
Epoch 137
Epoch 137, Training Loss: 0.4951, Validation Loss: 0.5973
--- Saved model to checkpoints/classification/eval_fits_bs8_seed42/state.pt ---
Epoch 138
Epoch 138, Training Loss: 0.4971, Validation Loss: 0.5833
--- Saved model to checkpoints/classification/eval_fits_bs8_seed42/state.pt ---
Epoch 139
Epoch 139, Training Loss: 0.5075, Validation Loss: 0.5405
--- Saved model to checkpoints/classification/eval_fits_bs8_seed42/state.pt ---
Epoch 140
Epoch 140, Training Loss: 0.5133, Validation Loss: 0.5547
--- Saved model to checkpoints/classification/eval_fits_bs8_seed42/state.pt ---
Epoch 141
Epoch 141, Training Loss: 0.4750, Validation Loss: 0.5499
--- Saved model to checkpoints/classification/eval_fits_bs8_seed42/state.pt ---
Epoch 142
Epoch 142, Training Loss: 0.4793, Validation Loss: 0.5495
--- Saved model to checkpoints/classification/eval_fits_bs8_seed42/state.pt ---
Epoch 143
Epoch 143, Training Loss: 0.4823, Validation Loss: 0.5365
--- Saved model to checkpoints/classification/eval_fits_bs8_seed42/state.pt ---
Epoch 144
Epoch 144, Training Loss: 0.4973, Validation Loss: 0.5446
--- Saved model to checkpoints/classification/eval_fits_bs8_seed42/state.pt ---
Epoch 145
Epoch 145, Training Loss: 0.4916, Validation Loss: 0.5441
--- Saved model to checkpoints/classification/eval_fits_bs8_seed42/state.pt ---
Epoch 146
Epoch 146, Training Loss: 0.4884, Validation Loss: 0.5370
--- Saved model to checkpoints/classification/eval_fits_bs8_seed42/state.pt ---
Epoch 147
Epoch 147, Training Loss: 0.4906, Validation Loss: 0.5441
--- Saved model to checkpoints/classification/eval_fits_bs8_seed42/state.pt ---
Epoch 148
Epoch 148, Training Loss: 0.4824, Validation Loss: 0.6004
--- Saved model to checkpoints/classification/eval_fits_bs8_seed42/state.pt ---
Epoch 149
Epoch 149, Training Loss: 0.4831, Validation Loss: 0.5460
--- Saved model to checkpoints/classification/eval_fits_bs8_seed42/state.pt ---
Epoch 150
Epoch 150, Training Loss: 0.4718, Validation Loss: 0.5678
--- Saved model to checkpoints/classification/eval_fits_bs8_seed42/state.pt ---
Epoch 151
Epoch 151, Training Loss: 0.4795, Validation Loss: 0.5680
--- Saved model to checkpoints/classification/eval_fits_bs8_seed42/state.pt ---
Epoch 152
Epoch 152, Training Loss: 0.4730, Validation Loss: 0.5923
--- Saved model to checkpoints/classification/eval_fits_bs8_seed42/state.pt ---
Epoch 153
Epoch 153, Training Loss: 0.4720, Validation Loss: 0.5314
--- Saved model to checkpoints/classification/eval_fits_bs8_seed42/state.pt ---
Epoch 154
Epoch 154, Training Loss: 0.4816, Validation Loss: 0.5593
--- Saved model to checkpoints/classification/eval_fits_bs8_seed42/state.pt ---
Epoch 155
Epoch 155, Training Loss: 0.4715, Validation Loss: 0.5680
--- Saved model to checkpoints/classification/eval_fits_bs8_seed42/state.pt ---
Epoch 156
Epoch 156, Training Loss: 0.4709, Validation Loss: 0.5680
--- Saved model to checkpoints/classification/eval_fits_bs8_seed42/state.pt ---
Epoch 157
Epoch 157, Training Loss: 0.4724, Validation Loss: 0.6493
--- Saved model to checkpoints/classification/eval_fits_bs8_seed42/state.pt ---
Epoch 158
Epoch 158, Training Loss: 0.4869, Validation Loss: 0.5373
--- Saved model to checkpoints/classification/eval_fits_bs8_seed42/state.pt ---
Epoch 159
Epoch 159, Training Loss: 0.4807, Validation Loss: 0.5403
--- Saved model to checkpoints/classification/eval_fits_bs8_seed42/state.pt ---
Epoch 160
Epoch 160, Training Loss: 0.4827, Validation Loss: 0.5535
--- Saved model to checkpoints/classification/eval_fits_bs8_seed42/state.pt ---
Epoch 161
Epoch 161, Training Loss: 0.4813, Validation Loss: 0.5771
--- Saved model to checkpoints/classification/eval_fits_bs8_seed42/state.pt ---
Epoch 162
Epoch 162, Training Loss: 0.4817, Validation Loss: 0.5690
--- Saved model to checkpoints/classification/eval_fits_bs8_seed42/state.pt ---
Epoch 163
Epoch 163, Training Loss: 0.4885, Validation Loss: 0.5823
--- Saved model to checkpoints/classification/eval_fits_bs8_seed42/state.pt ---
Epoch 164
Epoch 164, Training Loss: 0.4598, Validation Loss: 0.5440
--- Saved model to checkpoints/classification/eval_fits_bs8_seed42/state.pt ---
Epoch 165
Epoch 165, Training Loss: 0.4636, Validation Loss: 0.5511
--- Saved model to checkpoints/classification/eval_fits_bs8_seed42/state.pt ---
Epoch 166
Epoch 166, Training Loss: 0.4755, Validation Loss: 0.5362
--- Saved model to checkpoints/classification/eval_fits_bs8_seed42/state.pt ---
Epoch 167
Epoch 167, Training Loss: 0.4587, Validation Loss: 0.5432
--- Saved model to checkpoints/classification/eval_fits_bs8_seed42/state.pt ---
Epoch 168
Epoch 168, Training Loss: 0.4625, Validation Loss: 0.5201
--- Saved model to checkpoints/classification/eval_fits_bs8_seed42/state.pt ---
Epoch 169
Epoch 169, Training Loss: 0.4691, Validation Loss: 0.5426
--- Saved model to checkpoints/classification/eval_fits_bs8_seed42/state.pt ---
Epoch 170
Epoch 170, Training Loss: 0.4719, Validation Loss: 0.5484
--- Saved model to checkpoints/classification/eval_fits_bs8_seed42/state.pt ---
Epoch 171
Epoch 171, Training Loss: 0.4652, Validation Loss: 0.5253
--- Saved model to checkpoints/classification/eval_fits_bs8_seed42/state.pt ---
Epoch 172
Epoch 172, Training Loss: 0.4644, Validation Loss: 0.5872
--- Saved model to checkpoints/classification/eval_fits_bs8_seed42/state.pt ---
Epoch 173
Epoch 173, Training Loss: 0.4701, Validation Loss: 0.5578
--- Saved model to checkpoints/classification/eval_fits_bs8_seed42/state.pt ---
Epoch 174
Epoch 174, Training Loss: 0.4658, Validation Loss: 0.5473
--- Saved model to checkpoints/classification/eval_fits_bs8_seed42/state.pt ---
Epoch 175
Epoch 175, Training Loss: 0.4598, Validation Loss: 0.5461
--- Saved model to checkpoints/classification/eval_fits_bs8_seed42/state.pt ---
Epoch 176
Epoch 176, Training Loss: 0.4520, Validation Loss: 0.5373
--- Saved model to checkpoints/classification/eval_fits_bs8_seed42/state.pt ---
Epoch 177
Epoch 177, Training Loss: 0.4602, Validation Loss: 0.6520
--- Saved model to checkpoints/classification/eval_fits_bs8_seed42/state.pt ---
Epoch 178
Epoch 178, Training Loss: 0.4567, Validation Loss: 0.5501
--- Saved model to checkpoints/classification/eval_fits_bs8_seed42/state.pt ---
Epoch 179
Epoch 179, Training Loss: 0.4547, Validation Loss: 0.5582
--- Saved model to checkpoints/classification/eval_fits_bs8_seed42/state.pt ---
Epoch 180
Epoch 180, Training Loss: 0.4591, Validation Loss: 0.6126
--- Saved model to checkpoints/classification/eval_fits_bs8_seed42/state.pt ---
Epoch 181
Epoch 181, Training Loss: 0.4519, Validation Loss: 0.5398
--- Saved model to checkpoints/classification/eval_fits_bs8_seed42/state.pt ---
Epoch 182
Epoch 182, Training Loss: 0.4469, Validation Loss: 0.5253
--- Saved model to checkpoints/classification/eval_fits_bs8_seed42/state.pt ---
Epoch 183
Epoch 183, Training Loss: 0.4359, Validation Loss: 0.5450
--- Saved model to checkpoints/classification/eval_fits_bs8_seed42/state.pt ---
Epoch 184
Epoch 184, Training Loss: 0.4518, Validation Loss: 0.6061
--- Saved model to checkpoints/classification/eval_fits_bs8_seed42/state.pt ---
Epoch 185
Epoch 185, Training Loss: 0.4566, Validation Loss: 0.5507
--- Saved model to checkpoints/classification/eval_fits_bs8_seed42/state.pt ---
Epoch 186
Epoch 186, Training Loss: 0.4423, Validation Loss: 0.5418
--- Saved model to checkpoints/classification/eval_fits_bs8_seed42/state.pt ---
Epoch 187
Epoch 187, Training Loss: 0.4444, Validation Loss: 0.5254
--- Saved model to checkpoints/classification/eval_fits_bs8_seed42/state.pt ---
Epoch 188
Epoch 188, Training Loss: 0.4456, Validation Loss: 0.6230
--- Saved model to checkpoints/classification/eval_fits_bs8_seed42/state.pt ---
Epoch 189
Epoch 189, Training Loss: 0.4424, Validation Loss: 0.5267
--- Saved model to checkpoints/classification/eval_fits_bs8_seed42/state.pt ---
Epoch 190
Epoch 190, Training Loss: 0.4390, Validation Loss: 0.5320
--- Saved model to checkpoints/classification/eval_fits_bs8_seed42/state.pt ---
Epoch 191
Epoch 191, Training Loss: 0.4419, Validation Loss: 0.4950 (best)
--- Saved model to checkpoints/classification/eval_fits_bs8_seed42/state.pt ---
Epoch 192
Epoch 192, Training Loss: 0.4401, Validation Loss: 0.5232
--- Saved model to checkpoints/classification/eval_fits_bs8_seed42/state.pt ---
Epoch 193
Epoch 193, Training Loss: 0.4415, Validation Loss: 0.5395
--- Saved model to checkpoints/classification/eval_fits_bs8_seed42/state.pt ---
Epoch 194
Epoch 194, Training Loss: 0.4379, Validation Loss: 0.5213
--- Saved model to checkpoints/classification/eval_fits_bs8_seed42/state.pt ---
Epoch 195
Epoch 195, Training Loss: 0.4416, Validation Loss: 0.5377
--- Saved model to checkpoints/classification/eval_fits_bs8_seed42/state.pt ---
Epoch 196
Epoch 196, Training Loss: 0.4498, Validation Loss: 0.5490
--- Saved model to checkpoints/classification/eval_fits_bs8_seed42/state.pt ---
Epoch 197
Epoch 197, Training Loss: 0.4368, Validation Loss: 0.5450
--- Saved model to checkpoints/classification/eval_fits_bs8_seed42/state.pt ---
Epoch 198
Epoch 198, Training Loss: 0.4293, Validation Loss: 0.5438
--- Saved model to checkpoints/classification/eval_fits_bs8_seed42/state.pt ---
Epoch 199
Epoch 199, Training Loss: 0.4318, Validation Loss: 0.5353
--- Saved model to checkpoints/classification/eval_fits_bs8_seed42/state.pt ---
Epoch 200
Epoch 200, Training Loss: 0.4395, Validation Loss: 0.5104
--- Saved model to checkpoints/classification/eval_fits_bs8_seed42/state.pt ---
Epoch 201
Epoch 201, Training Loss: 0.4265, Validation Loss: 0.5384
--- Saved model to checkpoints/classification/eval_fits_bs8_seed42/state.pt ---
Epoch 202
Epoch 202, Training Loss: 0.4502, Validation Loss: 0.5231
--- Saved model to checkpoints/classification/eval_fits_bs8_seed42/state.pt ---
Epoch 203
Epoch 203, Training Loss: 0.4341, Validation Loss: 0.5260
--- Saved model to checkpoints/classification/eval_fits_bs8_seed42/state.pt ---
Epoch 204
Epoch 204, Training Loss: 0.4360, Validation Loss: 0.5379
--- Saved model to checkpoints/classification/eval_fits_bs8_seed42/state.pt ---
Epoch 205
Epoch 205, Training Loss: 0.4348, Validation Loss: 0.5451
--- Saved model to checkpoints/classification/eval_fits_bs8_seed42/state.pt ---
Epoch 206
Epoch 206, Training Loss: 0.4377, Validation Loss: 0.5769
--- Saved model to checkpoints/classification/eval_fits_bs8_seed42/state.pt ---
Epoch 207
Epoch 207, Training Loss: 0.4268, Validation Loss: 0.5486
--- Saved model to checkpoints/classification/eval_fits_bs8_seed42/state.pt ---
Epoch 208
Epoch 208, Training Loss: 0.4286, Validation Loss: 0.5204
--- Saved model to checkpoints/classification/eval_fits_bs8_seed42/state.pt ---
Epoch 209
Epoch 209, Training Loss: 0.4205, Validation Loss: 0.5468
--- Saved model to checkpoints/classification/eval_fits_bs8_seed42/state.pt ---
Epoch 210
Epoch 210, Training Loss: 0.4269, Validation Loss: 0.5693
--- Saved model to checkpoints/classification/eval_fits_bs8_seed42/state.pt ---
Epoch 211
Epoch 211, Training Loss: 0.4320, Validation Loss: 0.5931
--- Saved model to checkpoints/classification/eval_fits_bs8_seed42/state.pt ---
Epoch 212
Epoch 212, Training Loss: 0.4236, Validation Loss: 0.5498
--- Saved model to checkpoints/classification/eval_fits_bs8_seed42/state.pt ---
Epoch 213
Epoch 213, Training Loss: 0.4238, Validation Loss: 0.5635
--- Saved model to checkpoints/classification/eval_fits_bs8_seed42/state.pt ---
Epoch 214
Epoch 214, Training Loss: 0.4215, Validation Loss: 0.5063
--- Saved model to checkpoints/classification/eval_fits_bs8_seed42/state.pt ---
Epoch 215
Epoch 215, Training Loss: 0.4351, Validation Loss: 0.5139
--- Saved model to checkpoints/classification/eval_fits_bs8_seed42/state.pt ---
Epoch 216
Epoch 216, Training Loss: 0.4122, Validation Loss: 0.5911
--- Saved model to checkpoints/classification/eval_fits_bs8_seed42/state.pt ---
Epoch 217
Epoch 217, Training Loss: 0.4346, Validation Loss: 0.5051
--- Saved model to checkpoints/classification/eval_fits_bs8_seed42/state.pt ---
Epoch 218
Epoch 218, Training Loss: 0.4223, Validation Loss: 0.5842
--- Saved model to checkpoints/classification/eval_fits_bs8_seed42/state.pt ---
Epoch 219
Epoch 219, Training Loss: 0.4216, Validation Loss: 0.5310
--- Saved model to checkpoints/classification/eval_fits_bs8_seed42/state.pt ---
Epoch 220
Epoch 220, Training Loss: 0.4402, Validation Loss: 0.5650
--- Saved model to checkpoints/classification/eval_fits_bs8_seed42/state.pt ---
Epoch 221
Epoch 221, Training Loss: 0.4158, Validation Loss: 0.4922 (best)
--- Saved model to checkpoints/classification/eval_fits_bs8_seed42/state.pt ---
Epoch 222
Epoch 222, Training Loss: 0.4140, Validation Loss: 0.4954
--- Saved model to checkpoints/classification/eval_fits_bs8_seed42/state.pt ---
Epoch 223
Epoch 223, Training Loss: 0.4195, Validation Loss: 0.5590
--- Saved model to checkpoints/classification/eval_fits_bs8_seed42/state.pt ---
Epoch 224
Epoch 224, Training Loss: 0.4127, Validation Loss: 0.6246
--- Saved model to checkpoints/classification/eval_fits_bs8_seed42/state.pt ---
Epoch 225
Epoch 225, Training Loss: 0.4135, Validation Loss: 0.5288
--- Saved model to checkpoints/classification/eval_fits_bs8_seed42/state.pt ---
Epoch 226
Epoch 226, Training Loss: 0.4143, Validation Loss: 0.5340
--- Saved model to checkpoints/classification/eval_fits_bs8_seed42/state.pt ---
Epoch 227
Epoch 227, Training Loss: 0.4141, Validation Loss: 0.5198
--- Saved model to checkpoints/classification/eval_fits_bs8_seed42/state.pt ---
Epoch 228
Epoch 228, Training Loss: 0.4295, Validation Loss: 0.5021
--- Saved model to checkpoints/classification/eval_fits_bs8_seed42/state.pt ---
Epoch 229
Epoch 229, Training Loss: 0.4207, Validation Loss: 0.5198
--- Saved model to checkpoints/classification/eval_fits_bs8_seed42/state.pt ---
Epoch 230
Epoch 230, Training Loss: 0.4098, Validation Loss: 0.5020
--- Saved model to checkpoints/classification/eval_fits_bs8_seed42/state.pt ---
Epoch 231
Epoch 231, Training Loss: 0.4117, Validation Loss: 0.5039
--- Saved model to checkpoints/classification/eval_fits_bs8_seed42/state.pt ---
Epoch 232
Epoch 232, Training Loss: 0.4173, Validation Loss: 0.5501
--- Saved model to checkpoints/classification/eval_fits_bs8_seed42/state.pt ---
Epoch 233
Epoch 233, Training Loss: 0.4194, Validation Loss: 0.5917
--- Saved model to checkpoints/classification/eval_fits_bs8_seed42/state.pt ---
Epoch 234
Epoch 234, Training Loss: 0.4116, Validation Loss: 0.5217
--- Saved model to checkpoints/classification/eval_fits_bs8_seed42/state.pt ---
Epoch 235
Epoch 235, Training Loss: 0.4143, Validation Loss: 0.5363
--- Saved model to checkpoints/classification/eval_fits_bs8_seed42/state.pt ---
Epoch 236
Epoch 236, Training Loss: 0.4117, Validation Loss: 0.5298
--- Saved model to checkpoints/classification/eval_fits_bs8_seed42/state.pt ---
Epoch 237
Epoch 237, Training Loss: 0.4152, Validation Loss: 0.6460
--- Saved model to checkpoints/classification/eval_fits_bs8_seed42/state.pt ---
Epoch 238
Epoch 238, Training Loss: 0.4099, Validation Loss: 0.5602
--- Saved model to checkpoints/classification/eval_fits_bs8_seed42/state.pt ---
Epoch 239
Epoch 239, Training Loss: 0.4245, Validation Loss: 0.4943
--- Saved model to checkpoints/classification/eval_fits_bs8_seed42/state.pt ---
Epoch 240
Epoch 240, Training Loss: 0.4086, Validation Loss: 0.5839
--- Saved model to checkpoints/classification/eval_fits_bs8_seed42/state.pt ---
Epoch 241
Epoch 241, Training Loss: 0.4027, Validation Loss: 0.5237
--- Saved model to checkpoints/classification/eval_fits_bs8_seed42/state.pt ---
Epoch 242
Epoch 242, Training Loss: 0.4213, Validation Loss: 0.4995
--- Saved model to checkpoints/classification/eval_fits_bs8_seed42/state.pt ---
Epoch 243
Epoch 243, Training Loss: 0.3965, Validation Loss: 0.5277
--- Saved model to checkpoints/classification/eval_fits_bs8_seed42/state.pt ---
Epoch 244
Epoch 244, Training Loss: 0.4106, Validation Loss: 0.5385
--- Saved model to checkpoints/classification/eval_fits_bs8_seed42/state.pt ---
Epoch 245
Epoch 245, Training Loss: 0.4034, Validation Loss: 0.5307
--- Saved model to checkpoints/classification/eval_fits_bs8_seed42/state.pt ---
Epoch 246
Epoch 246, Training Loss: 0.4150, Validation Loss: 0.5746
--- Saved model to checkpoints/classification/eval_fits_bs8_seed42/state.pt ---
Epoch 247
Epoch 247, Training Loss: 0.4209, Validation Loss: 0.5369
--- Saved model to checkpoints/classification/eval_fits_bs8_seed42/state.pt ---
Epoch 248
Epoch 248, Training Loss: 0.4062, Validation Loss: 0.4779 (best)
--- Saved model to checkpoints/classification/eval_fits_bs8_seed42/state.pt ---
Epoch 249
Epoch 249, Training Loss: 0.3932, Validation Loss: 0.5141
--- Saved model to checkpoints/classification/eval_fits_bs8_seed42/state.pt ---
Epoch 250
Epoch 250, Training Loss: 0.4126, Validation Loss: 0.5254
--- Saved model to checkpoints/classification/eval_fits_bs8_seed42/state.pt ---
Epoch 251
Epoch 251, Training Loss: 0.4184, Validation Loss: 0.5302
--- Saved model to checkpoints/classification/eval_fits_bs8_seed42/state.pt ---
Epoch 252
Epoch 252, Training Loss: 0.4097, Validation Loss: 0.5312
--- Saved model to checkpoints/classification/eval_fits_bs8_seed42/state.pt ---
Epoch 253
Epoch 253, Training Loss: 0.4102, Validation Loss: 0.5238
--- Saved model to checkpoints/classification/eval_fits_bs8_seed42/state.pt ---
Epoch 254
Epoch 254, Training Loss: 0.4105, Validation Loss: 0.5154
--- Saved model to checkpoints/classification/eval_fits_bs8_seed42/state.pt ---
Epoch 255
Epoch 255, Training Loss: 0.4034, Validation Loss: 0.4736 (best)
--- Saved model to checkpoints/classification/eval_fits_bs8_seed42/state.pt ---
Epoch 256
Epoch 256, Training Loss: 0.4152, Validation Loss: 0.5145
--- Saved model to checkpoints/classification/eval_fits_bs8_seed42/state.pt ---
Epoch 257
Epoch 257, Training Loss: 0.3844, Validation Loss: 0.5133
--- Saved model to checkpoints/classification/eval_fits_bs8_seed42/state.pt ---
Epoch 258
Epoch 258, Training Loss: 0.4091, Validation Loss: 0.5001
--- Saved model to checkpoints/classification/eval_fits_bs8_seed42/state.pt ---
Epoch 259
Epoch 259, Training Loss: 0.4185, Validation Loss: 0.5547
--- Saved model to checkpoints/classification/eval_fits_bs8_seed42/state.pt ---
Epoch 260
Epoch 260, Training Loss: 0.3917, Validation Loss: 0.5089
--- Saved model to checkpoints/classification/eval_fits_bs8_seed42/state.pt ---
Epoch 261
Epoch 261, Training Loss: 0.3943, Validation Loss: 0.5371
--- Saved model to checkpoints/classification/eval_fits_bs8_seed42/state.pt ---
Epoch 262
Epoch 262, Training Loss: 0.4014, Validation Loss: 0.5013
--- Saved model to checkpoints/classification/eval_fits_bs8_seed42/state.pt ---
Epoch 263
Epoch 263, Training Loss: 0.3945, Validation Loss: 0.5183
--- Saved model to checkpoints/classification/eval_fits_bs8_seed42/state.pt ---
Epoch 264
Epoch 264, Training Loss: 0.4043, Validation Loss: 0.5216
--- Saved model to checkpoints/classification/eval_fits_bs8_seed42/state.pt ---
Epoch 265
Epoch 265, Training Loss: 0.3793, Validation Loss: 0.5231
--- Saved model to checkpoints/classification/eval_fits_bs8_seed42/state.pt ---
Epoch 266
Epoch 266, Training Loss: 0.3966, Validation Loss: 0.4901
--- Saved model to checkpoints/classification/eval_fits_bs8_seed42/state.pt ---
Epoch 267
Epoch 267, Training Loss: 0.3987, Validation Loss: 0.5285
--- Saved model to checkpoints/classification/eval_fits_bs8_seed42/state.pt ---
Epoch 268
Epoch 268, Training Loss: 0.3994, Validation Loss: 0.5298
--- Saved model to checkpoints/classification/eval_fits_bs8_seed42/state.pt ---
Epoch 269
Epoch 269, Training Loss: 0.4046, Validation Loss: 0.5101
--- Saved model to checkpoints/classification/eval_fits_bs8_seed42/state.pt ---
Epoch 270
Epoch 270, Training Loss: 0.3973, Validation Loss: 0.5119
--- Saved model to checkpoints/classification/eval_fits_bs8_seed42/state.pt ---
Epoch 271
Epoch 271, Training Loss: 0.3907, Validation Loss: 0.5621
--- Saved model to checkpoints/classification/eval_fits_bs8_seed42/state.pt ---
Epoch 272
Epoch 272, Training Loss: 0.3872, Validation Loss: 0.6120
--- Saved model to checkpoints/classification/eval_fits_bs8_seed42/state.pt ---
Epoch 273
Epoch 273, Training Loss: 0.3978, Validation Loss: 0.5224
--- Saved model to checkpoints/classification/eval_fits_bs8_seed42/state.pt ---
Epoch 274
Epoch 274, Training Loss: 0.4019, Validation Loss: 0.5151
--- Saved model to checkpoints/classification/eval_fits_bs8_seed42/state.pt ---
Epoch 275
Epoch 275, Training Loss: 0.4127, Validation Loss: 0.5261
--- Saved model to checkpoints/classification/eval_fits_bs8_seed42/state.pt ---
Epoch 276
Epoch 276, Training Loss: 0.3983, Validation Loss: 0.7087
--- Saved model to checkpoints/classification/eval_fits_bs8_seed42/state.pt ---
Epoch 277
Epoch 277, Training Loss: 0.3858, Validation Loss: 0.4730 (best)
--- Saved model to checkpoints/classification/eval_fits_bs8_seed42/state.pt ---
Epoch 278
Epoch 278, Training Loss: 0.3907, Validation Loss: 0.5371
--- Saved model to checkpoints/classification/eval_fits_bs8_seed42/state.pt ---
Epoch 279
Epoch 279, Training Loss: 0.4126, Validation Loss: 0.5023
--- Saved model to checkpoints/classification/eval_fits_bs8_seed42/state.pt ---
Epoch 280
Epoch 280, Training Loss: 0.4072, Validation Loss: 0.6726
--- Saved model to checkpoints/classification/eval_fits_bs8_seed42/state.pt ---
Epoch 281
Epoch 281, Training Loss: 0.4142, Validation Loss: 0.5511
--- Saved model to checkpoints/classification/eval_fits_bs8_seed42/state.pt ---
Epoch 282
Epoch 282, Training Loss: 0.3842, Validation Loss: 0.5325
--- Saved model to checkpoints/classification/eval_fits_bs8_seed42/state.pt ---
Epoch 283
Epoch 283, Training Loss: 0.3948, Validation Loss: 0.5195
--- Saved model to checkpoints/classification/eval_fits_bs8_seed42/state.pt ---
Epoch 284
Epoch 284, Training Loss: 0.3825, Validation Loss: 0.5048
--- Saved model to checkpoints/classification/eval_fits_bs8_seed42/state.pt ---
Epoch 285
Epoch 285, Training Loss: 0.3981, Validation Loss: 0.5697
--- Saved model to checkpoints/classification/eval_fits_bs8_seed42/state.pt ---
Epoch 286
Epoch 286, Training Loss: 0.3983, Validation Loss: 0.5284
--- Saved model to checkpoints/classification/eval_fits_bs8_seed42/state.pt ---
Epoch 287
Epoch 287, Training Loss: 0.4043, Validation Loss: 0.4771
--- Saved model to checkpoints/classification/eval_fits_bs8_seed42/state.pt ---
Epoch 288
Epoch 288, Training Loss: 0.3869, Validation Loss: 0.5453
--- Saved model to checkpoints/classification/eval_fits_bs8_seed42/state.pt ---
Epoch 289
Epoch 289, Training Loss: 0.4017, Validation Loss: 0.4740
--- Saved model to checkpoints/classification/eval_fits_bs8_seed42/state.pt ---
Epoch 290
Epoch 290, Training Loss: 0.3991, Validation Loss: 0.5902
--- Saved model to checkpoints/classification/eval_fits_bs8_seed42/state.pt ---
Epoch 291
Epoch 291, Training Loss: 0.3860, Validation Loss: 0.5191
--- Saved model to checkpoints/classification/eval_fits_bs8_seed42/state.pt ---
Epoch 292
Epoch 292, Training Loss: 0.4006, Validation Loss: 0.5245
--- Saved model to checkpoints/classification/eval_fits_bs8_seed42/state.pt ---
Epoch 293
Epoch 293, Training Loss: 0.4011, Validation Loss: 0.4936
--- Saved model to checkpoints/classification/eval_fits_bs8_seed42/state.pt ---
Epoch 294
Epoch 294, Training Loss: 0.3853, Validation Loss: 0.5363
--- Saved model to checkpoints/classification/eval_fits_bs8_seed42/state.pt ---
Epoch 295
Epoch 295, Training Loss: 0.3895, Validation Loss: 0.4799
--- Saved model to checkpoints/classification/eval_fits_bs8_seed42/state.pt ---
Epoch 296
Epoch 296, Training Loss: 0.3980, Validation Loss: 0.4998
--- Saved model to checkpoints/classification/eval_fits_bs8_seed42/state.pt ---
Epoch 297
Epoch 297, Training Loss: 0.4079, Validation Loss: 0.5202
--- Saved model to checkpoints/classification/eval_fits_bs8_seed42/state.pt ---
Epoch 298
Epoch 298, Training Loss: 0.3996, Validation Loss: 0.4652 (best)
--- Saved model to checkpoints/classification/eval_fits_bs8_seed42/state.pt ---
Epoch 299
Epoch 299, Training Loss: 0.4007, Validation Loss: 0.5401
--- Saved model to checkpoints/classification/eval_fits_bs8_seed42/state.pt ---
Restored best model (val loss 0.4652)
--- Saved model to checkpoints/classification/eval_fits_bs8_seed42/state.pt ---
Testing model
Accuracy: 78.09%

============================================================
Run 2/5  |  seed=43  |  tag=eval_fits_bs8_seed43  |  results -> results/classification/20260928_212310_eval_fits_bs8_13889488_seed43
============================================================

Training classification for 300 epochs
Epoch 0
Epoch 0, Training Loss: 0.7019, Validation Loss: 0.6779 (best)
--- Saved model to checkpoints/classification/eval_fits_bs8_seed43/state.pt ---
Epoch 1
Epoch 1, Training Loss: 0.6799, Validation Loss: 0.6709 (best)
--- Saved model to checkpoints/classification/eval_fits_bs8_seed43/state.pt ---
Epoch 2
Epoch 2, Training Loss: 0.6591, Validation Loss: 0.6511 (best)
--- Saved model to checkpoints/classification/eval_fits_bs8_seed43/state.pt ---
Epoch 3
Epoch 3, Training Loss: 0.6561, Validation Loss: 0.6363 (best)
--- Saved model to checkpoints/classification/eval_fits_bs8_seed43/state.pt ---
Epoch 4
Epoch 4, Training Loss: 0.6499, Validation Loss: 0.6279 (best)
--- Saved model to checkpoints/classification/eval_fits_bs8_seed43/state.pt ---
Epoch 5
Epoch 5, Training Loss: 0.6426, Validation Loss: 0.6487
--- Saved model to checkpoints/classification/eval_fits_bs8_seed43/state.pt ---
Epoch 6
Epoch 6, Training Loss: 0.6399, Validation Loss: 0.6390
--- Saved model to checkpoints/classification/eval_fits_bs8_seed43/state.pt ---
Epoch 7
Epoch 7, Training Loss: 0.6355, Validation Loss: 0.6162 (best)
--- Saved model to checkpoints/classification/eval_fits_bs8_seed43/state.pt ---
Epoch 8
Epoch 8, Training Loss: 0.6406, Validation Loss: 0.6899
--- Saved model to checkpoints/classification/eval_fits_bs8_seed43/state.pt ---
Epoch 9
Epoch 9, Training Loss: 0.6351, Validation Loss: 0.6163
--- Saved model to checkpoints/classification/eval_fits_bs8_seed43/state.pt ---
Epoch 10
Epoch 10, Training Loss: 0.6426, Validation Loss: 0.6165
--- Saved model to checkpoints/classification/eval_fits_bs8_seed43/state.pt ---
Epoch 11
Epoch 11, Training Loss: 0.6368, Validation Loss: 0.6702
--- Saved model to checkpoints/classification/eval_fits_bs8_seed43/state.pt ---
Epoch 12
Epoch 12, Training Loss: 0.6314, Validation Loss: 0.6174
--- Saved model to checkpoints/classification/eval_fits_bs8_seed43/state.pt ---
Epoch 13
Epoch 13, Training Loss: 0.6244, Validation Loss: 0.6843
--- Saved model to checkpoints/classification/eval_fits_bs8_seed43/state.pt ---
Epoch 14
Epoch 14, Training Loss: 0.6286, Validation Loss: 0.6118 (best)
--- Saved model to checkpoints/classification/eval_fits_bs8_seed43/state.pt ---
Epoch 15
Epoch 15, Training Loss: 0.6196, Validation Loss: 0.6363
--- Saved model to checkpoints/classification/eval_fits_bs8_seed43/state.pt ---
Epoch 16
Epoch 16, Training Loss: 0.6232, Validation Loss: 0.6216
--- Saved model to checkpoints/classification/eval_fits_bs8_seed43/state.pt ---
Epoch 17
Epoch 17, Training Loss: 0.6202, Validation Loss: 0.6040 (best)
--- Saved model to checkpoints/classification/eval_fits_bs8_seed43/state.pt ---
Epoch 18
Epoch 18, Training Loss: 0.6102, Validation Loss: 0.6148
--- Saved model to checkpoints/classification/eval_fits_bs8_seed43/state.pt ---
Epoch 19
Epoch 19, Training Loss: 0.6033, Validation Loss: 0.5953 (best)
--- Saved model to checkpoints/classification/eval_fits_bs8_seed43/state.pt ---
Epoch 20
Epoch 20, Training Loss: 0.6125, Validation Loss: 0.6022
--- Saved model to checkpoints/classification/eval_fits_bs8_seed43/state.pt ---
Epoch 21
Epoch 21, Training Loss: 0.6135, Validation Loss: 0.6175
--- Saved model to checkpoints/classification/eval_fits_bs8_seed43/state.pt ---
Epoch 22
Epoch 22, Training Loss: 0.6044, Validation Loss: 0.6015
--- Saved model to checkpoints/classification/eval_fits_bs8_seed43/state.pt ---
Epoch 23
Epoch 23, Training Loss: 0.5942, Validation Loss: 0.5998
--- Saved model to checkpoints/classification/eval_fits_bs8_seed43/state.pt ---
Epoch 24
Epoch 24, Training Loss: 0.5963, Validation Loss: 0.5747 (best)
--- Saved model to checkpoints/classification/eval_fits_bs8_seed43/state.pt ---
Epoch 25
Epoch 25, Training Loss: 0.5833, Validation Loss: 0.6472
--- Saved model to checkpoints/classification/eval_fits_bs8_seed43/state.pt ---
Epoch 26
Epoch 26, Training Loss: 0.5891, Validation Loss: 0.5709 (best)
--- Saved model to checkpoints/classification/eval_fits_bs8_seed43/state.pt ---
Epoch 27
Epoch 27, Training Loss: 0.5845, Validation Loss: 0.5612 (best)
--- Saved model to checkpoints/classification/eval_fits_bs8_seed43/state.pt ---
Epoch 28
Epoch 28, Training Loss: 0.5878, Validation Loss: 0.5750
--- Saved model to checkpoints/classification/eval_fits_bs8_seed43/state.pt ---
Epoch 29
Epoch 29, Training Loss: 0.5912, Validation Loss: 0.6060
--- Saved model to checkpoints/classification/eval_fits_bs8_seed43/state.pt ---
Epoch 30
Epoch 30, Training Loss: 0.5781, Validation Loss: 0.5702
--- Saved model to checkpoints/classification/eval_fits_bs8_seed43/state.pt ---
Epoch 31
Epoch 31, Training Loss: 0.5726, Validation Loss: 0.5683
--- Saved model to checkpoints/classification/eval_fits_bs8_seed43/state.pt ---
Epoch 32
Epoch 32, Training Loss: 0.5922, Validation Loss: 0.5996
--- Saved model to checkpoints/classification/eval_fits_bs8_seed43/state.pt ---
Epoch 33
Epoch 33, Training Loss: 0.5780, Validation Loss: 0.6104
--- Saved model to checkpoints/classification/eval_fits_bs8_seed43/state.pt ---
Epoch 34
Epoch 34, Training Loss: 0.5776, Validation Loss: 0.5616
--- Saved model to checkpoints/classification/eval_fits_bs8_seed43/state.pt ---
Epoch 35
Epoch 35, Training Loss: 0.5675, Validation Loss: 0.5509 (best)
--- Saved model to checkpoints/classification/eval_fits_bs8_seed43/state.pt ---
Epoch 36
Epoch 36, Training Loss: 0.5696, Validation Loss: 0.5556
--- Saved model to checkpoints/classification/eval_fits_bs8_seed43/state.pt ---
Epoch 37
Epoch 37, Training Loss: 0.5758, Validation Loss: 0.5506 (best)
--- Saved model to checkpoints/classification/eval_fits_bs8_seed43/state.pt ---
Epoch 38
Epoch 38, Training Loss: 0.5668, Validation Loss: 0.5528
--- Saved model to checkpoints/classification/eval_fits_bs8_seed43/state.pt ---
Epoch 39
Epoch 39, Training Loss: 0.5722, Validation Loss: 0.5777
--- Saved model to checkpoints/classification/eval_fits_bs8_seed43/state.pt ---
Epoch 40
Epoch 40, Training Loss: 0.5666, Validation Loss: 0.5602
--- Saved model to checkpoints/classification/eval_fits_bs8_seed43/state.pt ---
Epoch 41
Epoch 41, Training Loss: 0.5663, Validation Loss: 0.6030
--- Saved model to checkpoints/classification/eval_fits_bs8_seed43/state.pt ---
Epoch 42
Epoch 42, Training Loss: 0.5638, Validation Loss: 0.6412
--- Saved model to checkpoints/classification/eval_fits_bs8_seed43/state.pt ---
Epoch 43
Epoch 43, Training Loss: 0.5596, Validation Loss: 0.5510
--- Saved model to checkpoints/classification/eval_fits_bs8_seed43/state.pt ---
Epoch 44
Epoch 44, Training Loss: 0.5688, Validation Loss: 0.5728
--- Saved model to checkpoints/classification/eval_fits_bs8_seed43/state.pt ---
Epoch 45
Epoch 45, Training Loss: 0.5571, Validation Loss: 0.5872
--- Saved model to checkpoints/classification/eval_fits_bs8_seed43/state.pt ---
Epoch 46
Epoch 46, Training Loss: 0.5604, Validation Loss: 0.5817
--- Saved model to checkpoints/classification/eval_fits_bs8_seed43/state.pt ---
Epoch 47
Epoch 47, Training Loss: 0.5670, Validation Loss: 0.6069
--- Saved model to checkpoints/classification/eval_fits_bs8_seed43/state.pt ---
Epoch 48
Epoch 48, Training Loss: 0.5661, Validation Loss: 0.6504
--- Saved model to checkpoints/classification/eval_fits_bs8_seed43/state.pt ---
Epoch 49
Epoch 49, Training Loss: 0.5670, Validation Loss: 0.6337
--- Saved model to checkpoints/classification/eval_fits_bs8_seed43/state.pt ---
Epoch 50
Epoch 50, Training Loss: 0.5498, Validation Loss: 0.5736
--- Saved model to checkpoints/classification/eval_fits_bs8_seed43/state.pt ---
Epoch 51
Epoch 51, Training Loss: 0.5670, Validation Loss: 0.5836
--- Saved model to checkpoints/classification/eval_fits_bs8_seed43/state.pt ---
Epoch 52
Epoch 52, Training Loss: 0.5678, Validation Loss: 0.6606
--- Saved model to checkpoints/classification/eval_fits_bs8_seed43/state.pt ---
Epoch 53
Epoch 53, Training Loss: 0.5703, Validation Loss: 0.5452 (best)
--- Saved model to checkpoints/classification/eval_fits_bs8_seed43/state.pt ---
Epoch 54
Epoch 54, Training Loss: 0.5489, Validation Loss: 0.5834
--- Saved model to checkpoints/classification/eval_fits_bs8_seed43/state.pt ---
Epoch 55
Epoch 55, Training Loss: 0.5525, Validation Loss: 0.5598
--- Saved model to checkpoints/classification/eval_fits_bs8_seed43/state.pt ---
Epoch 56
Epoch 56, Training Loss: 0.5518, Validation Loss: 0.5518
--- Saved model to checkpoints/classification/eval_fits_bs8_seed43/state.pt ---
Epoch 57
Epoch 57, Training Loss: 0.5620, Validation Loss: 0.5628
--- Saved model to checkpoints/classification/eval_fits_bs8_seed43/state.pt ---
Epoch 58
Epoch 58, Training Loss: 0.5530, Validation Loss: 0.5510
--- Saved model to checkpoints/classification/eval_fits_bs8_seed43/state.pt ---
Epoch 59
Epoch 59, Training Loss: 0.5586, Validation Loss: 0.6316
--- Saved model to checkpoints/classification/eval_fits_bs8_seed43/state.pt ---
Epoch 60
Epoch 60, Training Loss: 0.5533, Validation Loss: 0.5885
--- Saved model to checkpoints/classification/eval_fits_bs8_seed43/state.pt ---
Epoch 61
Epoch 61, Training Loss: 0.5475, Validation Loss: 0.6101
--- Saved model to checkpoints/classification/eval_fits_bs8_seed43/state.pt ---
Epoch 62
Epoch 62, Training Loss: 0.5608, Validation Loss: 0.5413 (best)
--- Saved model to checkpoints/classification/eval_fits_bs8_seed43/state.pt ---
Epoch 63
Epoch 63, Training Loss: 0.5572, Validation Loss: 0.5746
--- Saved model to checkpoints/classification/eval_fits_bs8_seed43/state.pt ---
Epoch 64
Epoch 64, Training Loss: 0.5572, Validation Loss: 0.5767
--- Saved model to checkpoints/classification/eval_fits_bs8_seed43/state.pt ---
Epoch 65
Epoch 65, Training Loss: 0.5551, Validation Loss: 0.5882
--- Saved model to checkpoints/classification/eval_fits_bs8_seed43/state.pt ---
Epoch 66
Epoch 66, Training Loss: 0.5440, Validation Loss: 0.5657
--- Saved model to checkpoints/classification/eval_fits_bs8_seed43/state.pt ---
Epoch 67
Epoch 67, Training Loss: 0.5540, Validation Loss: 0.5873
--- Saved model to checkpoints/classification/eval_fits_bs8_seed43/state.pt ---
Epoch 68
Epoch 68, Training Loss: 0.5405, Validation Loss: 0.5347 (best)
--- Saved model to checkpoints/classification/eval_fits_bs8_seed43/state.pt ---
Epoch 69
Epoch 69, Training Loss: 0.5371, Validation Loss: 0.5636
--- Saved model to checkpoints/classification/eval_fits_bs8_seed43/state.pt ---
Epoch 70
Epoch 70, Training Loss: 0.5471, Validation Loss: 0.6237
--- Saved model to checkpoints/classification/eval_fits_bs8_seed43/state.pt ---
Epoch 71
Epoch 71, Training Loss: 0.5401, Validation Loss: 0.6369
--- Saved model to checkpoints/classification/eval_fits_bs8_seed43/state.pt ---
Epoch 72
Epoch 72, Training Loss: 0.5507, Validation Loss: 0.5948
--- Saved model to checkpoints/classification/eval_fits_bs8_seed43/state.pt ---
Epoch 73
Epoch 73, Training Loss: 0.5311, Validation Loss: 0.5865
--- Saved model to checkpoints/classification/eval_fits_bs8_seed43/state.pt ---
Epoch 74
Epoch 74, Training Loss: 0.5517, Validation Loss: 0.5370
--- Saved model to checkpoints/classification/eval_fits_bs8_seed43/state.pt ---
Epoch 75
Epoch 75, Training Loss: 0.5375, Validation Loss: 0.6466
--- Saved model to checkpoints/classification/eval_fits_bs8_seed43/state.pt ---
Epoch 76
Epoch 76, Training Loss: 0.5509, Validation Loss: 0.6374
--- Saved model to checkpoints/classification/eval_fits_bs8_seed43/state.pt ---
Epoch 77
Epoch 77, Training Loss: 0.5431, Validation Loss: 0.5807
--- Saved model to checkpoints/classification/eval_fits_bs8_seed43/state.pt ---
Epoch 78
Epoch 78, Training Loss: 0.5410, Validation Loss: 0.6302
--- Saved model to checkpoints/classification/eval_fits_bs8_seed43/state.pt ---
Epoch 79
Epoch 79, Training Loss: 0.5280, Validation Loss: 0.5798
--- Saved model to checkpoints/classification/eval_fits_bs8_seed43/state.pt ---
Epoch 80
Epoch 80, Training Loss: 0.5349, Validation Loss: 0.6266
--- Saved model to checkpoints/classification/eval_fits_bs8_seed43/state.pt ---
Epoch 81
Epoch 81, Training Loss: 0.5281, Validation Loss: 0.5606
--- Saved model to checkpoints/classification/eval_fits_bs8_seed43/state.pt ---
Epoch 82
Epoch 82, Training Loss: 0.5435, Validation Loss: 0.5828
--- Saved model to checkpoints/classification/eval_fits_bs8_seed43/state.pt ---
Epoch 83
Epoch 83, Training Loss: 0.5425, Validation Loss: 0.6825
--- Saved model to checkpoints/classification/eval_fits_bs8_seed43/state.pt ---
Epoch 84
Epoch 84, Training Loss: 0.5347, Validation Loss: 0.5936
--- Saved model to checkpoints/classification/eval_fits_bs8_seed43/state.pt ---
Epoch 85
Epoch 85, Training Loss: 0.5336, Validation Loss: 0.5466
--- Saved model to checkpoints/classification/eval_fits_bs8_seed43/state.pt ---
Epoch 86
Epoch 86, Training Loss: 0.5355, Validation Loss: 0.5235 (best)
--- Saved model to checkpoints/classification/eval_fits_bs8_seed43/state.pt ---
Epoch 87
Epoch 87, Training Loss: 0.5411, Validation Loss: 0.5618
--- Saved model to checkpoints/classification/eval_fits_bs8_seed43/state.pt ---
Epoch 88
Epoch 88, Training Loss: 0.5359, Validation Loss: 0.6187
--- Saved model to checkpoints/classification/eval_fits_bs8_seed43/state.pt ---
Epoch 89
Epoch 89, Training Loss: 0.5352, Validation Loss: 0.6485
--- Saved model to checkpoints/classification/eval_fits_bs8_seed43/state.pt ---
Epoch 90
Epoch 90, Training Loss: 0.5331, Validation Loss: 0.7237
--- Saved model to checkpoints/classification/eval_fits_bs8_seed43/state.pt ---
Epoch 91
Epoch 91, Training Loss: 0.5313, Validation Loss: 0.7101
--- Saved model to checkpoints/classification/eval_fits_bs8_seed43/state.pt ---
Epoch 92
Epoch 92, Training Loss: 0.5381, Validation Loss: 0.6383
--- Saved model to checkpoints/classification/eval_fits_bs8_seed43/state.pt ---
Epoch 93
Epoch 93, Training Loss: 0.5338, Validation Loss: 0.5834
--- Saved model to checkpoints/classification/eval_fits_bs8_seed43/state.pt ---
Epoch 94
Epoch 94, Training Loss: 0.5333, Validation Loss: 0.5844
--- Saved model to checkpoints/classification/eval_fits_bs8_seed43/state.pt ---
Epoch 95
Epoch 95, Training Loss: 0.5266, Validation Loss: 0.6254
--- Saved model to checkpoints/classification/eval_fits_bs8_seed43/state.pt ---
Epoch 96
Epoch 96, Training Loss: 0.5295, Validation Loss: 0.5816
--- Saved model to checkpoints/classification/eval_fits_bs8_seed43/state.pt ---
Epoch 97
Epoch 97, Training Loss: 0.5326, Validation Loss: 0.6709
--- Saved model to checkpoints/classification/eval_fits_bs8_seed43/state.pt ---
Epoch 98
Epoch 98, Training Loss: 0.5290, Validation Loss: 0.5453
--- Saved model to checkpoints/classification/eval_fits_bs8_seed43/state.pt ---
Epoch 99
Epoch 99, Training Loss: 0.5260, Validation Loss: 0.6393
--- Saved model to checkpoints/classification/eval_fits_bs8_seed43/state.pt ---
Epoch 100
Epoch 100, Training Loss: 0.5354, Validation Loss: 0.7012
--- Saved model to checkpoints/classification/eval_fits_bs8_seed43/state.pt ---
Epoch 101
Epoch 101, Training Loss: 0.5218, Validation Loss: 0.6026
--- Saved model to checkpoints/classification/eval_fits_bs8_seed43/state.pt ---
Epoch 102
Epoch 102, Training Loss: 0.5207, Validation Loss: 0.5235 (best)
--- Saved model to checkpoints/classification/eval_fits_bs8_seed43/state.pt ---
Epoch 103
Epoch 103, Training Loss: 0.5200, Validation Loss: 0.5795
--- Saved model to checkpoints/classification/eval_fits_bs8_seed43/state.pt ---
Epoch 104
Epoch 104, Training Loss: 0.5179, Validation Loss: 0.5780
--- Saved model to checkpoints/classification/eval_fits_bs8_seed43/state.pt ---
Epoch 105
Epoch 105, Training Loss: 0.5226, Validation Loss: 0.5407
--- Saved model to checkpoints/classification/eval_fits_bs8_seed43/state.pt ---
Epoch 106
Epoch 106, Training Loss: 0.5095, Validation Loss: 0.5756
--- Saved model to checkpoints/classification/eval_fits_bs8_seed43/state.pt ---
Epoch 107
Epoch 107, Training Loss: 0.5143, Validation Loss: 0.6838
--- Saved model to checkpoints/classification/eval_fits_bs8_seed43/state.pt ---
Epoch 108
Epoch 108, Training Loss: 0.5088, Validation Loss: 0.7078
--- Saved model to checkpoints/classification/eval_fits_bs8_seed43/state.pt ---
Epoch 109
Epoch 109, Training Loss: 0.5198, Validation Loss: 0.5457
--- Saved model to checkpoints/classification/eval_fits_bs8_seed43/state.pt ---
Epoch 110
Epoch 110, Training Loss: 0.5252, Validation Loss: 0.5770
--- Saved model to checkpoints/classification/eval_fits_bs8_seed43/state.pt ---
Epoch 111
Epoch 111, Training Loss: 0.5343, Validation Loss: 0.5684
--- Saved model to checkpoints/classification/eval_fits_bs8_seed43/state.pt ---
Epoch 112
Epoch 112, Training Loss: 0.5086, Validation Loss: 0.6204
--- Saved model to checkpoints/classification/eval_fits_bs8_seed43/state.pt ---
Epoch 113
Epoch 113, Training Loss: 0.5086, Validation Loss: 0.5969
--- Saved model to checkpoints/classification/eval_fits_bs8_seed43/state.pt ---
Epoch 114
Epoch 114, Training Loss: 0.5167, Validation Loss: 0.6326
--- Saved model to checkpoints/classification/eval_fits_bs8_seed43/state.pt ---
Epoch 115
Epoch 115, Training Loss: 0.5092, Validation Loss: 0.7543
--- Saved model to checkpoints/classification/eval_fits_bs8_seed43/state.pt ---
Epoch 116
Epoch 116, Training Loss: 0.5117, Validation Loss: 0.5948
--- Saved model to checkpoints/classification/eval_fits_bs8_seed43/state.pt ---
Epoch 117
Epoch 117, Training Loss: 0.5090, Validation Loss: 0.6307
--- Saved model to checkpoints/classification/eval_fits_bs8_seed43/state.pt ---
Epoch 118
Epoch 118, Training Loss: 0.5148, Validation Loss: 0.7226
--- Saved model to checkpoints/classification/eval_fits_bs8_seed43/state.pt ---
Epoch 119
Epoch 119, Training Loss: 0.5049, Validation Loss: 0.5552
--- Saved model to checkpoints/classification/eval_fits_bs8_seed43/state.pt ---
Epoch 120
Epoch 120, Training Loss: 0.4971, Validation Loss: 0.5646
--- Saved model to checkpoints/classification/eval_fits_bs8_seed43/state.pt ---
Epoch 121
Epoch 121, Training Loss: 0.5092, Validation Loss: 0.5936
--- Saved model to checkpoints/classification/eval_fits_bs8_seed43/state.pt ---
Epoch 122
Epoch 122, Training Loss: 0.5048, Validation Loss: 0.5557
--- Saved model to checkpoints/classification/eval_fits_bs8_seed43/state.pt ---
Epoch 123
Epoch 123, Training Loss: 0.5224, Validation Loss: 0.6204
--- Saved model to checkpoints/classification/eval_fits_bs8_seed43/state.pt ---
Epoch 124
Epoch 124, Training Loss: 0.5073, Validation Loss: 0.5884
--- Saved model to checkpoints/classification/eval_fits_bs8_seed43/state.pt ---
Epoch 125
Epoch 125, Training Loss: 0.5186, Validation Loss: 0.6142
--- Saved model to checkpoints/classification/eval_fits_bs8_seed43/state.pt ---
Epoch 126
Epoch 126, Training Loss: 0.5042, Validation Loss: 0.5473
--- Saved model to checkpoints/classification/eval_fits_bs8_seed43/state.pt ---
Epoch 127
Epoch 127, Training Loss: 0.5069, Validation Loss: 0.5740
--- Saved model to checkpoints/classification/eval_fits_bs8_seed43/state.pt ---
Epoch 128
Epoch 128, Training Loss: 0.4981, Validation Loss: 0.6452
--- Saved model to checkpoints/classification/eval_fits_bs8_seed43/state.pt ---
Epoch 129
Epoch 129, Training Loss: 0.5031, Validation Loss: 0.5858
--- Saved model to checkpoints/classification/eval_fits_bs8_seed43/state.pt ---
Epoch 130
Epoch 130, Training Loss: 0.5036, Validation Loss: 0.5843
--- Saved model to checkpoints/classification/eval_fits_bs8_seed43/state.pt ---
Epoch 131
Epoch 131, Training Loss: 0.4929, Validation Loss: 0.6100
--- Saved model to checkpoints/classification/eval_fits_bs8_seed43/state.pt ---
Epoch 132
Epoch 132, Training Loss: 0.4913, Validation Loss: 0.6872
--- Saved model to checkpoints/classification/eval_fits_bs8_seed43/state.pt ---
Epoch 133
Epoch 133, Training Loss: 0.5197, Validation Loss: 0.5711
--- Saved model to checkpoints/classification/eval_fits_bs8_seed43/state.pt ---
Epoch 134
Epoch 134, Training Loss: 0.4846, Validation Loss: 0.6615
--- Saved model to checkpoints/classification/eval_fits_bs8_seed43/state.pt ---
Epoch 135
Epoch 135, Training Loss: 0.5024, Validation Loss: 0.6111
--- Saved model to checkpoints/classification/eval_fits_bs8_seed43/state.pt ---
Epoch 136
Epoch 136, Training Loss: 0.4891, Validation Loss: 0.6424
--- Saved model to checkpoints/classification/eval_fits_bs8_seed43/state.pt ---
Epoch 137
Epoch 137, Training Loss: 0.4902, Validation Loss: 0.6462
--- Saved model to checkpoints/classification/eval_fits_bs8_seed43/state.pt ---
Epoch 138
Epoch 138, Training Loss: 0.4878, Validation Loss: 0.5851
--- Saved model to checkpoints/classification/eval_fits_bs8_seed43/state.pt ---
Epoch 139
Epoch 139, Training Loss: 0.4968, Validation Loss: 0.6003
--- Saved model to checkpoints/classification/eval_fits_bs8_seed43/state.pt ---
Epoch 140
Epoch 140, Training Loss: 0.4900, Validation Loss: 0.5690
--- Saved model to checkpoints/classification/eval_fits_bs8_seed43/state.pt ---
Epoch 141
Epoch 141, Training Loss: 0.4878, Validation Loss: 0.6040
--- Saved model to checkpoints/classification/eval_fits_bs8_seed43/state.pt ---
Epoch 142
Epoch 142, Training Loss: 0.4897, Validation Loss: 0.5838
--- Saved model to checkpoints/classification/eval_fits_bs8_seed43/state.pt ---
Epoch 143
Epoch 143, Training Loss: 0.4906, Validation Loss: 0.5046 (best)
--- Saved model to checkpoints/classification/eval_fits_bs8_seed43/state.pt ---
Epoch 144
Epoch 144, Training Loss: 0.4903, Validation Loss: 0.5607
--- Saved model to checkpoints/classification/eval_fits_bs8_seed43/state.pt ---
Epoch 145
Epoch 145, Training Loss: 0.4858, Validation Loss: 0.5859
--- Saved model to checkpoints/classification/eval_fits_bs8_seed43/state.pt ---
Epoch 146
Epoch 146, Training Loss: 0.4808, Validation Loss: 0.5969
--- Saved model to checkpoints/classification/eval_fits_bs8_seed43/state.pt ---
Epoch 147
Epoch 147, Training Loss: 0.4847, Validation Loss: 0.6383
--- Saved model to checkpoints/classification/eval_fits_bs8_seed43/state.pt ---
Epoch 148
Epoch 148, Training Loss: 0.4784, Validation Loss: 0.5877
--- Saved model to checkpoints/classification/eval_fits_bs8_seed43/state.pt ---
Epoch 149
Epoch 149, Training Loss: 0.4783, Validation Loss: 0.6341
--- Saved model to checkpoints/classification/eval_fits_bs8_seed43/state.pt ---
Epoch 150
Epoch 150, Training Loss: 0.4711, Validation Loss: 0.7579
--- Saved model to checkpoints/classification/eval_fits_bs8_seed43/state.pt ---
Epoch 151
Epoch 151, Training Loss: 0.5048, Validation Loss: 0.5570
--- Saved model to checkpoints/classification/eval_fits_bs8_seed43/state.pt ---
Epoch 152
Epoch 152, Training Loss: 0.4840, Validation Loss: 0.6117
--- Saved model to checkpoints/classification/eval_fits_bs8_seed43/state.pt ---
Epoch 153
Epoch 153, Training Loss: 0.4778, Validation Loss: 0.6058
--- Saved model to checkpoints/classification/eval_fits_bs8_seed43/state.pt ---
Epoch 154
Epoch 154, Training Loss: 0.4803, Validation Loss: 0.5767
--- Saved model to checkpoints/classification/eval_fits_bs8_seed43/state.pt ---
Epoch 155
Epoch 155, Training Loss: 0.5003, Validation Loss: 0.6143
--- Saved model to checkpoints/classification/eval_fits_bs8_seed43/state.pt ---
Epoch 156
Epoch 156, Training Loss: 0.4766, Validation Loss: 0.5858
--- Saved model to checkpoints/classification/eval_fits_bs8_seed43/state.pt ---
Epoch 157
Epoch 157, Training Loss: 0.4871, Validation Loss: 0.5156
--- Saved model to checkpoints/classification/eval_fits_bs8_seed43/state.pt ---
Epoch 158
Epoch 158, Training Loss: 0.4728, Validation Loss: 0.5551
--- Saved model to checkpoints/classification/eval_fits_bs8_seed43/state.pt ---
Epoch 159
Epoch 159, Training Loss: 0.4585, Validation Loss: 0.5758
--- Saved model to checkpoints/classification/eval_fits_bs8_seed43/state.pt ---
Epoch 160
Epoch 160, Training Loss: 0.4694, Validation Loss: 0.5810
--- Saved model to checkpoints/classification/eval_fits_bs8_seed43/state.pt ---
Epoch 161
Epoch 161, Training Loss: 0.4730, Validation Loss: 0.6097
--- Saved model to checkpoints/classification/eval_fits_bs8_seed43/state.pt ---
Epoch 162
Epoch 162, Training Loss: 0.4805, Validation Loss: 0.5390
--- Saved model to checkpoints/classification/eval_fits_bs8_seed43/state.pt ---
Epoch 163
Epoch 163, Training Loss: 0.4695, Validation Loss: 0.5718
--- Saved model to checkpoints/classification/eval_fits_bs8_seed43/state.pt ---
Epoch 164
Epoch 164, Training Loss: 0.4715, Validation Loss: 0.5675
--- Saved model to checkpoints/classification/eval_fits_bs8_seed43/state.pt ---
Epoch 165
Epoch 165, Training Loss: 0.4712, Validation Loss: 0.5616
--- Saved model to checkpoints/classification/eval_fits_bs8_seed43/state.pt ---
Epoch 166
Epoch 166, Training Loss: 0.4679, Validation Loss: 0.5640
--- Saved model to checkpoints/classification/eval_fits_bs8_seed43/state.pt ---
Epoch 167
Epoch 167, Training Loss: 0.4534, Validation Loss: 0.6288
--- Saved model to checkpoints/classification/eval_fits_bs8_seed43/state.pt ---
Epoch 168
Epoch 168, Training Loss: 0.4700, Validation Loss: 0.7180
--- Saved model to checkpoints/classification/eval_fits_bs8_seed43/state.pt ---
Epoch 169
Epoch 169, Training Loss: 0.4841, Validation Loss: 0.6902
--- Saved model to checkpoints/classification/eval_fits_bs8_seed43/state.pt ---
Epoch 170
Epoch 170, Training Loss: 0.4696, Validation Loss: 0.5605
--- Saved model to checkpoints/classification/eval_fits_bs8_seed43/state.pt ---
Epoch 171
Epoch 171, Training Loss: 0.4752, Validation Loss: 0.6172
--- Saved model to checkpoints/classification/eval_fits_bs8_seed43/state.pt ---
Epoch 172
Epoch 172, Training Loss: 0.4631, Validation Loss: 0.6591
--- Saved model to checkpoints/classification/eval_fits_bs8_seed43/state.pt ---
Epoch 173
Epoch 173, Training Loss: 0.4577, Validation Loss: 0.5904
--- Saved model to checkpoints/classification/eval_fits_bs8_seed43/state.pt ---
Epoch 174
Epoch 174, Training Loss: 0.4643, Validation Loss: 0.5381
--- Saved model to checkpoints/classification/eval_fits_bs8_seed43/state.pt ---
Epoch 175
Epoch 175, Training Loss: 0.4662, Validation Loss: 0.5636
--- Saved model to checkpoints/classification/eval_fits_bs8_seed43/state.pt ---
Epoch 176
Epoch 176, Training Loss: 0.4560, Validation Loss: 0.6292
--- Saved model to checkpoints/classification/eval_fits_bs8_seed43/state.pt ---
Epoch 177
Epoch 177, Training Loss: 0.4699, Validation Loss: 0.5482
--- Saved model to checkpoints/classification/eval_fits_bs8_seed43/state.pt ---
Epoch 178
Epoch 178, Training Loss: 0.4490, Validation Loss: 0.5235
--- Saved model to checkpoints/classification/eval_fits_bs8_seed43/state.pt ---
Epoch 179
Epoch 179, Training Loss: 0.4621, Validation Loss: 0.5458
--- Saved model to checkpoints/classification/eval_fits_bs8_seed43/state.pt ---
Epoch 180
Epoch 180, Training Loss: 0.4572, Validation Loss: 0.5451
--- Saved model to checkpoints/classification/eval_fits_bs8_seed43/state.pt ---
Epoch 181
Epoch 181, Training Loss: 0.4696, Validation Loss: 0.5534
--- Saved model to checkpoints/classification/eval_fits_bs8_seed43/state.pt ---
Epoch 182
Epoch 182, Training Loss: 0.4728, Validation Loss: 0.5836
--- Saved model to checkpoints/classification/eval_fits_bs8_seed43/state.pt ---
Epoch 183
Epoch 183, Training Loss: 0.4379, Validation Loss: 0.5844
--- Saved model to checkpoints/classification/eval_fits_bs8_seed43/state.pt ---
Epoch 184
Epoch 184, Training Loss: 0.4576, Validation Loss: 0.5571
--- Saved model to checkpoints/classification/eval_fits_bs8_seed43/state.pt ---
Epoch 185
Epoch 185, Training Loss: 0.4679, Validation Loss: 0.5594
--- Saved model to checkpoints/classification/eval_fits_bs8_seed43/state.pt ---
Epoch 186
Epoch 186, Training Loss: 0.4492, Validation Loss: 0.5503
--- Saved model to checkpoints/classification/eval_fits_bs8_seed43/state.pt ---
Epoch 187
Epoch 187, Training Loss: 0.4543, Validation Loss: 0.5666
--- Saved model to checkpoints/classification/eval_fits_bs8_seed43/state.pt ---
Epoch 188
Epoch 188, Training Loss: 0.4527, Validation Loss: 0.5137
--- Saved model to checkpoints/classification/eval_fits_bs8_seed43/state.pt ---
Epoch 189
Epoch 189, Training Loss: 0.4481, Validation Loss: 0.5562
--- Saved model to checkpoints/classification/eval_fits_bs8_seed43/state.pt ---
Epoch 190
Epoch 190, Training Loss: 0.4567, Validation Loss: 0.5657
--- Saved model to checkpoints/classification/eval_fits_bs8_seed43/state.pt ---
Epoch 191
Epoch 191, Training Loss: 0.4536, Validation Loss: 0.6304
--- Saved model to checkpoints/classification/eval_fits_bs8_seed43/state.pt ---
Epoch 192
Epoch 192, Training Loss: 0.4686, Validation Loss: 0.5755
--- Saved model to checkpoints/classification/eval_fits_bs8_seed43/state.pt ---
Epoch 193
Epoch 193, Training Loss: 0.4625, Validation Loss: 0.7103
--- Saved model to checkpoints/classification/eval_fits_bs8_seed43/state.pt ---
Epoch 194
Epoch 194, Training Loss: 0.4501, Validation Loss: 0.5926
--- Saved model to checkpoints/classification/eval_fits_bs8_seed43/state.pt ---
Epoch 195
Epoch 195, Training Loss: 0.4491, Validation Loss: 0.5648
--- Saved model to checkpoints/classification/eval_fits_bs8_seed43/state.pt ---
Epoch 196
Epoch 196, Training Loss: 0.4331, Validation Loss: 0.5728
--- Saved model to checkpoints/classification/eval_fits_bs8_seed43/state.pt ---
Epoch 197
Epoch 197, Training Loss: 0.4721, Validation Loss: 0.5307
--- Saved model to checkpoints/classification/eval_fits_bs8_seed43/state.pt ---
Epoch 198
Epoch 198, Training Loss: 0.4322, Validation Loss: 0.5096
--- Saved model to checkpoints/classification/eval_fits_bs8_seed43/state.pt ---
Epoch 199
Epoch 199, Training Loss: 0.4247, Validation Loss: 0.5510
--- Saved model to checkpoints/classification/eval_fits_bs8_seed43/state.pt ---
Epoch 200
Epoch 200, Training Loss: 0.4591, Validation Loss: 0.5283
--- Saved model to checkpoints/classification/eval_fits_bs8_seed43/state.pt ---
Epoch 201
Epoch 201, Training Loss: 0.4365, Validation Loss: 0.5788
--- Saved model to checkpoints/classification/eval_fits_bs8_seed43/state.pt ---
Epoch 202
Epoch 202, Training Loss: 0.4558, Validation Loss: 0.6371
--- Saved model to checkpoints/classification/eval_fits_bs8_seed43/state.pt ---
Epoch 203
Epoch 203, Training Loss: 0.4426, Validation Loss: 0.5578
--- Saved model to checkpoints/classification/eval_fits_bs8_seed43/state.pt ---
Epoch 204
Epoch 204, Training Loss: 0.4350, Validation Loss: 0.6194
--- Saved model to checkpoints/classification/eval_fits_bs8_seed43/state.pt ---
Epoch 205
Epoch 205, Training Loss: 0.4344, Validation Loss: 0.5654
--- Saved model to checkpoints/classification/eval_fits_bs8_seed43/state.pt ---
Epoch 206
Epoch 206, Training Loss: 0.4459, Validation Loss: 0.6352
--- Saved model to checkpoints/classification/eval_fits_bs8_seed43/state.pt ---
Epoch 207
Epoch 207, Training Loss: 0.4452, Validation Loss: 0.5552
--- Saved model to checkpoints/classification/eval_fits_bs8_seed43/state.pt ---
Epoch 208
Epoch 208, Training Loss: 0.4366, Validation Loss: 0.5696
--- Saved model to checkpoints/classification/eval_fits_bs8_seed43/state.pt ---
Epoch 209
Epoch 209, Training Loss: 0.4430, Validation Loss: 0.5352
--- Saved model to checkpoints/classification/eval_fits_bs8_seed43/state.pt ---
Epoch 210
Epoch 210, Training Loss: 0.4309, Validation Loss: 0.5371
--- Saved model to checkpoints/classification/eval_fits_bs8_seed43/state.pt ---
Epoch 211
Epoch 211, Training Loss: 0.4365, Validation Loss: 0.4863 (best)
--- Saved model to checkpoints/classification/eval_fits_bs8_seed43/state.pt ---
Epoch 212
Epoch 212, Training Loss: 0.4251, Validation Loss: 0.5864
--- Saved model to checkpoints/classification/eval_fits_bs8_seed43/state.pt ---
Epoch 213
Epoch 213, Training Loss: 0.4399, Validation Loss: 0.5078
--- Saved model to checkpoints/classification/eval_fits_bs8_seed43/state.pt ---
Epoch 214
Epoch 214, Training Loss: 0.4284, Validation Loss: 0.5288
--- Saved model to checkpoints/classification/eval_fits_bs8_seed43/state.pt ---
Epoch 215
Epoch 215, Training Loss: 0.4385, Validation Loss: 0.5958
--- Saved model to checkpoints/classification/eval_fits_bs8_seed43/state.pt ---
Epoch 216
Epoch 216, Training Loss: 0.4417, Validation Loss: 0.5320
--- Saved model to checkpoints/classification/eval_fits_bs8_seed43/state.pt ---
Epoch 217
Epoch 217, Training Loss: 0.4314, Validation Loss: 0.5841
--- Saved model to checkpoints/classification/eval_fits_bs8_seed43/state.pt ---
Epoch 218
Epoch 218, Training Loss: 0.4215, Validation Loss: 0.5580
--- Saved model to checkpoints/classification/eval_fits_bs8_seed43/state.pt ---
Epoch 219
Epoch 219, Training Loss: 0.4273, Validation Loss: 0.5744
--- Saved model to checkpoints/classification/eval_fits_bs8_seed43/state.pt ---
Epoch 220
Epoch 220, Training Loss: 0.4223, Validation Loss: 0.5701
--- Saved model to checkpoints/classification/eval_fits_bs8_seed43/state.pt ---
Epoch 221
Epoch 221, Training Loss: 0.4308, Validation Loss: 0.5429
--- Saved model to checkpoints/classification/eval_fits_bs8_seed43/state.pt ---
Epoch 222
Epoch 222, Training Loss: 0.4157, Validation Loss: 0.4926
--- Saved model to checkpoints/classification/eval_fits_bs8_seed43/state.pt ---
Epoch 223
Epoch 223, Training Loss: 0.4079, Validation Loss: 0.5696
--- Saved model to checkpoints/classification/eval_fits_bs8_seed43/state.pt ---
Epoch 224
Epoch 224, Training Loss: 0.4312, Validation Loss: 0.5454
--- Saved model to checkpoints/classification/eval_fits_bs8_seed43/state.pt ---
Epoch 225
Epoch 225, Training Loss: 0.4407, Validation Loss: 0.4970
--- Saved model to checkpoints/classification/eval_fits_bs8_seed43/state.pt ---
Epoch 226
Epoch 226, Training Loss: 0.4162, Validation Loss: 0.4907
--- Saved model to checkpoints/classification/eval_fits_bs8_seed43/state.pt ---
Epoch 227
Epoch 227, Training Loss: 0.4278, Validation Loss: 0.5214
--- Saved model to checkpoints/classification/eval_fits_bs8_seed43/state.pt ---
Epoch 228
Epoch 228, Training Loss: 0.4288, Validation Loss: 0.5063
--- Saved model to checkpoints/classification/eval_fits_bs8_seed43/state.pt ---
Epoch 229
Epoch 229, Training Loss: 0.4352, Validation Loss: 0.5200
--- Saved model to checkpoints/classification/eval_fits_bs8_seed43/state.pt ---
Epoch 230
Epoch 230, Training Loss: 0.4331, Validation Loss: 0.5082
--- Saved model to checkpoints/classification/eval_fits_bs8_seed43/state.pt ---
Epoch 231
Epoch 231, Training Loss: 0.4364, Validation Loss: 0.5736
--- Saved model to checkpoints/classification/eval_fits_bs8_seed43/state.pt ---
Epoch 232
Epoch 232, Training Loss: 0.4223, Validation Loss: 0.5149
--- Saved model to checkpoints/classification/eval_fits_bs8_seed43/state.pt ---
Epoch 233
Epoch 233, Training Loss: 0.4299, Validation Loss: 0.5319
--- Saved model to checkpoints/classification/eval_fits_bs8_seed43/state.pt ---
Epoch 234
Epoch 234, Training Loss: 0.4316, Validation Loss: 0.5511
--- Saved model to checkpoints/classification/eval_fits_bs8_seed43/state.pt ---
Epoch 235
Epoch 235, Training Loss: 0.4161, Validation Loss: 0.6472
--- Saved model to checkpoints/classification/eval_fits_bs8_seed43/state.pt ---
Epoch 236
Epoch 236, Training Loss: 0.4330, Validation Loss: 0.6195
--- Saved model to checkpoints/classification/eval_fits_bs8_seed43/state.pt ---
Epoch 237
Epoch 237, Training Loss: 0.4096, Validation Loss: 0.5926
--- Saved model to checkpoints/classification/eval_fits_bs8_seed43/state.pt ---
Epoch 238
Epoch 238, Training Loss: 0.4141, Validation Loss: 0.5457
--- Saved model to checkpoints/classification/eval_fits_bs8_seed43/state.pt ---
Epoch 239
Epoch 239, Training Loss: 0.4274, Validation Loss: 0.5647
--- Saved model to checkpoints/classification/eval_fits_bs8_seed43/state.pt ---
Epoch 240
Epoch 240, Training Loss: 0.4147, Validation Loss: 0.5246
--- Saved model to checkpoints/classification/eval_fits_bs8_seed43/state.pt ---
Epoch 241
Epoch 241, Training Loss: 0.4254, Validation Loss: 0.5776
--- Saved model to checkpoints/classification/eval_fits_bs8_seed43/state.pt ---
Epoch 242
Epoch 242, Training Loss: 0.4233, Validation Loss: 0.5300
--- Saved model to checkpoints/classification/eval_fits_bs8_seed43/state.pt ---
Epoch 243
Epoch 243, Training Loss: 0.4217, Validation Loss: 0.6284
--- Saved model to checkpoints/classification/eval_fits_bs8_seed43/state.pt ---
Epoch 244
Epoch 244, Training Loss: 0.4119, Validation Loss: 0.6008
--- Saved model to checkpoints/classification/eval_fits_bs8_seed43/state.pt ---
Epoch 245
Epoch 245, Training Loss: 0.4029, Validation Loss: 0.5922
--- Saved model to checkpoints/classification/eval_fits_bs8_seed43/state.pt ---
Epoch 246
Epoch 246, Training Loss: 0.4218, Validation Loss: 0.7206
--- Saved model to checkpoints/classification/eval_fits_bs8_seed43/state.pt ---
Epoch 247
Epoch 247, Training Loss: 0.4338, Validation Loss: 0.5373
--- Saved model to checkpoints/classification/eval_fits_bs8_seed43/state.pt ---
Epoch 248
Epoch 248, Training Loss: 0.4183, Validation Loss: 0.5585
--- Saved model to checkpoints/classification/eval_fits_bs8_seed43/state.pt ---
Epoch 249
Epoch 249, Training Loss: 0.4408, Validation Loss: 0.5033
--- Saved model to checkpoints/classification/eval_fits_bs8_seed43/state.pt ---
Epoch 250
Epoch 250, Training Loss: 0.4115, Validation Loss: 0.6911
--- Saved model to checkpoints/classification/eval_fits_bs8_seed43/state.pt ---
Epoch 251
Epoch 251, Training Loss: 0.3995, Validation Loss: 0.5727
--- Saved model to checkpoints/classification/eval_fits_bs8_seed43/state.pt ---
Epoch 252
Epoch 252, Training Loss: 0.4087, Validation Loss: 0.5819
--- Saved model to checkpoints/classification/eval_fits_bs8_seed43/state.pt ---
Epoch 253
Epoch 253, Training Loss: 0.4097, Validation Loss: 0.5778
--- Saved model to checkpoints/classification/eval_fits_bs8_seed43/state.pt ---
Epoch 254
Epoch 254, Training Loss: 0.4267, Validation Loss: 0.6443
--- Saved model to checkpoints/classification/eval_fits_bs8_seed43/state.pt ---
Epoch 255
Epoch 255, Training Loss: 0.4437, Validation Loss: 0.5504
--- Saved model to checkpoints/classification/eval_fits_bs8_seed43/state.pt ---
Epoch 256
Epoch 256, Training Loss: 0.3995, Validation Loss: 0.5833
--- Saved model to checkpoints/classification/eval_fits_bs8_seed43/state.pt ---
Epoch 257
Epoch 257, Training Loss: 0.3959, Validation Loss: 0.5391
--- Saved model to checkpoints/classification/eval_fits_bs8_seed43/state.pt ---
Epoch 258
Epoch 258, Training Loss: 0.4161, Validation Loss: 0.5159
--- Saved model to checkpoints/classification/eval_fits_bs8_seed43/state.pt ---
Epoch 259
Epoch 259, Training Loss: 0.4117, Validation Loss: 0.5101
--- Saved model to checkpoints/classification/eval_fits_bs8_seed43/state.pt ---
Epoch 260
Epoch 260, Training Loss: 0.4115, Validation Loss: 0.6111
--- Saved model to checkpoints/classification/eval_fits_bs8_seed43/state.pt ---
Epoch 261
Epoch 261, Training Loss: 0.4191, Validation Loss: 0.6092
--- Saved model to checkpoints/classification/eval_fits_bs8_seed43/state.pt ---
Epoch 262
Epoch 262, Training Loss: 0.4122, Validation Loss: 0.5872
--- Saved model to checkpoints/classification/eval_fits_bs8_seed43/state.pt ---
Epoch 263
Epoch 263, Training Loss: 0.4040, Validation Loss: 0.5229
--- Saved model to checkpoints/classification/eval_fits_bs8_seed43/state.pt ---
Epoch 264
Epoch 264, Training Loss: 0.3906, Validation Loss: 0.6422
--- Saved model to checkpoints/classification/eval_fits_bs8_seed43/state.pt ---
Epoch 265
Epoch 265, Training Loss: 0.4117, Validation Loss: 0.6250
--- Saved model to checkpoints/classification/eval_fits_bs8_seed43/state.pt ---
Epoch 266
Epoch 266, Training Loss: 0.4046, Validation Loss: 0.5191
--- Saved model to checkpoints/classification/eval_fits_bs8_seed43/state.pt ---
Epoch 267
Epoch 267, Training Loss: 0.4107, Validation Loss: 0.5435
--- Saved model to checkpoints/classification/eval_fits_bs8_seed43/state.pt ---
Epoch 268
Epoch 268, Training Loss: 0.4203, Validation Loss: 0.6230
--- Saved model to checkpoints/classification/eval_fits_bs8_seed43/state.pt ---
Epoch 269
Epoch 269, Training Loss: 0.4000, Validation Loss: 0.5697
--- Saved model to checkpoints/classification/eval_fits_bs8_seed43/state.pt ---
Epoch 270
Epoch 270, Training Loss: 0.4224, Validation Loss: 0.5270
--- Saved model to checkpoints/classification/eval_fits_bs8_seed43/state.pt ---
Epoch 271
Epoch 271, Training Loss: 0.3922, Validation Loss: 0.5493
--- Saved model to checkpoints/classification/eval_fits_bs8_seed43/state.pt ---
Epoch 272
Epoch 272, Training Loss: 0.4045, Validation Loss: 0.6046
--- Saved model to checkpoints/classification/eval_fits_bs8_seed43/state.pt ---
Epoch 273
Epoch 273, Training Loss: 0.3945, Validation Loss: 0.6238
--- Saved model to checkpoints/classification/eval_fits_bs8_seed43/state.pt ---
Epoch 274
Epoch 274, Training Loss: 0.4191, Validation Loss: 0.5701
--- Saved model to checkpoints/classification/eval_fits_bs8_seed43/state.pt ---
Epoch 275
Epoch 275, Training Loss: 0.3830, Validation Loss: 0.5668
--- Saved model to checkpoints/classification/eval_fits_bs8_seed43/state.pt ---
Epoch 276
Epoch 276, Training Loss: 0.4014, Validation Loss: 0.5338
--- Saved model to checkpoints/classification/eval_fits_bs8_seed43/state.pt ---
Epoch 277
Epoch 277, Training Loss: 0.4004, Validation Loss: 0.6293
--- Saved model to checkpoints/classification/eval_fits_bs8_seed43/state.pt ---
Epoch 278
Epoch 278, Training Loss: 0.4035, Validation Loss: 0.5342
--- Saved model to checkpoints/classification/eval_fits_bs8_seed43/state.pt ---
Epoch 279
Epoch 279, Training Loss: 0.4104, Validation Loss: 0.5747
--- Saved model to checkpoints/classification/eval_fits_bs8_seed43/state.pt ---
Epoch 280
Epoch 280, Training Loss: 0.3920, Validation Loss: 0.6002
--- Saved model to checkpoints/classification/eval_fits_bs8_seed43/state.pt ---
Epoch 281
Epoch 281, Training Loss: 0.4185, Validation Loss: 0.5814
--- Saved model to checkpoints/classification/eval_fits_bs8_seed43/state.pt ---
Epoch 282
Epoch 282, Training Loss: 0.3901, Validation Loss: 0.5657
--- Saved model to checkpoints/classification/eval_fits_bs8_seed43/state.pt ---
Epoch 283
Epoch 283, Training Loss: 0.3819, Validation Loss: 0.6517
--- Saved model to checkpoints/classification/eval_fits_bs8_seed43/state.pt ---
Epoch 284
Epoch 284, Training Loss: 0.3848, Validation Loss: 0.5335
--- Saved model to checkpoints/classification/eval_fits_bs8_seed43/state.pt ---
Epoch 285
Epoch 285, Training Loss: 0.4072, Validation Loss: 0.5843
--- Saved model to checkpoints/classification/eval_fits_bs8_seed43/state.pt ---
Epoch 286
Epoch 286, Training Loss: 0.3726, Validation Loss: 0.6411
--- Saved model to checkpoints/classification/eval_fits_bs8_seed43/state.pt ---
Epoch 287
Epoch 287, Training Loss: 0.3971, Validation Loss: 0.5742
--- Saved model to checkpoints/classification/eval_fits_bs8_seed43/state.pt ---
Epoch 288
Epoch 288, Training Loss: 0.4072, Validation Loss: 0.5187
--- Saved model to checkpoints/classification/eval_fits_bs8_seed43/state.pt ---
Epoch 289
Epoch 289, Training Loss: 0.4010, Validation Loss: 0.5591
--- Saved model to checkpoints/classification/eval_fits_bs8_seed43/state.pt ---
Epoch 290
Epoch 290, Training Loss: 0.3899, Validation Loss: 0.5877
--- Saved model to checkpoints/classification/eval_fits_bs8_seed43/state.pt ---
Epoch 291
Epoch 291, Training Loss: 0.4016, Validation Loss: 0.5334
--- Saved model to checkpoints/classification/eval_fits_bs8_seed43/state.pt ---
Epoch 292
Epoch 292, Training Loss: 0.3913, Validation Loss: 0.5993
--- Saved model to checkpoints/classification/eval_fits_bs8_seed43/state.pt ---
Epoch 293
Epoch 293, Training Loss: 0.3965, Validation Loss: 0.5497
--- Saved model to checkpoints/classification/eval_fits_bs8_seed43/state.pt ---
Epoch 294
Epoch 294, Training Loss: 0.4033, Validation Loss: 0.6255
--- Saved model to checkpoints/classification/eval_fits_bs8_seed43/state.pt ---
Epoch 295
Epoch 295, Training Loss: 0.4231, Validation Loss: 0.6378
--- Saved model to checkpoints/classification/eval_fits_bs8_seed43/state.pt ---
Epoch 296
Epoch 296, Training Loss: 0.4012, Validation Loss: 0.4771 (best)
--- Saved model to checkpoints/classification/eval_fits_bs8_seed43/state.pt ---
Epoch 297
Epoch 297, Training Loss: 0.3933, Validation Loss: 0.5528
--- Saved model to checkpoints/classification/eval_fits_bs8_seed43/state.pt ---
Epoch 298
Epoch 298, Training Loss: 0.4248, Validation Loss: 0.6130
--- Saved model to checkpoints/classification/eval_fits_bs8_seed43/state.pt ---
Epoch 299
Epoch 299, Training Loss: 0.3928, Validation Loss: 0.5860
--- Saved model to checkpoints/classification/eval_fits_bs8_seed43/state.pt ---
Restored best model (val loss 0.4771)
--- Saved model to checkpoints/classification/eval_fits_bs8_seed43/state.pt ---
Testing model
Accuracy: 72.47%

============================================================
Run 3/5  |  seed=44  |  tag=eval_fits_bs8_seed44  |  results -> results/classification/20260928_214903_eval_fits_bs8_13889488_seed44
============================================================

Training classification for 300 epochs
Epoch 0
Epoch 0, Training Loss: 0.7113, Validation Loss: 0.7014 (best)
--- Saved model to checkpoints/classification/eval_fits_bs8_seed44/state.pt ---
Epoch 1
Epoch 1, Training Loss: 0.6773, Validation Loss: 0.6564 (best)
--- Saved model to checkpoints/classification/eval_fits_bs8_seed44/state.pt ---
Epoch 2
Epoch 2, Training Loss: 0.6636, Validation Loss: 0.6881
--- Saved model to checkpoints/classification/eval_fits_bs8_seed44/state.pt ---
Epoch 3
Epoch 3, Training Loss: 0.6504, Validation Loss: 0.6313 (best)
--- Saved model to checkpoints/classification/eval_fits_bs8_seed44/state.pt ---
Epoch 4
Epoch 4, Training Loss: 0.6518, Validation Loss: 0.6280 (best)
--- Saved model to checkpoints/classification/eval_fits_bs8_seed44/state.pt ---
Epoch 5
Epoch 5, Training Loss: 0.6405, Validation Loss: 0.6408
--- Saved model to checkpoints/classification/eval_fits_bs8_seed44/state.pt ---
Epoch 6
Epoch 6, Training Loss: 0.6451, Validation Loss: 0.6238 (best)
--- Saved model to checkpoints/classification/eval_fits_bs8_seed44/state.pt ---
Epoch 7
Epoch 7, Training Loss: 0.6430, Validation Loss: 0.6254
--- Saved model to checkpoints/classification/eval_fits_bs8_seed44/state.pt ---
Epoch 8
Epoch 8, Training Loss: 0.6354, Validation Loss: 0.6507
--- Saved model to checkpoints/classification/eval_fits_bs8_seed44/state.pt ---
Epoch 9
Epoch 9, Training Loss: 0.6338, Validation Loss: 0.6359
--- Saved model to checkpoints/classification/eval_fits_bs8_seed44/state.pt ---
Epoch 10
Epoch 10, Training Loss: 0.6290, Validation Loss: 0.6928
--- Saved model to checkpoints/classification/eval_fits_bs8_seed44/state.pt ---
Epoch 11
Epoch 11, Training Loss: 0.6338, Validation Loss: 0.6695
--- Saved model to checkpoints/classification/eval_fits_bs8_seed44/state.pt ---
Epoch 12
Epoch 12, Training Loss: 0.6346, Validation Loss: 0.6789
--- Saved model to checkpoints/classification/eval_fits_bs8_seed44/state.pt ---
Epoch 13
Epoch 13, Training Loss: 0.6207, Validation Loss: 0.6043 (best)
--- Saved model to checkpoints/classification/eval_fits_bs8_seed44/state.pt ---
Epoch 14
Epoch 14, Training Loss: 0.6296, Validation Loss: 0.6612
--- Saved model to checkpoints/classification/eval_fits_bs8_seed44/state.pt ---
Epoch 15
Epoch 15, Training Loss: 0.6150, Validation Loss: 0.6623
--- Saved model to checkpoints/classification/eval_fits_bs8_seed44/state.pt ---
Epoch 16
Epoch 16, Training Loss: 0.6183, Validation Loss: 0.5756 (best)
--- Saved model to checkpoints/classification/eval_fits_bs8_seed44/state.pt ---
Epoch 17
Epoch 17, Training Loss: 0.6077, Validation Loss: 0.5833
--- Saved model to checkpoints/classification/eval_fits_bs8_seed44/state.pt ---
Epoch 18
Epoch 18, Training Loss: 0.6008, Validation Loss: 0.6463
--- Saved model to checkpoints/classification/eval_fits_bs8_seed44/state.pt ---
Epoch 19
Epoch 19, Training Loss: 0.6100, Validation Loss: 0.6073
--- Saved model to checkpoints/classification/eval_fits_bs8_seed44/state.pt ---
Epoch 20
Epoch 20, Training Loss: 0.6058, Validation Loss: 0.5941
--- Saved model to checkpoints/classification/eval_fits_bs8_seed44/state.pt ---
Epoch 21
Epoch 21, Training Loss: 0.6011, Validation Loss: 0.6241
--- Saved model to checkpoints/classification/eval_fits_bs8_seed44/state.pt ---
Epoch 22
Epoch 22, Training Loss: 0.5878, Validation Loss: 0.5686 (best)
--- Saved model to checkpoints/classification/eval_fits_bs8_seed44/state.pt ---
Epoch 23
Epoch 23, Training Loss: 0.5939, Validation Loss: 0.5840
--- Saved model to checkpoints/classification/eval_fits_bs8_seed44/state.pt ---
Epoch 24
Epoch 24, Training Loss: 0.5874, Validation Loss: 0.6070
--- Saved model to checkpoints/classification/eval_fits_bs8_seed44/state.pt ---
Epoch 25
Epoch 25, Training Loss: 0.5953, Validation Loss: 0.5666 (best)
--- Saved model to checkpoints/classification/eval_fits_bs8_seed44/state.pt ---
Epoch 26
Epoch 26, Training Loss: 0.5933, Validation Loss: 0.6095
--- Saved model to checkpoints/classification/eval_fits_bs8_seed44/state.pt ---
Epoch 27
Epoch 27, Training Loss: 0.5839, Validation Loss: 0.5623 (best)
--- Saved model to checkpoints/classification/eval_fits_bs8_seed44/state.pt ---
Epoch 28
Epoch 28, Training Loss: 0.5855, Validation Loss: 0.5861
--- Saved model to checkpoints/classification/eval_fits_bs8_seed44/state.pt ---
Epoch 29
Epoch 29, Training Loss: 0.5815, Validation Loss: 0.5552 (best)
--- Saved model to checkpoints/classification/eval_fits_bs8_seed44/state.pt ---
Epoch 30
Epoch 30, Training Loss: 0.5785, Validation Loss: 0.5663
--- Saved model to checkpoints/classification/eval_fits_bs8_seed44/state.pt ---
Epoch 31
Epoch 31, Training Loss: 0.5880, Validation Loss: 0.5730
--- Saved model to checkpoints/classification/eval_fits_bs8_seed44/state.pt ---
Epoch 32
Epoch 32, Training Loss: 0.5937, Validation Loss: 0.5660
--- Saved model to checkpoints/classification/eval_fits_bs8_seed44/state.pt ---
Epoch 33
Epoch 33, Training Loss: 0.5824, Validation Loss: 0.6327
--- Saved model to checkpoints/classification/eval_fits_bs8_seed44/state.pt ---
Epoch 34
Epoch 34, Training Loss: 0.5780, Validation Loss: 0.5876
--- Saved model to checkpoints/classification/eval_fits_bs8_seed44/state.pt ---
Epoch 35
Epoch 35, Training Loss: 0.5813, Validation Loss: 0.5830
--- Saved model to checkpoints/classification/eval_fits_bs8_seed44/state.pt ---
Epoch 36
Epoch 36, Training Loss: 0.5741, Validation Loss: 0.6237
--- Saved model to checkpoints/classification/eval_fits_bs8_seed44/state.pt ---
Epoch 37
Epoch 37, Training Loss: 0.5731, Validation Loss: 0.6314
--- Saved model to checkpoints/classification/eval_fits_bs8_seed44/state.pt ---
Epoch 38
Epoch 38, Training Loss: 0.5687, Validation Loss: 0.5641
--- Saved model to checkpoints/classification/eval_fits_bs8_seed44/state.pt ---
Epoch 39
Epoch 39, Training Loss: 0.5816, Validation Loss: 0.6134
--- Saved model to checkpoints/classification/eval_fits_bs8_seed44/state.pt ---
Epoch 40
Epoch 40, Training Loss: 0.5750, Validation Loss: 0.5573
--- Saved model to checkpoints/classification/eval_fits_bs8_seed44/state.pt ---
Epoch 41
Epoch 41, Training Loss: 0.5714, Validation Loss: 0.5491 (best)
--- Saved model to checkpoints/classification/eval_fits_bs8_seed44/state.pt ---
Epoch 42
Epoch 42, Training Loss: 0.5691, Validation Loss: 0.6049
--- Saved model to checkpoints/classification/eval_fits_bs8_seed44/state.pt ---
Epoch 43
Epoch 43, Training Loss: 0.5600, Validation Loss: 0.5985
--- Saved model to checkpoints/classification/eval_fits_bs8_seed44/state.pt ---
Epoch 44
Epoch 44, Training Loss: 0.5696, Validation Loss: 0.6438
--- Saved model to checkpoints/classification/eval_fits_bs8_seed44/state.pt ---
Epoch 45
Epoch 45, Training Loss: 0.5641, Validation Loss: 0.5581
--- Saved model to checkpoints/classification/eval_fits_bs8_seed44/state.pt ---
Epoch 46
Epoch 46, Training Loss: 0.5686, Validation Loss: 0.6349
--- Saved model to checkpoints/classification/eval_fits_bs8_seed44/state.pt ---
Epoch 47
Epoch 47, Training Loss: 0.5717, Validation Loss: 0.5661
--- Saved model to checkpoints/classification/eval_fits_bs8_seed44/state.pt ---
Epoch 48
Epoch 48, Training Loss: 0.5720, Validation Loss: 0.5543
--- Saved model to checkpoints/classification/eval_fits_bs8_seed44/state.pt ---
Epoch 49
Epoch 49, Training Loss: 0.5614, Validation Loss: 0.6358
--- Saved model to checkpoints/classification/eval_fits_bs8_seed44/state.pt ---
Epoch 50
Epoch 50, Training Loss: 0.5706, Validation Loss: 0.5792
--- Saved model to checkpoints/classification/eval_fits_bs8_seed44/state.pt ---
Epoch 51
Epoch 51, Training Loss: 0.5619, Validation Loss: 0.5666
--- Saved model to checkpoints/classification/eval_fits_bs8_seed44/state.pt ---
Epoch 52
Epoch 52, Training Loss: 0.5679, Validation Loss: 0.5734
--- Saved model to checkpoints/classification/eval_fits_bs8_seed44/state.pt ---
Epoch 53
Epoch 53, Training Loss: 0.5610, Validation Loss: 0.6318
--- Saved model to checkpoints/classification/eval_fits_bs8_seed44/state.pt ---
Epoch 54
Epoch 54, Training Loss: 0.5594, Validation Loss: 0.6026
--- Saved model to checkpoints/classification/eval_fits_bs8_seed44/state.pt ---
Epoch 55
Epoch 55, Training Loss: 0.5633, Validation Loss: 0.5724
--- Saved model to checkpoints/classification/eval_fits_bs8_seed44/state.pt ---
Epoch 56
Epoch 56, Training Loss: 0.5493, Validation Loss: 0.5664
--- Saved model to checkpoints/classification/eval_fits_bs8_seed44/state.pt ---
Epoch 57
Epoch 57, Training Loss: 0.5529, Validation Loss: 0.5727
--- Saved model to checkpoints/classification/eval_fits_bs8_seed44/state.pt ---
Epoch 58
Epoch 58, Training Loss: 0.5574, Validation Loss: 0.6028
--- Saved model to checkpoints/classification/eval_fits_bs8_seed44/state.pt ---
Epoch 59
Epoch 59, Training Loss: 0.5583, Validation Loss: 0.5737
--- Saved model to checkpoints/classification/eval_fits_bs8_seed44/state.pt ---
Epoch 60
Epoch 60, Training Loss: 0.5509, Validation Loss: 0.5478 (best)
--- Saved model to checkpoints/classification/eval_fits_bs8_seed44/state.pt ---
Epoch 61
Epoch 61, Training Loss: 0.5640, Validation Loss: 0.6888
--- Saved model to checkpoints/classification/eval_fits_bs8_seed44/state.pt ---
Epoch 62
Epoch 62, Training Loss: 0.5602, Validation Loss: 0.5613
--- Saved model to checkpoints/classification/eval_fits_bs8_seed44/state.pt ---
Epoch 63
Epoch 63, Training Loss: 0.5573, Validation Loss: 0.5978
--- Saved model to checkpoints/classification/eval_fits_bs8_seed44/state.pt ---
Epoch 64
Epoch 64, Training Loss: 0.5631, Validation Loss: 0.6112
--- Saved model to checkpoints/classification/eval_fits_bs8_seed44/state.pt ---
Epoch 65
Epoch 65, Training Loss: 0.5493, Validation Loss: 0.6060
--- Saved model to checkpoints/classification/eval_fits_bs8_seed44/state.pt ---
Epoch 66
Epoch 66, Training Loss: 0.5531, Validation Loss: 0.6122
--- Saved model to checkpoints/classification/eval_fits_bs8_seed44/state.pt ---
Epoch 67
Epoch 67, Training Loss: 0.5731, Validation Loss: 0.6495
--- Saved model to checkpoints/classification/eval_fits_bs8_seed44/state.pt ---
Epoch 68
Epoch 68, Training Loss: 0.5585, Validation Loss: 0.5317 (best)
--- Saved model to checkpoints/classification/eval_fits_bs8_seed44/state.pt ---
Epoch 69
Epoch 69, Training Loss: 0.5561, Validation Loss: 0.5811
--- Saved model to checkpoints/classification/eval_fits_bs8_seed44/state.pt ---
Epoch 70
Epoch 70, Training Loss: 0.5520, Validation Loss: 0.5526
--- Saved model to checkpoints/classification/eval_fits_bs8_seed44/state.pt ---
Epoch 71
Epoch 71, Training Loss: 0.5512, Validation Loss: 0.7329
--- Saved model to checkpoints/classification/eval_fits_bs8_seed44/state.pt ---
Epoch 72
Epoch 72, Training Loss: 0.5526, Validation Loss: 0.6677
--- Saved model to checkpoints/classification/eval_fits_bs8_seed44/state.pt ---
Epoch 73
Epoch 73, Training Loss: 0.5547, Validation Loss: 0.5957
--- Saved model to checkpoints/classification/eval_fits_bs8_seed44/state.pt ---
Epoch 74
Epoch 74, Training Loss: 0.5558, Validation Loss: 0.6087
--- Saved model to checkpoints/classification/eval_fits_bs8_seed44/state.pt ---
Epoch 75
Epoch 75, Training Loss: 0.5548, Validation Loss: 0.6323
--- Saved model to checkpoints/classification/eval_fits_bs8_seed44/state.pt ---
Epoch 76
Epoch 76, Training Loss: 0.5496, Validation Loss: 0.6069
--- Saved model to checkpoints/classification/eval_fits_bs8_seed44/state.pt ---
Epoch 77
Epoch 77, Training Loss: 0.5448, Validation Loss: 0.5981
--- Saved model to checkpoints/classification/eval_fits_bs8_seed44/state.pt ---
Epoch 78
Epoch 78, Training Loss: 0.5483, Validation Loss: 0.6220
--- Saved model to checkpoints/classification/eval_fits_bs8_seed44/state.pt ---
Epoch 79
Epoch 79, Training Loss: 0.5549, Validation Loss: 0.5747
--- Saved model to checkpoints/classification/eval_fits_bs8_seed44/state.pt ---
Epoch 80
Epoch 80, Training Loss: 0.5525, Validation Loss: 0.6415
--- Saved model to checkpoints/classification/eval_fits_bs8_seed44/state.pt ---
Epoch 81
Epoch 81, Training Loss: 0.5498, Validation Loss: 0.6138
--- Saved model to checkpoints/classification/eval_fits_bs8_seed44/state.pt ---
Epoch 82
Epoch 82, Training Loss: 0.5496, Validation Loss: 0.5387
--- Saved model to checkpoints/classification/eval_fits_bs8_seed44/state.pt ---
Epoch 83
Epoch 83, Training Loss: 0.5409, Validation Loss: 0.5758
--- Saved model to checkpoints/classification/eval_fits_bs8_seed44/state.pt ---
Epoch 84
Epoch 84, Training Loss: 0.5545, Validation Loss: 0.6047
--- Saved model to checkpoints/classification/eval_fits_bs8_seed44/state.pt ---
Epoch 85
Epoch 85, Training Loss: 0.5426, Validation Loss: 0.5680
--- Saved model to checkpoints/classification/eval_fits_bs8_seed44/state.pt ---
Epoch 86
Epoch 86, Training Loss: 0.5484, Validation Loss: 0.5463
--- Saved model to checkpoints/classification/eval_fits_bs8_seed44/state.pt ---
Epoch 87
Epoch 87, Training Loss: 0.5372, Validation Loss: 0.5686
--- Saved model to checkpoints/classification/eval_fits_bs8_seed44/state.pt ---
Epoch 88
Epoch 88, Training Loss: 0.5462, Validation Loss: 0.6267
--- Saved model to checkpoints/classification/eval_fits_bs8_seed44/state.pt ---
Epoch 89
Epoch 89, Training Loss: 0.5402, Validation Loss: 0.6043
--- Saved model to checkpoints/classification/eval_fits_bs8_seed44/state.pt ---
Epoch 90
Epoch 90, Training Loss: 0.5456, Validation Loss: 0.6272
--- Saved model to checkpoints/classification/eval_fits_bs8_seed44/state.pt ---
Epoch 91
Epoch 91, Training Loss: 0.5440, Validation Loss: 0.5190 (best)
--- Saved model to checkpoints/classification/eval_fits_bs8_seed44/state.pt ---
Epoch 92
Epoch 92, Training Loss: 0.5356, Validation Loss: 0.5289
--- Saved model to checkpoints/classification/eval_fits_bs8_seed44/state.pt ---
Epoch 93
Epoch 93, Training Loss: 0.5514, Validation Loss: 0.5934
--- Saved model to checkpoints/classification/eval_fits_bs8_seed44/state.pt ---
Epoch 94
Epoch 94, Training Loss: 0.5436, Validation Loss: 0.5698
--- Saved model to checkpoints/classification/eval_fits_bs8_seed44/state.pt ---
Epoch 95
Epoch 95, Training Loss: 0.5518, Validation Loss: 0.7086
--- Saved model to checkpoints/classification/eval_fits_bs8_seed44/state.pt ---
Epoch 96
Epoch 96, Training Loss: 0.5451, Validation Loss: 0.6204
--- Saved model to checkpoints/classification/eval_fits_bs8_seed44/state.pt ---
Epoch 97
Epoch 97, Training Loss: 0.5391, Validation Loss: 0.5928
--- Saved model to checkpoints/classification/eval_fits_bs8_seed44/state.pt ---
Epoch 98
Epoch 98, Training Loss: 0.5452, Validation Loss: 0.5736
--- Saved model to checkpoints/classification/eval_fits_bs8_seed44/state.pt ---
Epoch 99
Epoch 99, Training Loss: 0.5266, Validation Loss: 0.6396
--- Saved model to checkpoints/classification/eval_fits_bs8_seed44/state.pt ---
Epoch 100
Epoch 100, Training Loss: 0.5341, Validation Loss: 0.5848
--- Saved model to checkpoints/classification/eval_fits_bs8_seed44/state.pt ---
Epoch 101
Epoch 101, Training Loss: 0.5362, Validation Loss: 0.6115
--- Saved model to checkpoints/classification/eval_fits_bs8_seed44/state.pt ---
Epoch 102
Epoch 102, Training Loss: 0.5459, Validation Loss: 0.6597
--- Saved model to checkpoints/classification/eval_fits_bs8_seed44/state.pt ---
Epoch 103
Epoch 103, Training Loss: 0.5403, Validation Loss: 0.6791
--- Saved model to checkpoints/classification/eval_fits_bs8_seed44/state.pt ---
Epoch 104
Epoch 104, Training Loss: 0.5387, Validation Loss: 0.5631
--- Saved model to checkpoints/classification/eval_fits_bs8_seed44/state.pt ---
Epoch 105
Epoch 105, Training Loss: 0.5370, Validation Loss: 0.5752
--- Saved model to checkpoints/classification/eval_fits_bs8_seed44/state.pt ---
Epoch 106
Epoch 106, Training Loss: 0.5134, Validation Loss: 0.5213
--- Saved model to checkpoints/classification/eval_fits_bs8_seed44/state.pt ---
Epoch 107
Epoch 107, Training Loss: 0.5311, Validation Loss: 0.7299
--- Saved model to checkpoints/classification/eval_fits_bs8_seed44/state.pt ---
Epoch 108
Epoch 108, Training Loss: 0.5257, Validation Loss: 0.7228
--- Saved model to checkpoints/classification/eval_fits_bs8_seed44/state.pt ---
Epoch 109
Epoch 109, Training Loss: 0.5272, Validation Loss: 0.7501
--- Saved model to checkpoints/classification/eval_fits_bs8_seed44/state.pt ---
Epoch 110
Epoch 110, Training Loss: 0.5290, Validation Loss: 0.5517
--- Saved model to checkpoints/classification/eval_fits_bs8_seed44/state.pt ---
Epoch 111
Epoch 111, Training Loss: 0.5285, Validation Loss: 0.6307
--- Saved model to checkpoints/classification/eval_fits_bs8_seed44/state.pt ---
Epoch 112
Epoch 112, Training Loss: 0.5287, Validation Loss: 0.6576
--- Saved model to checkpoints/classification/eval_fits_bs8_seed44/state.pt ---
Epoch 113
Epoch 113, Training Loss: 0.5312, Validation Loss: 0.5303
--- Saved model to checkpoints/classification/eval_fits_bs8_seed44/state.pt ---
Epoch 114
Epoch 114, Training Loss: 0.5222, Validation Loss: 0.6449
--- Saved model to checkpoints/classification/eval_fits_bs8_seed44/state.pt ---
Epoch 115
Epoch 115, Training Loss: 0.5330, Validation Loss: 0.6027
--- Saved model to checkpoints/classification/eval_fits_bs8_seed44/state.pt ---
Epoch 116
Epoch 116, Training Loss: 0.5164, Validation Loss: 0.5958
--- Saved model to checkpoints/classification/eval_fits_bs8_seed44/state.pt ---
Epoch 117
Epoch 117, Training Loss: 0.5240, Validation Loss: 0.5350
--- Saved model to checkpoints/classification/eval_fits_bs8_seed44/state.pt ---
Epoch 118
Epoch 118, Training Loss: 0.5164, Validation Loss: 0.5699
--- Saved model to checkpoints/classification/eval_fits_bs8_seed44/state.pt ---
Epoch 119
Epoch 119, Training Loss: 0.5214, Validation Loss: 0.6280
--- Saved model to checkpoints/classification/eval_fits_bs8_seed44/state.pt ---
Epoch 120
Epoch 120, Training Loss: 0.5039, Validation Loss: 0.6498
--- Saved model to checkpoints/classification/eval_fits_bs8_seed44/state.pt ---
Epoch 121
Epoch 121, Training Loss: 0.5173, Validation Loss: 0.6085
--- Saved model to checkpoints/classification/eval_fits_bs8_seed44/state.pt ---
Epoch 122
Epoch 122, Training Loss: 0.5150, Validation Loss: 0.6990
--- Saved model to checkpoints/classification/eval_fits_bs8_seed44/state.pt ---
Epoch 123
Epoch 123, Training Loss: 0.5258, Validation Loss: 0.6664
--- Saved model to checkpoints/classification/eval_fits_bs8_seed44/state.pt ---
Epoch 124
Epoch 124, Training Loss: 0.5159, Validation Loss: 0.5980
--- Saved model to checkpoints/classification/eval_fits_bs8_seed44/state.pt ---
Epoch 125
Epoch 125, Training Loss: 0.5168, Validation Loss: 0.6261
--- Saved model to checkpoints/classification/eval_fits_bs8_seed44/state.pt ---
Epoch 126
Epoch 126, Training Loss: 0.5105, Validation Loss: 0.5922
--- Saved model to checkpoints/classification/eval_fits_bs8_seed44/state.pt ---
Epoch 127
Epoch 127, Training Loss: 0.5043, Validation Loss: 0.6169
--- Saved model to checkpoints/classification/eval_fits_bs8_seed44/state.pt ---
Epoch 128
Epoch 128, Training Loss: 0.5063, Validation Loss: 0.6189
--- Saved model to checkpoints/classification/eval_fits_bs8_seed44/state.pt ---
Epoch 129
Epoch 129, Training Loss: 0.5092, Validation Loss: 0.6034
--- Saved model to checkpoints/classification/eval_fits_bs8_seed44/state.pt ---
Epoch 130
Epoch 130, Training Loss: 0.5184, Validation Loss: 0.5934
--- Saved model to checkpoints/classification/eval_fits_bs8_seed44/state.pt ---
Epoch 131
Epoch 131, Training Loss: 0.5208, Validation Loss: 0.6327
--- Saved model to checkpoints/classification/eval_fits_bs8_seed44/state.pt ---
Epoch 132
Epoch 132, Training Loss: 0.5086, Validation Loss: 0.6584
--- Saved model to checkpoints/classification/eval_fits_bs8_seed44/state.pt ---
Epoch 133
Epoch 133, Training Loss: 0.4967, Validation Loss: 0.6935
--- Saved model to checkpoints/classification/eval_fits_bs8_seed44/state.pt ---
Epoch 134
Epoch 134, Training Loss: 0.5148, Validation Loss: 0.6802
--- Saved model to checkpoints/classification/eval_fits_bs8_seed44/state.pt ---
Epoch 135
Epoch 135, Training Loss: 0.5010, Validation Loss: 0.5695
--- Saved model to checkpoints/classification/eval_fits_bs8_seed44/state.pt ---
Epoch 136
Epoch 136, Training Loss: 0.4994, Validation Loss: 0.5945
--- Saved model to checkpoints/classification/eval_fits_bs8_seed44/state.pt ---
Epoch 137
Epoch 137, Training Loss: 0.4967, Validation Loss: 0.6919
--- Saved model to checkpoints/classification/eval_fits_bs8_seed44/state.pt ---
Epoch 138
Epoch 138, Training Loss: 0.5144, Validation Loss: 0.6468
--- Saved model to checkpoints/classification/eval_fits_bs8_seed44/state.pt ---
Epoch 139
Epoch 139, Training Loss: 0.5029, Validation Loss: 0.6111
--- Saved model to checkpoints/classification/eval_fits_bs8_seed44/state.pt ---
Epoch 140
Epoch 140, Training Loss: 0.4973, Validation Loss: 0.6749
--- Saved model to checkpoints/classification/eval_fits_bs8_seed44/state.pt ---
Epoch 141
Epoch 141, Training Loss: 0.5010, Validation Loss: 0.5491
--- Saved model to checkpoints/classification/eval_fits_bs8_seed44/state.pt ---
Epoch 142
Epoch 142, Training Loss: 0.4947, Validation Loss: 0.6205
--- Saved model to checkpoints/classification/eval_fits_bs8_seed44/state.pt ---
Epoch 143
Epoch 143, Training Loss: 0.5030, Validation Loss: 0.6435
--- Saved model to checkpoints/classification/eval_fits_bs8_seed44/state.pt ---
Epoch 144
Epoch 144, Training Loss: 0.4940, Validation Loss: 0.6818
--- Saved model to checkpoints/classification/eval_fits_bs8_seed44/state.pt ---
Epoch 145
Epoch 145, Training Loss: 0.4930, Validation Loss: 0.6809
--- Saved model to checkpoints/classification/eval_fits_bs8_seed44/state.pt ---
Epoch 146
Epoch 146, Training Loss: 0.4978, Validation Loss: 0.6288
--- Saved model to checkpoints/classification/eval_fits_bs8_seed44/state.pt ---
Epoch 147
Epoch 147, Training Loss: 0.4984, Validation Loss: 0.6158
--- Saved model to checkpoints/classification/eval_fits_bs8_seed44/state.pt ---
Epoch 148
Epoch 148, Training Loss: 0.4902, Validation Loss: 0.5344
--- Saved model to checkpoints/classification/eval_fits_bs8_seed44/state.pt ---
Epoch 149
Epoch 149, Training Loss: 0.4876, Validation Loss: 0.8538
--- Saved model to checkpoints/classification/eval_fits_bs8_seed44/state.pt ---
Epoch 150
Epoch 150, Training Loss: 0.4793, Validation Loss: 0.6922
--- Saved model to checkpoints/classification/eval_fits_bs8_seed44/state.pt ---
Epoch 151
Epoch 151, Training Loss: 0.4856, Validation Loss: 0.6269
--- Saved model to checkpoints/classification/eval_fits_bs8_seed44/state.pt ---
Epoch 152
Epoch 152, Training Loss: 0.4870, Validation Loss: 0.5968
--- Saved model to checkpoints/classification/eval_fits_bs8_seed44/state.pt ---
Epoch 153
Epoch 153, Training Loss: 0.4748, Validation Loss: 0.6267
--- Saved model to checkpoints/classification/eval_fits_bs8_seed44/state.pt ---
Epoch 154
Epoch 154, Training Loss: 0.5005, Validation Loss: 0.6335
--- Saved model to checkpoints/classification/eval_fits_bs8_seed44/state.pt ---
Epoch 155
Epoch 155, Training Loss: 0.4815, Validation Loss: 0.5136 (best)
--- Saved model to checkpoints/classification/eval_fits_bs8_seed44/state.pt ---
Epoch 156
Epoch 156, Training Loss: 0.4746, Validation Loss: 0.6087
--- Saved model to checkpoints/classification/eval_fits_bs8_seed44/state.pt ---
Epoch 157
Epoch 157, Training Loss: 0.4790, Validation Loss: 0.6109
--- Saved model to checkpoints/classification/eval_fits_bs8_seed44/state.pt ---
Epoch 158
Epoch 158, Training Loss: 0.4812, Validation Loss: 0.6323
--- Saved model to checkpoints/classification/eval_fits_bs8_seed44/state.pt ---
Epoch 159
Epoch 159, Training Loss: 0.4705, Validation Loss: 0.8553
--- Saved model to checkpoints/classification/eval_fits_bs8_seed44/state.pt ---
Epoch 160
Epoch 160, Training Loss: 0.4661, Validation Loss: 0.6081
--- Saved model to checkpoints/classification/eval_fits_bs8_seed44/state.pt ---
Epoch 161
Epoch 161, Training Loss: 0.4868, Validation Loss: 0.6246
--- Saved model to checkpoints/classification/eval_fits_bs8_seed44/state.pt ---
Epoch 162
Epoch 162, Training Loss: 0.4794, Validation Loss: 0.6384
--- Saved model to checkpoints/classification/eval_fits_bs8_seed44/state.pt ---
Epoch 163
Epoch 163, Training Loss: 0.4517, Validation Loss: 0.5831
--- Saved model to checkpoints/classification/eval_fits_bs8_seed44/state.pt ---
Epoch 164
Epoch 164, Training Loss: 0.4648, Validation Loss: 0.6687
--- Saved model to checkpoints/classification/eval_fits_bs8_seed44/state.pt ---
Epoch 165
Epoch 165, Training Loss: 0.4657, Validation Loss: 0.5349
--- Saved model to checkpoints/classification/eval_fits_bs8_seed44/state.pt ---
Epoch 166
Epoch 166, Training Loss: 0.4762, Validation Loss: 0.5536
--- Saved model to checkpoints/classification/eval_fits_bs8_seed44/state.pt ---
Epoch 167
Epoch 167, Training Loss: 0.4674, Validation Loss: 0.5659
--- Saved model to checkpoints/classification/eval_fits_bs8_seed44/state.pt ---
Epoch 168
Epoch 168, Training Loss: 0.4529, Validation Loss: 0.5810
--- Saved model to checkpoints/classification/eval_fits_bs8_seed44/state.pt ---
Epoch 169
Epoch 169, Training Loss: 0.4576, Validation Loss: 0.5593
--- Saved model to checkpoints/classification/eval_fits_bs8_seed44/state.pt ---
Epoch 170
Epoch 170, Training Loss: 0.4691, Validation Loss: 0.5603
--- Saved model to checkpoints/classification/eval_fits_bs8_seed44/state.pt ---
Epoch 171
Epoch 171, Training Loss: 0.4766, Validation Loss: 0.5903
--- Saved model to checkpoints/classification/eval_fits_bs8_seed44/state.pt ---
Epoch 172
Epoch 172, Training Loss: 0.4604, Validation Loss: 0.5465
--- Saved model to checkpoints/classification/eval_fits_bs8_seed44/state.pt ---
Epoch 173
Epoch 173, Training Loss: 0.4592, Validation Loss: 0.5834
--- Saved model to checkpoints/classification/eval_fits_bs8_seed44/state.pt ---
Epoch 174
Epoch 174, Training Loss: 0.4539, Validation Loss: 0.6496
--- Saved model to checkpoints/classification/eval_fits_bs8_seed44/state.pt ---
Epoch 175
Epoch 175, Training Loss: 0.4658, Validation Loss: 0.5788
--- Saved model to checkpoints/classification/eval_fits_bs8_seed44/state.pt ---
Epoch 176
Epoch 176, Training Loss: 0.4537, Validation Loss: 0.6524
--- Saved model to checkpoints/classification/eval_fits_bs8_seed44/state.pt ---
Epoch 177
Epoch 177, Training Loss: 0.4568, Validation Loss: 0.5590
--- Saved model to checkpoints/classification/eval_fits_bs8_seed44/state.pt ---
Epoch 178
Epoch 178, Training Loss: 0.4677, Validation Loss: 0.6559
--- Saved model to checkpoints/classification/eval_fits_bs8_seed44/state.pt ---
Epoch 179
Epoch 179, Training Loss: 0.4458, Validation Loss: 0.5352
--- Saved model to checkpoints/classification/eval_fits_bs8_seed44/state.pt ---
Epoch 180
Epoch 180, Training Loss: 0.4512, Validation Loss: 0.5640
--- Saved model to checkpoints/classification/eval_fits_bs8_seed44/state.pt ---
Epoch 181
Epoch 181, Training Loss: 0.4424, Validation Loss: 0.5310
--- Saved model to checkpoints/classification/eval_fits_bs8_seed44/state.pt ---
Epoch 182
Epoch 182, Training Loss: 0.4436, Validation Loss: 0.6140
--- Saved model to checkpoints/classification/eval_fits_bs8_seed44/state.pt ---
Epoch 183
Epoch 183, Training Loss: 0.4413, Validation Loss: 0.6554
--- Saved model to checkpoints/classification/eval_fits_bs8_seed44/state.pt ---
Epoch 184
Epoch 184, Training Loss: 0.4532, Validation Loss: 0.5656
--- Saved model to checkpoints/classification/eval_fits_bs8_seed44/state.pt ---
Epoch 185
Epoch 185, Training Loss: 0.4587, Validation Loss: 0.5578
--- Saved model to checkpoints/classification/eval_fits_bs8_seed44/state.pt ---
Epoch 186
Epoch 186, Training Loss: 0.4334, Validation Loss: 0.6946
--- Saved model to checkpoints/classification/eval_fits_bs8_seed44/state.pt ---
Epoch 187
Epoch 187, Training Loss: 0.4465, Validation Loss: 0.5212
--- Saved model to checkpoints/classification/eval_fits_bs8_seed44/state.pt ---
Epoch 188
Epoch 188, Training Loss: 0.4330, Validation Loss: 0.5680
--- Saved model to checkpoints/classification/eval_fits_bs8_seed44/state.pt ---
Epoch 189
Epoch 189, Training Loss: 0.4494, Validation Loss: 0.5807
--- Saved model to checkpoints/classification/eval_fits_bs8_seed44/state.pt ---
Epoch 190
Epoch 190, Training Loss: 0.4437, Validation Loss: 0.5550
--- Saved model to checkpoints/classification/eval_fits_bs8_seed44/state.pt ---
Epoch 191
Epoch 191, Training Loss: 0.4396, Validation Loss: 0.5680
--- Saved model to checkpoints/classification/eval_fits_bs8_seed44/state.pt ---
Epoch 192
Epoch 192, Training Loss: 0.4484, Validation Loss: 0.5635
--- Saved model to checkpoints/classification/eval_fits_bs8_seed44/state.pt ---
Epoch 193
Epoch 193, Training Loss: 0.4408, Validation Loss: 0.6517
--- Saved model to checkpoints/classification/eval_fits_bs8_seed44/state.pt ---
Epoch 194
Epoch 194, Training Loss: 0.4581, Validation Loss: 0.5088 (best)
--- Saved model to checkpoints/classification/eval_fits_bs8_seed44/state.pt ---
Epoch 195
Epoch 195, Training Loss: 0.4323, Validation Loss: 0.5990
--- Saved model to checkpoints/classification/eval_fits_bs8_seed44/state.pt ---
Epoch 196
Epoch 196, Training Loss: 0.4371, Validation Loss: 0.6149
--- Saved model to checkpoints/classification/eval_fits_bs8_seed44/state.pt ---
Epoch 197
Epoch 197, Training Loss: 0.4294, Validation Loss: 0.6021
--- Saved model to checkpoints/classification/eval_fits_bs8_seed44/state.pt ---
Epoch 198
Epoch 198, Training Loss: 0.4365, Validation Loss: 0.5621
--- Saved model to checkpoints/classification/eval_fits_bs8_seed44/state.pt ---
Epoch 199
Epoch 199, Training Loss: 0.4281, Validation Loss: 0.5592
--- Saved model to checkpoints/classification/eval_fits_bs8_seed44/state.pt ---
Epoch 200
Epoch 200, Training Loss: 0.4365, Validation Loss: 0.5635
--- Saved model to checkpoints/classification/eval_fits_bs8_seed44/state.pt ---
Epoch 201
Epoch 201, Training Loss: 0.4268, Validation Loss: 0.7294
--- Saved model to checkpoints/classification/eval_fits_bs8_seed44/state.pt ---
Epoch 202
Epoch 202, Training Loss: 0.4393, Validation Loss: 0.5165
--- Saved model to checkpoints/classification/eval_fits_bs8_seed44/state.pt ---
Epoch 203
Epoch 203, Training Loss: 0.4282, Validation Loss: 0.5749
--- Saved model to checkpoints/classification/eval_fits_bs8_seed44/state.pt ---
Epoch 204
Epoch 204, Training Loss: 0.4337, Validation Loss: 0.6245
--- Saved model to checkpoints/classification/eval_fits_bs8_seed44/state.pt ---
Epoch 205
Epoch 205, Training Loss: 0.4496, Validation Loss: 0.5456
--- Saved model to checkpoints/classification/eval_fits_bs8_seed44/state.pt ---
Epoch 206
Epoch 206, Training Loss: 0.4215, Validation Loss: 0.6103
--- Saved model to checkpoints/classification/eval_fits_bs8_seed44/state.pt ---
Epoch 207
Epoch 207, Training Loss: 0.4298, Validation Loss: 0.5657
--- Saved model to checkpoints/classification/eval_fits_bs8_seed44/state.pt ---
Epoch 208
Epoch 208, Training Loss: 0.4360, Validation Loss: 0.6105
--- Saved model to checkpoints/classification/eval_fits_bs8_seed44/state.pt ---
Epoch 209
Epoch 209, Training Loss: 0.4220, Validation Loss: 0.5358
--- Saved model to checkpoints/classification/eval_fits_bs8_seed44/state.pt ---
Epoch 210
Epoch 210, Training Loss: 0.4226, Validation Loss: 0.5623
--- Saved model to checkpoints/classification/eval_fits_bs8_seed44/state.pt ---
Epoch 211
Epoch 211, Training Loss: 0.4299, Validation Loss: 0.6226
--- Saved model to checkpoints/classification/eval_fits_bs8_seed44/state.pt ---
Epoch 212
Epoch 212, Training Loss: 0.4078, Validation Loss: 0.4950 (best)
--- Saved model to checkpoints/classification/eval_fits_bs8_seed44/state.pt ---
Epoch 213
Epoch 213, Training Loss: 0.4322, Validation Loss: 0.5369
--- Saved model to checkpoints/classification/eval_fits_bs8_seed44/state.pt ---
Epoch 214
Epoch 214, Training Loss: 0.4211, Validation Loss: 0.5246
--- Saved model to checkpoints/classification/eval_fits_bs8_seed44/state.pt ---
Epoch 215
Epoch 215, Training Loss: 0.4239, Validation Loss: 0.5732
--- Saved model to checkpoints/classification/eval_fits_bs8_seed44/state.pt ---
Epoch 216
Epoch 216, Training Loss: 0.4255, Validation Loss: 0.5250
--- Saved model to checkpoints/classification/eval_fits_bs8_seed44/state.pt ---
Epoch 217
Epoch 217, Training Loss: 0.4280, Validation Loss: 0.6196
--- Saved model to checkpoints/classification/eval_fits_bs8_seed44/state.pt ---
Epoch 218
Epoch 218, Training Loss: 0.4163, Validation Loss: 0.6149
--- Saved model to checkpoints/classification/eval_fits_bs8_seed44/state.pt ---
Epoch 219
Epoch 219, Training Loss: 0.4075, Validation Loss: 0.5450
--- Saved model to checkpoints/classification/eval_fits_bs8_seed44/state.pt ---
Epoch 220
Epoch 220, Training Loss: 0.4161, Validation Loss: 0.5672
--- Saved model to checkpoints/classification/eval_fits_bs8_seed44/state.pt ---
Epoch 221
Epoch 221, Training Loss: 0.4241, Validation Loss: 0.5762
--- Saved model to checkpoints/classification/eval_fits_bs8_seed44/state.pt ---
Epoch 222
Epoch 222, Training Loss: 0.4142, Validation Loss: 0.5531
--- Saved model to checkpoints/classification/eval_fits_bs8_seed44/state.pt ---
Epoch 223
Epoch 223, Training Loss: 0.4306, Validation Loss: 0.5335
--- Saved model to checkpoints/classification/eval_fits_bs8_seed44/state.pt ---
Epoch 224
Epoch 224, Training Loss: 0.4238, Validation Loss: 0.5546
--- Saved model to checkpoints/classification/eval_fits_bs8_seed44/state.pt ---
Epoch 225
Epoch 225, Training Loss: 0.4056, Validation Loss: 0.6040
--- Saved model to checkpoints/classification/eval_fits_bs8_seed44/state.pt ---
Epoch 226
Epoch 226, Training Loss: 0.4077, Validation Loss: 0.5874
--- Saved model to checkpoints/classification/eval_fits_bs8_seed44/state.pt ---
Epoch 227
Epoch 227, Training Loss: 0.4052, Validation Loss: 0.5392
--- Saved model to checkpoints/classification/eval_fits_bs8_seed44/state.pt ---
Epoch 228
Epoch 228, Training Loss: 0.4108, Validation Loss: 0.5580
--- Saved model to checkpoints/classification/eval_fits_bs8_seed44/state.pt ---
Epoch 229
Epoch 229, Training Loss: 0.4200, Validation Loss: 0.5052
--- Saved model to checkpoints/classification/eval_fits_bs8_seed44/state.pt ---
Epoch 230
Epoch 230, Training Loss: 0.4194, Validation Loss: 0.5303
--- Saved model to checkpoints/classification/eval_fits_bs8_seed44/state.pt ---
Epoch 231
Epoch 231, Training Loss: 0.4054, Validation Loss: 0.5543
--- Saved model to checkpoints/classification/eval_fits_bs8_seed44/state.pt ---
Epoch 232
Epoch 232, Training Loss: 0.4253, Validation Loss: 0.5095
--- Saved model to checkpoints/classification/eval_fits_bs8_seed44/state.pt ---
Epoch 233
Epoch 233, Training Loss: 0.4271, Validation Loss: 0.5132
--- Saved model to checkpoints/classification/eval_fits_bs8_seed44/state.pt ---
Epoch 234
Epoch 234, Training Loss: 0.4148, Validation Loss: 0.5396
--- Saved model to checkpoints/classification/eval_fits_bs8_seed44/state.pt ---
Epoch 235
Epoch 235, Training Loss: 0.4206, Validation Loss: 0.5776
--- Saved model to checkpoints/classification/eval_fits_bs8_seed44/state.pt ---
Epoch 236
Epoch 236, Training Loss: 0.4227, Validation Loss: 0.4943 (best)
--- Saved model to checkpoints/classification/eval_fits_bs8_seed44/state.pt ---
Epoch 237
Epoch 237, Training Loss: 0.4194, Validation Loss: 0.5361
--- Saved model to checkpoints/classification/eval_fits_bs8_seed44/state.pt ---
Epoch 238
Epoch 238, Training Loss: 0.4128, Validation Loss: 0.5120
--- Saved model to checkpoints/classification/eval_fits_bs8_seed44/state.pt ---
Epoch 239
Epoch 239, Training Loss: 0.4173, Validation Loss: 0.5251
--- Saved model to checkpoints/classification/eval_fits_bs8_seed44/state.pt ---
Epoch 240
Epoch 240, Training Loss: 0.4171, Validation Loss: 0.5368
--- Saved model to checkpoints/classification/eval_fits_bs8_seed44/state.pt ---
Epoch 241
Epoch 241, Training Loss: 0.4163, Validation Loss: 0.5378
--- Saved model to checkpoints/classification/eval_fits_bs8_seed44/state.pt ---
Epoch 242
Epoch 242, Training Loss: 0.4197, Validation Loss: 0.5244
--- Saved model to checkpoints/classification/eval_fits_bs8_seed44/state.pt ---
Epoch 243
Epoch 243, Training Loss: 0.4055, Validation Loss: 0.5164
--- Saved model to checkpoints/classification/eval_fits_bs8_seed44/state.pt ---
Epoch 244
Epoch 244, Training Loss: 0.4064, Validation Loss: 0.5053
--- Saved model to checkpoints/classification/eval_fits_bs8_seed44/state.pt ---
Epoch 245
Epoch 245, Training Loss: 0.3974, Validation Loss: 0.5878
--- Saved model to checkpoints/classification/eval_fits_bs8_seed44/state.pt ---
Epoch 246
Epoch 246, Training Loss: 0.4140, Validation Loss: 0.5157
--- Saved model to checkpoints/classification/eval_fits_bs8_seed44/state.pt ---
Epoch 247
Epoch 247, Training Loss: 0.4036, Validation Loss: 0.5372
--- Saved model to checkpoints/classification/eval_fits_bs8_seed44/state.pt ---
Epoch 248
Epoch 248, Training Loss: 0.4118, Validation Loss: 0.5400
--- Saved model to checkpoints/classification/eval_fits_bs8_seed44/state.pt ---
Epoch 249
Epoch 249, Training Loss: 0.4155, Validation Loss: 0.5388
--- Saved model to checkpoints/classification/eval_fits_bs8_seed44/state.pt ---
Epoch 250
Epoch 250, Training Loss: 0.4144, Validation Loss: 0.5314
--- Saved model to checkpoints/classification/eval_fits_bs8_seed44/state.pt ---
Epoch 251
Epoch 251, Training Loss: 0.4071, Validation Loss: 0.5615
--- Saved model to checkpoints/classification/eval_fits_bs8_seed44/state.pt ---
Epoch 252
Epoch 252, Training Loss: 0.3949, Validation Loss: 0.5477
--- Saved model to checkpoints/classification/eval_fits_bs8_seed44/state.pt ---
Epoch 253
Epoch 253, Training Loss: 0.3999, Validation Loss: 0.5508
--- Saved model to checkpoints/classification/eval_fits_bs8_seed44/state.pt ---
Epoch 254
Epoch 254, Training Loss: 0.4067, Validation Loss: 0.5166
--- Saved model to checkpoints/classification/eval_fits_bs8_seed44/state.pt ---
Epoch 255
Epoch 255, Training Loss: 0.4139, Validation Loss: 0.5491
--- Saved model to checkpoints/classification/eval_fits_bs8_seed44/state.pt ---
Epoch 256
Epoch 256, Training Loss: 0.4167, Validation Loss: 0.5291
--- Saved model to checkpoints/classification/eval_fits_bs8_seed44/state.pt ---
Epoch 257
Epoch 257, Training Loss: 0.3981, Validation Loss: 0.5458
--- Saved model to checkpoints/classification/eval_fits_bs8_seed44/state.pt ---
Epoch 258
Epoch 258, Training Loss: 0.4253, Validation Loss: 0.5137
--- Saved model to checkpoints/classification/eval_fits_bs8_seed44/state.pt ---
Epoch 259
Epoch 259, Training Loss: 0.3832, Validation Loss: 0.5500
--- Saved model to checkpoints/classification/eval_fits_bs8_seed44/state.pt ---
Epoch 260
Epoch 260, Training Loss: 0.4060, Validation Loss: 0.5806
--- Saved model to checkpoints/classification/eval_fits_bs8_seed44/state.pt ---
Epoch 261
Epoch 261, Training Loss: 0.3893, Validation Loss: 0.5900
--- Saved model to checkpoints/classification/eval_fits_bs8_seed44/state.pt ---
Epoch 262
Epoch 262, Training Loss: 0.4088, Validation Loss: 0.5213
--- Saved model to checkpoints/classification/eval_fits_bs8_seed44/state.pt ---
Epoch 263
Epoch 263, Training Loss: 0.4088, Validation Loss: 0.5434
--- Saved model to checkpoints/classification/eval_fits_bs8_seed44/state.pt ---
Epoch 264
Epoch 264, Training Loss: 0.4075, Validation Loss: 0.5270
--- Saved model to checkpoints/classification/eval_fits_bs8_seed44/state.pt ---
Epoch 265
Epoch 265, Training Loss: 0.4084, Validation Loss: 0.5289
--- Saved model to checkpoints/classification/eval_fits_bs8_seed44/state.pt ---
Epoch 266
Epoch 266, Training Loss: 0.3853, Validation Loss: 0.5048
--- Saved model to checkpoints/classification/eval_fits_bs8_seed44/state.pt ---
Epoch 267
Epoch 267, Training Loss: 0.4120, Validation Loss: 0.5380
--- Saved model to checkpoints/classification/eval_fits_bs8_seed44/state.pt ---
Epoch 268
Epoch 268, Training Loss: 0.4089, Validation Loss: 0.5139
--- Saved model to checkpoints/classification/eval_fits_bs8_seed44/state.pt ---
Epoch 269
Epoch 269, Training Loss: 0.3758, Validation Loss: 0.5096
--- Saved model to checkpoints/classification/eval_fits_bs8_seed44/state.pt ---
Epoch 270
Epoch 270, Training Loss: 0.4078, Validation Loss: 0.5098
--- Saved model to checkpoints/classification/eval_fits_bs8_seed44/state.pt ---
Epoch 271
Epoch 271, Training Loss: 0.3976, Validation Loss: 0.5364
--- Saved model to checkpoints/classification/eval_fits_bs8_seed44/state.pt ---
Epoch 272
Epoch 272, Training Loss: 0.4002, Validation Loss: 0.5277
--- Saved model to checkpoints/classification/eval_fits_bs8_seed44/state.pt ---
Epoch 273
Epoch 273, Training Loss: 0.3985, Validation Loss: 0.5657
--- Saved model to checkpoints/classification/eval_fits_bs8_seed44/state.pt ---
Epoch 274
Epoch 274, Training Loss: 0.4006, Validation Loss: 0.5427
--- Saved model to checkpoints/classification/eval_fits_bs8_seed44/state.pt ---
Epoch 275
Epoch 275, Training Loss: 0.3854, Validation Loss: 0.5318
--- Saved model to checkpoints/classification/eval_fits_bs8_seed44/state.pt ---
Epoch 276
Epoch 276, Training Loss: 0.3932, Validation Loss: 0.5520
--- Saved model to checkpoints/classification/eval_fits_bs8_seed44/state.pt ---
Epoch 277
Epoch 277, Training Loss: 0.4084, Validation Loss: 0.5056
--- Saved model to checkpoints/classification/eval_fits_bs8_seed44/state.pt ---
Epoch 278
Epoch 278, Training Loss: 0.3777, Validation Loss: 0.5033
--- Saved model to checkpoints/classification/eval_fits_bs8_seed44/state.pt ---
Epoch 279
Epoch 279, Training Loss: 0.3771, Validation Loss: 0.5504
--- Saved model to checkpoints/classification/eval_fits_bs8_seed44/state.pt ---
Epoch 280
Epoch 280, Training Loss: 0.4094, Validation Loss: 0.5391
--- Saved model to checkpoints/classification/eval_fits_bs8_seed44/state.pt ---
Epoch 281
Epoch 281, Training Loss: 0.3930, Validation Loss: 0.6222
--- Saved model to checkpoints/classification/eval_fits_bs8_seed44/state.pt ---
Epoch 282
Epoch 282, Training Loss: 0.3916, Validation Loss: 0.5901
--- Saved model to checkpoints/classification/eval_fits_bs8_seed44/state.pt ---
Epoch 283
Epoch 283, Training Loss: 0.3840, Validation Loss: 0.5821
--- Saved model to checkpoints/classification/eval_fits_bs8_seed44/state.pt ---
Epoch 284
Epoch 284, Training Loss: 0.3817, Validation Loss: 0.5831
--- Saved model to checkpoints/classification/eval_fits_bs8_seed44/state.pt ---
Epoch 285
Epoch 285, Training Loss: 0.3992, Validation Loss: 0.5601
--- Saved model to checkpoints/classification/eval_fits_bs8_seed44/state.pt ---
Epoch 286
Epoch 286, Training Loss: 0.4012, Validation Loss: 0.5592
--- Saved model to checkpoints/classification/eval_fits_bs8_seed44/state.pt ---
Epoch 287
Epoch 287, Training Loss: 0.4031, Validation Loss: 0.5866
--- Saved model to checkpoints/classification/eval_fits_bs8_seed44/state.pt ---
Epoch 288
Epoch 288, Training Loss: 0.3940, Validation Loss: 0.5417
--- Saved model to checkpoints/classification/eval_fits_bs8_seed44/state.pt ---
Epoch 289
Epoch 289, Training Loss: 0.4027, Validation Loss: 0.5616
--- Saved model to checkpoints/classification/eval_fits_bs8_seed44/state.pt ---
Epoch 290
Epoch 290, Training Loss: 0.3865, Validation Loss: 0.5224
--- Saved model to checkpoints/classification/eval_fits_bs8_seed44/state.pt ---
Epoch 291
Epoch 291, Training Loss: 0.3976, Validation Loss: 0.5311
--- Saved model to checkpoints/classification/eval_fits_bs8_seed44/state.pt ---
Epoch 292
Epoch 292, Training Loss: 0.3851, Validation Loss: 0.5194
--- Saved model to checkpoints/classification/eval_fits_bs8_seed44/state.pt ---
Epoch 293
Epoch 293, Training Loss: 0.3972, Validation Loss: 0.4963
--- Saved model to checkpoints/classification/eval_fits_bs8_seed44/state.pt ---
Epoch 294
Epoch 294, Training Loss: 0.3843, Validation Loss: 0.5224
--- Saved model to checkpoints/classification/eval_fits_bs8_seed44/state.pt ---
Epoch 295
Epoch 295, Training Loss: 0.3820, Validation Loss: 0.5459
--- Saved model to checkpoints/classification/eval_fits_bs8_seed44/state.pt ---
Epoch 296
Epoch 296, Training Loss: 0.3699, Validation Loss: 0.5037
--- Saved model to checkpoints/classification/eval_fits_bs8_seed44/state.pt ---
Epoch 297
Epoch 297, Training Loss: 0.3845, Validation Loss: 0.5519
--- Saved model to checkpoints/classification/eval_fits_bs8_seed44/state.pt ---
Epoch 298
Epoch 298, Training Loss: 0.3846, Validation Loss: 0.6199
--- Saved model to checkpoints/classification/eval_fits_bs8_seed44/state.pt ---
Epoch 299
Epoch 299, Training Loss: 0.3875, Validation Loss: 0.5240
--- Saved model to checkpoints/classification/eval_fits_bs8_seed44/state.pt ---
Restored best model (val loss 0.4943)
--- Saved model to checkpoints/classification/eval_fits_bs8_seed44/state.pt ---
Testing model
Accuracy: 78.09%

============================================================
Run 4/5  |  seed=45  |  tag=eval_fits_bs8_seed45  |  results -> results/classification/20260928_221455_eval_fits_bs8_13889488_seed45
============================================================

Training classification for 300 epochs
Epoch 0
Epoch 0, Training Loss: 0.7138, Validation Loss: 0.6807 (best)
--- Saved model to checkpoints/classification/eval_fits_bs8_seed45/state.pt ---
Epoch 1
Epoch 1, Training Loss: 0.6967, Validation Loss: 0.6884
--- Saved model to checkpoints/classification/eval_fits_bs8_seed45/state.pt ---
Epoch 2
Epoch 2, Training Loss: 0.6916, Validation Loss: 0.6892
--- Saved model to checkpoints/classification/eval_fits_bs8_seed45/state.pt ---
Epoch 3
Epoch 3, Training Loss: 0.6910, Validation Loss: 0.6833
--- Saved model to checkpoints/classification/eval_fits_bs8_seed45/state.pt ---
Epoch 4
Epoch 4, Training Loss: 0.6914, Validation Loss: 0.6883
--- Saved model to checkpoints/classification/eval_fits_bs8_seed45/state.pt ---
Epoch 5
Epoch 5, Training Loss: 0.6889, Validation Loss: 0.6815
--- Saved model to checkpoints/classification/eval_fits_bs8_seed45/state.pt ---
Epoch 6
Epoch 6, Training Loss: 0.6863, Validation Loss: 0.6970
--- Saved model to checkpoints/classification/eval_fits_bs8_seed45/state.pt ---
Epoch 7
Epoch 7, Training Loss: 0.6735, Validation Loss: 0.6718 (best)
--- Saved model to checkpoints/classification/eval_fits_bs8_seed45/state.pt ---
Epoch 8
Epoch 8, Training Loss: 0.6736, Validation Loss: 0.6895
--- Saved model to checkpoints/classification/eval_fits_bs8_seed45/state.pt ---
Epoch 9
Epoch 9, Training Loss: 0.6564, Validation Loss: 0.6647 (best)
--- Saved model to checkpoints/classification/eval_fits_bs8_seed45/state.pt ---
Epoch 10
Epoch 10, Training Loss: 0.6645, Validation Loss: 0.6553 (best)
--- Saved model to checkpoints/classification/eval_fits_bs8_seed45/state.pt ---
Epoch 11
Epoch 11, Training Loss: 0.6521, Validation Loss: 0.6924
--- Saved model to checkpoints/classification/eval_fits_bs8_seed45/state.pt ---
Epoch 12
Epoch 12, Training Loss: 0.6453, Validation Loss: 0.6869
--- Saved model to checkpoints/classification/eval_fits_bs8_seed45/state.pt ---
Epoch 13
Epoch 13, Training Loss: 0.6504, Validation Loss: 0.6330 (best)
--- Saved model to checkpoints/classification/eval_fits_bs8_seed45/state.pt ---
Epoch 14
Epoch 14, Training Loss: 0.6445, Validation Loss: 0.6312 (best)
--- Saved model to checkpoints/classification/eval_fits_bs8_seed45/state.pt ---
Epoch 15
Epoch 15, Training Loss: 0.6451, Validation Loss: 0.6729
--- Saved model to checkpoints/classification/eval_fits_bs8_seed45/state.pt ---
Epoch 16
Epoch 16, Training Loss: 0.6441, Validation Loss: 0.6437
--- Saved model to checkpoints/classification/eval_fits_bs8_seed45/state.pt ---
Epoch 17
Epoch 17, Training Loss: 0.6340, Validation Loss: 0.6236 (best)
--- Saved model to checkpoints/classification/eval_fits_bs8_seed45/state.pt ---
Epoch 18
Epoch 18, Training Loss: 0.6383, Validation Loss: 0.6757
--- Saved model to checkpoints/classification/eval_fits_bs8_seed45/state.pt ---
Epoch 19
Epoch 19, Training Loss: 0.6337, Validation Loss: 0.6281
--- Saved model to checkpoints/classification/eval_fits_bs8_seed45/state.pt ---
Epoch 20
Epoch 20, Training Loss: 0.6287, Validation Loss: 0.6211 (best)
--- Saved model to checkpoints/classification/eval_fits_bs8_seed45/state.pt ---
Epoch 21
Epoch 21, Training Loss: 0.6235, Validation Loss: 0.6296
--- Saved model to checkpoints/classification/eval_fits_bs8_seed45/state.pt ---
Epoch 22
Epoch 22, Training Loss: 0.6191, Validation Loss: 0.6047 (best)
--- Saved model to checkpoints/classification/eval_fits_bs8_seed45/state.pt ---
Epoch 23
Epoch 23, Training Loss: 0.6203, Validation Loss: 0.6146
--- Saved model to checkpoints/classification/eval_fits_bs8_seed45/state.pt ---
Epoch 24
Epoch 24, Training Loss: 0.6153, Validation Loss: 0.6382
--- Saved model to checkpoints/classification/eval_fits_bs8_seed45/state.pt ---
Epoch 25
Epoch 25, Training Loss: 0.6227, Validation Loss: 0.5922 (best)
--- Saved model to checkpoints/classification/eval_fits_bs8_seed45/state.pt ---
Epoch 26
Epoch 26, Training Loss: 0.6089, Validation Loss: 0.6200
--- Saved model to checkpoints/classification/eval_fits_bs8_seed45/state.pt ---
Epoch 27
Epoch 27, Training Loss: 0.6147, Validation Loss: 0.5936
--- Saved model to checkpoints/classification/eval_fits_bs8_seed45/state.pt ---
Epoch 28
Epoch 28, Training Loss: 0.6078, Validation Loss: 0.5833 (best)
--- Saved model to checkpoints/classification/eval_fits_bs8_seed45/state.pt ---
Epoch 29
Epoch 29, Training Loss: 0.6007, Validation Loss: 0.6621
--- Saved model to checkpoints/classification/eval_fits_bs8_seed45/state.pt ---
Epoch 30
Epoch 30, Training Loss: 0.5944, Validation Loss: 0.6154
--- Saved model to checkpoints/classification/eval_fits_bs8_seed45/state.pt ---
Epoch 31
Epoch 31, Training Loss: 0.6026, Validation Loss: 0.6046
--- Saved model to checkpoints/classification/eval_fits_bs8_seed45/state.pt ---
Epoch 32
Epoch 32, Training Loss: 0.5989, Validation Loss: 0.6258
--- Saved model to checkpoints/classification/eval_fits_bs8_seed45/state.pt ---
Epoch 33
Epoch 33, Training Loss: 0.5911, Validation Loss: 0.6129
--- Saved model to checkpoints/classification/eval_fits_bs8_seed45/state.pt ---
Epoch 34
Epoch 34, Training Loss: 0.5983, Validation Loss: 0.6535
--- Saved model to checkpoints/classification/eval_fits_bs8_seed45/state.pt ---
Epoch 35
Epoch 35, Training Loss: 0.5885, Validation Loss: 0.5721 (best)
--- Saved model to checkpoints/classification/eval_fits_bs8_seed45/state.pt ---
Epoch 36
Epoch 36, Training Loss: 0.5890, Validation Loss: 0.6245
--- Saved model to checkpoints/classification/eval_fits_bs8_seed45/state.pt ---
Epoch 37
Epoch 37, Training Loss: 0.5929, Validation Loss: 0.6025
--- Saved model to checkpoints/classification/eval_fits_bs8_seed45/state.pt ---
Epoch 38
Epoch 38, Training Loss: 0.5847, Validation Loss: 0.5790
--- Saved model to checkpoints/classification/eval_fits_bs8_seed45/state.pt ---
Epoch 39
Epoch 39, Training Loss: 0.5887, Validation Loss: 0.6068
--- Saved model to checkpoints/classification/eval_fits_bs8_seed45/state.pt ---
Epoch 40
Epoch 40, Training Loss: 0.5842, Validation Loss: 0.6771
--- Saved model to checkpoints/classification/eval_fits_bs8_seed45/state.pt ---
Epoch 41
Epoch 41, Training Loss: 0.5795, Validation Loss: 0.5969
--- Saved model to checkpoints/classification/eval_fits_bs8_seed45/state.pt ---
Epoch 42
Epoch 42, Training Loss: 0.5816, Validation Loss: 0.5896
--- Saved model to checkpoints/classification/eval_fits_bs8_seed45/state.pt ---
Epoch 43
Epoch 43, Training Loss: 0.5798, Validation Loss: 0.6083
--- Saved model to checkpoints/classification/eval_fits_bs8_seed45/state.pt ---
Epoch 44
Epoch 44, Training Loss: 0.5787, Validation Loss: 0.6452
--- Saved model to checkpoints/classification/eval_fits_bs8_seed45/state.pt ---
Epoch 45
Epoch 45, Training Loss: 0.5751, Validation Loss: 0.5908
--- Saved model to checkpoints/classification/eval_fits_bs8_seed45/state.pt ---
Epoch 46
Epoch 46, Training Loss: 0.5741, Validation Loss: 0.5958
--- Saved model to checkpoints/classification/eval_fits_bs8_seed45/state.pt ---
Epoch 47
Epoch 47, Training Loss: 0.5695, Validation Loss: 0.6669
--- Saved model to checkpoints/classification/eval_fits_bs8_seed45/state.pt ---
Epoch 48
Epoch 48, Training Loss: 0.5725, Validation Loss: 0.5664 (best)
--- Saved model to checkpoints/classification/eval_fits_bs8_seed45/state.pt ---
Epoch 49
Epoch 49, Training Loss: 0.5795, Validation Loss: 0.6250
--- Saved model to checkpoints/classification/eval_fits_bs8_seed45/state.pt ---
Epoch 50
Epoch 50, Training Loss: 0.5661, Validation Loss: 0.6213
--- Saved model to checkpoints/classification/eval_fits_bs8_seed45/state.pt ---
Epoch 51
Epoch 51, Training Loss: 0.5634, Validation Loss: 0.5514 (best)
--- Saved model to checkpoints/classification/eval_fits_bs8_seed45/state.pt ---
Epoch 52
Epoch 52, Training Loss: 0.5654, Validation Loss: 0.6667
--- Saved model to checkpoints/classification/eval_fits_bs8_seed45/state.pt ---
Epoch 53
Epoch 53, Training Loss: 0.5737, Validation Loss: 0.5872
--- Saved model to checkpoints/classification/eval_fits_bs8_seed45/state.pt ---
Epoch 54
Epoch 54, Training Loss: 0.5557, Validation Loss: 0.5758
--- Saved model to checkpoints/classification/eval_fits_bs8_seed45/state.pt ---
Epoch 55
Epoch 55, Training Loss: 0.5662, Validation Loss: 0.6309
--- Saved model to checkpoints/classification/eval_fits_bs8_seed45/state.pt ---
Epoch 56
Epoch 56, Training Loss: 0.5593, Validation Loss: 0.6028
--- Saved model to checkpoints/classification/eval_fits_bs8_seed45/state.pt ---
Epoch 57
Epoch 57, Training Loss: 0.5569, Validation Loss: 0.5556
--- Saved model to checkpoints/classification/eval_fits_bs8_seed45/state.pt ---
Epoch 58
Epoch 58, Training Loss: 0.5649, Validation Loss: 0.5812
--- Saved model to checkpoints/classification/eval_fits_bs8_seed45/state.pt ---
Epoch 59
Epoch 59, Training Loss: 0.5536, Validation Loss: 0.5607
--- Saved model to checkpoints/classification/eval_fits_bs8_seed45/state.pt ---
Epoch 60
Epoch 60, Training Loss: 0.5498, Validation Loss: 0.5966
--- Saved model to checkpoints/classification/eval_fits_bs8_seed45/state.pt ---
Epoch 61
Epoch 61, Training Loss: 0.5455, Validation Loss: 0.5855
--- Saved model to checkpoints/classification/eval_fits_bs8_seed45/state.pt ---
Epoch 62
Epoch 62, Training Loss: 0.5525, Validation Loss: 0.6186
--- Saved model to checkpoints/classification/eval_fits_bs8_seed45/state.pt ---
Epoch 63
Epoch 63, Training Loss: 0.5554, Validation Loss: 0.5946
--- Saved model to checkpoints/classification/eval_fits_bs8_seed45/state.pt ---
Epoch 64
Epoch 64, Training Loss: 0.5522, Validation Loss: 0.6733
--- Saved model to checkpoints/classification/eval_fits_bs8_seed45/state.pt ---
Epoch 65
Epoch 65, Training Loss: 0.5526, Validation Loss: 0.6188
--- Saved model to checkpoints/classification/eval_fits_bs8_seed45/state.pt ---
Epoch 66
Epoch 66, Training Loss: 0.5506, Validation Loss: 0.6217
--- Saved model to checkpoints/classification/eval_fits_bs8_seed45/state.pt ---
Epoch 67
Epoch 67, Training Loss: 0.5497, Validation Loss: 0.6712
--- Saved model to checkpoints/classification/eval_fits_bs8_seed45/state.pt ---
Epoch 68
Epoch 68, Training Loss: 0.5453, Validation Loss: 0.5926
--- Saved model to checkpoints/classification/eval_fits_bs8_seed45/state.pt ---
Epoch 69
Epoch 69, Training Loss: 0.5459, Validation Loss: 0.5646
--- Saved model to checkpoints/classification/eval_fits_bs8_seed45/state.pt ---
Epoch 70
Epoch 70, Training Loss: 0.5522, Validation Loss: 0.6704
--- Saved model to checkpoints/classification/eval_fits_bs8_seed45/state.pt ---
Epoch 71
Epoch 71, Training Loss: 0.5410, Validation Loss: 0.6600
--- Saved model to checkpoints/classification/eval_fits_bs8_seed45/state.pt ---
Epoch 72
Epoch 72, Training Loss: 0.5490, Validation Loss: 0.6606
--- Saved model to checkpoints/classification/eval_fits_bs8_seed45/state.pt ---
Epoch 73
Epoch 73, Training Loss: 0.5452, Validation Loss: 0.5868
--- Saved model to checkpoints/classification/eval_fits_bs8_seed45/state.pt ---
Epoch 74
Epoch 74, Training Loss: 0.5343, Validation Loss: 0.5501 (best)
--- Saved model to checkpoints/classification/eval_fits_bs8_seed45/state.pt ---
Epoch 75
Epoch 75, Training Loss: 0.5469, Validation Loss: 0.6604
--- Saved model to checkpoints/classification/eval_fits_bs8_seed45/state.pt ---
Epoch 76
Epoch 76, Training Loss: 0.5325, Validation Loss: 0.7198
--- Saved model to checkpoints/classification/eval_fits_bs8_seed45/state.pt ---
Epoch 77
Epoch 77, Training Loss: 0.5455, Validation Loss: 0.6780
--- Saved model to checkpoints/classification/eval_fits_bs8_seed45/state.pt ---
Epoch 78
Epoch 78, Training Loss: 0.5359, Validation Loss: 0.6498
--- Saved model to checkpoints/classification/eval_fits_bs8_seed45/state.pt ---
Epoch 79
Epoch 79, Training Loss: 0.5353, Validation Loss: 0.6261
--- Saved model to checkpoints/classification/eval_fits_bs8_seed45/state.pt ---
Epoch 80
Epoch 80, Training Loss: 0.5355, Validation Loss: 0.5602
--- Saved model to checkpoints/classification/eval_fits_bs8_seed45/state.pt ---
Epoch 81
Epoch 81, Training Loss: 0.5251, Validation Loss: 0.6966
--- Saved model to checkpoints/classification/eval_fits_bs8_seed45/state.pt ---
Epoch 82
Epoch 82, Training Loss: 0.5319, Validation Loss: 0.6723
--- Saved model to checkpoints/classification/eval_fits_bs8_seed45/state.pt ---
Epoch 83
Epoch 83, Training Loss: 0.5297, Validation Loss: 0.5941
--- Saved model to checkpoints/classification/eval_fits_bs8_seed45/state.pt ---
Epoch 84
Epoch 84, Training Loss: 0.5334, Validation Loss: 0.5996
--- Saved model to checkpoints/classification/eval_fits_bs8_seed45/state.pt ---
Epoch 85
Epoch 85, Training Loss: 0.5281, Validation Loss: 0.6374
--- Saved model to checkpoints/classification/eval_fits_bs8_seed45/state.pt ---
Epoch 86
Epoch 86, Training Loss: 0.5316, Validation Loss: 0.6534
--- Saved model to checkpoints/classification/eval_fits_bs8_seed45/state.pt ---
Epoch 87
Epoch 87, Training Loss: 0.5163, Validation Loss: 0.5839
--- Saved model to checkpoints/classification/eval_fits_bs8_seed45/state.pt ---
Epoch 88
Epoch 88, Training Loss: 0.5315, Validation Loss: 0.7221
--- Saved model to checkpoints/classification/eval_fits_bs8_seed45/state.pt ---
Epoch 89
Epoch 89, Training Loss: 0.5261, Validation Loss: 0.5878
--- Saved model to checkpoints/classification/eval_fits_bs8_seed45/state.pt ---
Epoch 90
Epoch 90, Training Loss: 0.5188, Validation Loss: 0.5714
--- Saved model to checkpoints/classification/eval_fits_bs8_seed45/state.pt ---
Epoch 91
Epoch 91, Training Loss: 0.5286, Validation Loss: 0.6748
--- Saved model to checkpoints/classification/eval_fits_bs8_seed45/state.pt ---
Epoch 92
Epoch 92, Training Loss: 0.5127, Validation Loss: 0.5871
--- Saved model to checkpoints/classification/eval_fits_bs8_seed45/state.pt ---
Epoch 93
Epoch 93, Training Loss: 0.5276, Validation Loss: 0.6969
--- Saved model to checkpoints/classification/eval_fits_bs8_seed45/state.pt ---
Epoch 94
Epoch 94, Training Loss: 0.5165, Validation Loss: 0.5784
--- Saved model to checkpoints/classification/eval_fits_bs8_seed45/state.pt ---
Epoch 95
Epoch 95, Training Loss: 0.5218, Validation Loss: 0.6999
--- Saved model to checkpoints/classification/eval_fits_bs8_seed45/state.pt ---
Epoch 96
Epoch 96, Training Loss: 0.4930, Validation Loss: 0.6408
--- Saved model to checkpoints/classification/eval_fits_bs8_seed45/state.pt ---
Epoch 97
Epoch 97, Training Loss: 0.5223, Validation Loss: 0.6266
--- Saved model to checkpoints/classification/eval_fits_bs8_seed45/state.pt ---
Epoch 98
Epoch 98, Training Loss: 0.5008, Validation Loss: 0.7233
--- Saved model to checkpoints/classification/eval_fits_bs8_seed45/state.pt ---
Epoch 99
Epoch 99, Training Loss: 0.5078, Validation Loss: 0.5517
--- Saved model to checkpoints/classification/eval_fits_bs8_seed45/state.pt ---
Epoch 100
Epoch 100, Training Loss: 0.5090, Validation Loss: 0.6135
--- Saved model to checkpoints/classification/eval_fits_bs8_seed45/state.pt ---
Epoch 101
Epoch 101, Training Loss: 0.4989, Validation Loss: 0.6141
--- Saved model to checkpoints/classification/eval_fits_bs8_seed45/state.pt ---
Epoch 102
Epoch 102, Training Loss: 0.4940, Validation Loss: 0.6569
--- Saved model to checkpoints/classification/eval_fits_bs8_seed45/state.pt ---
Epoch 103
Epoch 103, Training Loss: 0.5050, Validation Loss: 0.7554
--- Saved model to checkpoints/classification/eval_fits_bs8_seed45/state.pt ---
Epoch 104
Epoch 104, Training Loss: 0.5052, Validation Loss: 0.6386
--- Saved model to checkpoints/classification/eval_fits_bs8_seed45/state.pt ---
Epoch 105
Epoch 105, Training Loss: 0.5057, Validation Loss: 0.6743
--- Saved model to checkpoints/classification/eval_fits_bs8_seed45/state.pt ---
Epoch 106
Epoch 106, Training Loss: 0.5078, Validation Loss: 0.6303
--- Saved model to checkpoints/classification/eval_fits_bs8_seed45/state.pt ---
Epoch 107
Epoch 107, Training Loss: 0.5092, Validation Loss: 0.5391 (best)
--- Saved model to checkpoints/classification/eval_fits_bs8_seed45/state.pt ---
Epoch 108
Epoch 108, Training Loss: 0.4957, Validation Loss: 0.5578
--- Saved model to checkpoints/classification/eval_fits_bs8_seed45/state.pt ---
Epoch 109
Epoch 109, Training Loss: 0.4993, Validation Loss: 0.5952
--- Saved model to checkpoints/classification/eval_fits_bs8_seed45/state.pt ---
Epoch 110
Epoch 110, Training Loss: 0.4989, Validation Loss: 0.6037
--- Saved model to checkpoints/classification/eval_fits_bs8_seed45/state.pt ---
Epoch 111
Epoch 111, Training Loss: 0.4904, Validation Loss: 0.5644
--- Saved model to checkpoints/classification/eval_fits_bs8_seed45/state.pt ---
Epoch 112
Epoch 112, Training Loss: 0.4977, Validation Loss: 0.6256
--- Saved model to checkpoints/classification/eval_fits_bs8_seed45/state.pt ---
Epoch 113
Epoch 113, Training Loss: 0.4904, Validation Loss: 0.6340
--- Saved model to checkpoints/classification/eval_fits_bs8_seed45/state.pt ---
Epoch 114
Epoch 114, Training Loss: 0.4897, Validation Loss: 0.5866
--- Saved model to checkpoints/classification/eval_fits_bs8_seed45/state.pt ---
Epoch 115
Epoch 115, Training Loss: 0.4744, Validation Loss: 0.6847
--- Saved model to checkpoints/classification/eval_fits_bs8_seed45/state.pt ---
Epoch 116
Epoch 116, Training Loss: 0.4845, Validation Loss: 0.5938
--- Saved model to checkpoints/classification/eval_fits_bs8_seed45/state.pt ---
Epoch 117
Epoch 117, Training Loss: 0.4881, Validation Loss: 0.6428
--- Saved model to checkpoints/classification/eval_fits_bs8_seed45/state.pt ---
Epoch 118
Epoch 118, Training Loss: 0.4742, Validation Loss: 0.6416
--- Saved model to checkpoints/classification/eval_fits_bs8_seed45/state.pt ---
Epoch 119
Epoch 119, Training Loss: 0.4809, Validation Loss: 0.7531
--- Saved model to checkpoints/classification/eval_fits_bs8_seed45/state.pt ---
Epoch 120
Epoch 120, Training Loss: 0.4909, Validation Loss: 0.6033
--- Saved model to checkpoints/classification/eval_fits_bs8_seed45/state.pt ---
Epoch 121
Epoch 121, Training Loss: 0.4852, Validation Loss: 0.6565
--- Saved model to checkpoints/classification/eval_fits_bs8_seed45/state.pt ---
Epoch 122
Epoch 122, Training Loss: 0.4756, Validation Loss: 0.6318
--- Saved model to checkpoints/classification/eval_fits_bs8_seed45/state.pt ---
Epoch 123
Epoch 123, Training Loss: 0.4772, Validation Loss: 0.6177
--- Saved model to checkpoints/classification/eval_fits_bs8_seed45/state.pt ---
Epoch 124
Epoch 124, Training Loss: 0.4787, Validation Loss: 0.7182
--- Saved model to checkpoints/classification/eval_fits_bs8_seed45/state.pt ---
Epoch 125
Epoch 125, Training Loss: 0.4764, Validation Loss: 0.6320
--- Saved model to checkpoints/classification/eval_fits_bs8_seed45/state.pt ---
Epoch 126
Epoch 126, Training Loss: 0.4731, Validation Loss: 0.5241 (best)
--- Saved model to checkpoints/classification/eval_fits_bs8_seed45/state.pt ---
Epoch 127
Epoch 127, Training Loss: 0.4681, Validation Loss: 0.5946
--- Saved model to checkpoints/classification/eval_fits_bs8_seed45/state.pt ---
Epoch 128
Epoch 128, Training Loss: 0.4606, Validation Loss: 0.6762
--- Saved model to checkpoints/classification/eval_fits_bs8_seed45/state.pt ---
Epoch 129
Epoch 129, Training Loss: 0.4678, Validation Loss: 0.6101
--- Saved model to checkpoints/classification/eval_fits_bs8_seed45/state.pt ---
Epoch 130
Epoch 130, Training Loss: 0.4651, Validation Loss: 0.6538
--- Saved model to checkpoints/classification/eval_fits_bs8_seed45/state.pt ---
Epoch 131
Epoch 131, Training Loss: 0.4637, Validation Loss: 0.6745
--- Saved model to checkpoints/classification/eval_fits_bs8_seed45/state.pt ---
Epoch 132
Epoch 132, Training Loss: 0.4639, Validation Loss: 0.5722
--- Saved model to checkpoints/classification/eval_fits_bs8_seed45/state.pt ---
Epoch 133
Epoch 133, Training Loss: 0.4671, Validation Loss: 0.6292
--- Saved model to checkpoints/classification/eval_fits_bs8_seed45/state.pt ---
Epoch 134
Epoch 134, Training Loss: 0.4718, Validation Loss: 0.5776
--- Saved model to checkpoints/classification/eval_fits_bs8_seed45/state.pt ---
Epoch 135
Epoch 135, Training Loss: 0.4511, Validation Loss: 0.6404
--- Saved model to checkpoints/classification/eval_fits_bs8_seed45/state.pt ---
Epoch 136
Epoch 136, Training Loss: 0.4508, Validation Loss: 0.5667
--- Saved model to checkpoints/classification/eval_fits_bs8_seed45/state.pt ---
Epoch 137
Epoch 137, Training Loss: 0.4556, Validation Loss: 0.5959
--- Saved model to checkpoints/classification/eval_fits_bs8_seed45/state.pt ---
Epoch 138
Epoch 138, Training Loss: 0.4481, Validation Loss: 0.5895
--- Saved model to checkpoints/classification/eval_fits_bs8_seed45/state.pt ---
Epoch 139
Epoch 139, Training Loss: 0.4595, Validation Loss: 0.5579
--- Saved model to checkpoints/classification/eval_fits_bs8_seed45/state.pt ---
Epoch 140
Epoch 140, Training Loss: 0.4592, Validation Loss: 0.5910
--- Saved model to checkpoints/classification/eval_fits_bs8_seed45/state.pt ---
Epoch 141
Epoch 141, Training Loss: 0.4627, Validation Loss: 0.6440
--- Saved model to checkpoints/classification/eval_fits_bs8_seed45/state.pt ---
Epoch 142
Epoch 142, Training Loss: 0.4538, Validation Loss: 0.7505
--- Saved model to checkpoints/classification/eval_fits_bs8_seed45/state.pt ---
Epoch 143
Epoch 143, Training Loss: 0.4542, Validation Loss: 0.6058
--- Saved model to checkpoints/classification/eval_fits_bs8_seed45/state.pt ---
Epoch 144
Epoch 144, Training Loss: 0.4572, Validation Loss: 0.5653
--- Saved model to checkpoints/classification/eval_fits_bs8_seed45/state.pt ---
Epoch 145
Epoch 145, Training Loss: 0.4383, Validation Loss: 0.5271
--- Saved model to checkpoints/classification/eval_fits_bs8_seed45/state.pt ---
Epoch 146
Epoch 146, Training Loss: 0.4424, Validation Loss: 0.6326
--- Saved model to checkpoints/classification/eval_fits_bs8_seed45/state.pt ---
Epoch 147
Epoch 147, Training Loss: 0.4491, Validation Loss: 0.5472
--- Saved model to checkpoints/classification/eval_fits_bs8_seed45/state.pt ---
Epoch 148
Epoch 148, Training Loss: 0.4576, Validation Loss: 0.4887 (best)
--- Saved model to checkpoints/classification/eval_fits_bs8_seed45/state.pt ---
Epoch 149
Epoch 149, Training Loss: 0.4633, Validation Loss: 0.7133
--- Saved model to checkpoints/classification/eval_fits_bs8_seed45/state.pt ---
Epoch 150
Epoch 150, Training Loss: 0.4445, Validation Loss: 0.5544
--- Saved model to checkpoints/classification/eval_fits_bs8_seed45/state.pt ---
Epoch 151
Epoch 151, Training Loss: 0.4476, Validation Loss: 0.6427
--- Saved model to checkpoints/classification/eval_fits_bs8_seed45/state.pt ---
Epoch 152
Epoch 152, Training Loss: 0.4370, Validation Loss: 0.5690
--- Saved model to checkpoints/classification/eval_fits_bs8_seed45/state.pt ---
Epoch 153
Epoch 153, Training Loss: 0.4358, Validation Loss: 0.6600
--- Saved model to checkpoints/classification/eval_fits_bs8_seed45/state.pt ---
Epoch 154
Epoch 154, Training Loss: 0.4374, Validation Loss: 0.5423
--- Saved model to checkpoints/classification/eval_fits_bs8_seed45/state.pt ---
Epoch 155
Epoch 155, Training Loss: 0.4410, Validation Loss: 0.6036
--- Saved model to checkpoints/classification/eval_fits_bs8_seed45/state.pt ---
Epoch 156
Epoch 156, Training Loss: 0.4396, Validation Loss: 0.5268
--- Saved model to checkpoints/classification/eval_fits_bs8_seed45/state.pt ---
Epoch 157
Epoch 157, Training Loss: 0.4506, Validation Loss: 0.6772
--- Saved model to checkpoints/classification/eval_fits_bs8_seed45/state.pt ---
Epoch 158
Epoch 158, Training Loss: 0.4468, Validation Loss: 0.5710
--- Saved model to checkpoints/classification/eval_fits_bs8_seed45/state.pt ---
Epoch 159
Epoch 159, Training Loss: 0.4449, Validation Loss: 0.5830
--- Saved model to checkpoints/classification/eval_fits_bs8_seed45/state.pt ---
Epoch 160
Epoch 160, Training Loss: 0.4405, Validation Loss: 0.6168
--- Saved model to checkpoints/classification/eval_fits_bs8_seed45/state.pt ---
Epoch 161
Epoch 161, Training Loss: 0.4322, Validation Loss: 0.5419
--- Saved model to checkpoints/classification/eval_fits_bs8_seed45/state.pt ---
Epoch 162
Epoch 162, Training Loss: 0.4326, Validation Loss: 0.5908
--- Saved model to checkpoints/classification/eval_fits_bs8_seed45/state.pt ---
Epoch 163
Epoch 163, Training Loss: 0.4312, Validation Loss: 0.5652
--- Saved model to checkpoints/classification/eval_fits_bs8_seed45/state.pt ---
Epoch 164
Epoch 164, Training Loss: 0.4375, Validation Loss: 0.7072
--- Saved model to checkpoints/classification/eval_fits_bs8_seed45/state.pt ---
Epoch 165
Epoch 165, Training Loss: 0.4301, Validation Loss: 0.5307
--- Saved model to checkpoints/classification/eval_fits_bs8_seed45/state.pt ---
Epoch 166
Epoch 166, Training Loss: 0.4507, Validation Loss: 0.5073
--- Saved model to checkpoints/classification/eval_fits_bs8_seed45/state.pt ---
Epoch 167
Epoch 167, Training Loss: 0.4326, Validation Loss: 0.5176
--- Saved model to checkpoints/classification/eval_fits_bs8_seed45/state.pt ---
Epoch 168
Epoch 168, Training Loss: 0.4343, Validation Loss: 0.5409
--- Saved model to checkpoints/classification/eval_fits_bs8_seed45/state.pt ---
Epoch 169
Epoch 169, Training Loss: 0.4295, Validation Loss: 0.5952
--- Saved model to checkpoints/classification/eval_fits_bs8_seed45/state.pt ---
Epoch 170
Epoch 170, Training Loss: 0.4272, Validation Loss: 0.5624
--- Saved model to checkpoints/classification/eval_fits_bs8_seed45/state.pt ---
Epoch 171
Epoch 171, Training Loss: 0.4419, Validation Loss: 0.6096
--- Saved model to checkpoints/classification/eval_fits_bs8_seed45/state.pt ---
Epoch 172
Epoch 172, Training Loss: 0.4326, Validation Loss: 0.5869
--- Saved model to checkpoints/classification/eval_fits_bs8_seed45/state.pt ---
Epoch 173
Epoch 173, Training Loss: 0.4267, Validation Loss: 0.6006
--- Saved model to checkpoints/classification/eval_fits_bs8_seed45/state.pt ---
Epoch 174
Epoch 174, Training Loss: 0.4284, Validation Loss: 0.5380
--- Saved model to checkpoints/classification/eval_fits_bs8_seed45/state.pt ---
Epoch 175
Epoch 175, Training Loss: 0.4322, Validation Loss: 0.5856
--- Saved model to checkpoints/classification/eval_fits_bs8_seed45/state.pt ---
Epoch 176
Epoch 176, Training Loss: 0.4274, Validation Loss: 0.6350
--- Saved model to checkpoints/classification/eval_fits_bs8_seed45/state.pt ---
Epoch 177
Epoch 177, Training Loss: 0.4263, Validation Loss: 0.5932
--- Saved model to checkpoints/classification/eval_fits_bs8_seed45/state.pt ---
Epoch 178
Epoch 178, Training Loss: 0.4463, Validation Loss: 0.6068
--- Saved model to checkpoints/classification/eval_fits_bs8_seed45/state.pt ---
Epoch 179
Epoch 179, Training Loss: 0.4169, Validation Loss: 0.6439
--- Saved model to checkpoints/classification/eval_fits_bs8_seed45/state.pt ---
Epoch 180
Epoch 180, Training Loss: 0.4172, Validation Loss: 0.6191
--- Saved model to checkpoints/classification/eval_fits_bs8_seed45/state.pt ---
Epoch 181
Epoch 181, Training Loss: 0.4347, Validation Loss: 0.6049
--- Saved model to checkpoints/classification/eval_fits_bs8_seed45/state.pt ---
Epoch 182
Epoch 182, Training Loss: 0.4309, Validation Loss: 0.5760
--- Saved model to checkpoints/classification/eval_fits_bs8_seed45/state.pt ---
Epoch 183
Epoch 183, Training Loss: 0.4359, Validation Loss: 0.5983
--- Saved model to checkpoints/classification/eval_fits_bs8_seed45/state.pt ---
Epoch 184
Epoch 184, Training Loss: 0.4245, Validation Loss: 0.5890
--- Saved model to checkpoints/classification/eval_fits_bs8_seed45/state.pt ---
Epoch 185
Epoch 185, Training Loss: 0.4255, Validation Loss: 0.6783
--- Saved model to checkpoints/classification/eval_fits_bs8_seed45/state.pt ---
Epoch 186
Epoch 186, Training Loss: 0.4419, Validation Loss: 0.5275
--- Saved model to checkpoints/classification/eval_fits_bs8_seed45/state.pt ---
Epoch 187
Epoch 187, Training Loss: 0.4219, Validation Loss: 0.5230
--- Saved model to checkpoints/classification/eval_fits_bs8_seed45/state.pt ---
Epoch 188
Epoch 188, Training Loss: 0.4189, Validation Loss: 0.6085
--- Saved model to checkpoints/classification/eval_fits_bs8_seed45/state.pt ---
Epoch 189
Epoch 189, Training Loss: 0.4330, Validation Loss: 0.5868
--- Saved model to checkpoints/classification/eval_fits_bs8_seed45/state.pt ---
Epoch 190
Epoch 190, Training Loss: 0.4301, Validation Loss: 0.5096
--- Saved model to checkpoints/classification/eval_fits_bs8_seed45/state.pt ---
Epoch 191
Epoch 191, Training Loss: 0.4296, Validation Loss: 0.5766
--- Saved model to checkpoints/classification/eval_fits_bs8_seed45/state.pt ---
Epoch 192
Epoch 192, Training Loss: 0.4167, Validation Loss: 0.5637
--- Saved model to checkpoints/classification/eval_fits_bs8_seed45/state.pt ---
Epoch 193
Epoch 193, Training Loss: 0.4173, Validation Loss: 0.5914
--- Saved model to checkpoints/classification/eval_fits_bs8_seed45/state.pt ---
Epoch 194
Epoch 194, Training Loss: 0.4176, Validation Loss: 0.5709
--- Saved model to checkpoints/classification/eval_fits_bs8_seed45/state.pt ---
Epoch 195
Epoch 195, Training Loss: 0.4195, Validation Loss: 0.5346
--- Saved model to checkpoints/classification/eval_fits_bs8_seed45/state.pt ---
Epoch 196
Epoch 196, Training Loss: 0.4230, Validation Loss: 0.6768
--- Saved model to checkpoints/classification/eval_fits_bs8_seed45/state.pt ---
Epoch 197
Epoch 197, Training Loss: 0.4318, Validation Loss: 0.6166
--- Saved model to checkpoints/classification/eval_fits_bs8_seed45/state.pt ---
Epoch 198
Epoch 198, Training Loss: 0.4354, Validation Loss: 0.6348
--- Saved model to checkpoints/classification/eval_fits_bs8_seed45/state.pt ---
Epoch 199
Epoch 199, Training Loss: 0.4202, Validation Loss: 0.5431
--- Saved model to checkpoints/classification/eval_fits_bs8_seed45/state.pt ---
Epoch 200
Epoch 200, Training Loss: 0.4321, Validation Loss: 0.5699
--- Saved model to checkpoints/classification/eval_fits_bs8_seed45/state.pt ---
Epoch 201
Epoch 201, Training Loss: 0.4224, Validation Loss: 0.5642
--- Saved model to checkpoints/classification/eval_fits_bs8_seed45/state.pt ---
Epoch 202
Epoch 202, Training Loss: 0.4276, Validation Loss: 0.5944
--- Saved model to checkpoints/classification/eval_fits_bs8_seed45/state.pt ---
Epoch 203
Epoch 203, Training Loss: 0.4246, Validation Loss: 0.5461
--- Saved model to checkpoints/classification/eval_fits_bs8_seed45/state.pt ---
Epoch 204
Epoch 204, Training Loss: 0.4223, Validation Loss: 0.5621
--- Saved model to checkpoints/classification/eval_fits_bs8_seed45/state.pt ---
Epoch 205
Epoch 205, Training Loss: 0.4101, Validation Loss: 0.5116
--- Saved model to checkpoints/classification/eval_fits_bs8_seed45/state.pt ---
Epoch 206
Epoch 206, Training Loss: 0.4192, Validation Loss: 0.5550
--- Saved model to checkpoints/classification/eval_fits_bs8_seed45/state.pt ---
Epoch 207
Epoch 207, Training Loss: 0.4103, Validation Loss: 0.5093
--- Saved model to checkpoints/classification/eval_fits_bs8_seed45/state.pt ---
Epoch 208
Epoch 208, Training Loss: 0.4263, Validation Loss: 0.5987
--- Saved model to checkpoints/classification/eval_fits_bs8_seed45/state.pt ---
Epoch 209
Epoch 209, Training Loss: 0.4128, Validation Loss: 0.6005
--- Saved model to checkpoints/classification/eval_fits_bs8_seed45/state.pt ---
Epoch 210
Epoch 210, Training Loss: 0.4155, Validation Loss: 0.5760
--- Saved model to checkpoints/classification/eval_fits_bs8_seed45/state.pt ---
Epoch 211
Epoch 211, Training Loss: 0.4299, Validation Loss: 0.6481
--- Saved model to checkpoints/classification/eval_fits_bs8_seed45/state.pt ---
Epoch 212
Epoch 212, Training Loss: 0.4139, Validation Loss: 0.5763
--- Saved model to checkpoints/classification/eval_fits_bs8_seed45/state.pt ---
Epoch 213
Epoch 213, Training Loss: 0.4129, Validation Loss: 0.6145
--- Saved model to checkpoints/classification/eval_fits_bs8_seed45/state.pt ---
Epoch 214
Epoch 214, Training Loss: 0.4303, Validation Loss: 0.5844
--- Saved model to checkpoints/classification/eval_fits_bs8_seed45/state.pt ---
Epoch 215
Epoch 215, Training Loss: 0.4273, Validation Loss: 0.5623
--- Saved model to checkpoints/classification/eval_fits_bs8_seed45/state.pt ---
Epoch 216
Epoch 216, Training Loss: 0.4007, Validation Loss: 0.6757
--- Saved model to checkpoints/classification/eval_fits_bs8_seed45/state.pt ---
Epoch 217
Epoch 217, Training Loss: 0.4014, Validation Loss: 0.5870
--- Saved model to checkpoints/classification/eval_fits_bs8_seed45/state.pt ---
Epoch 218
Epoch 218, Training Loss: 0.4128, Validation Loss: 0.5973
--- Saved model to checkpoints/classification/eval_fits_bs8_seed45/state.pt ---
Epoch 219
Epoch 219, Training Loss: 0.4016, Validation Loss: 0.5797
--- Saved model to checkpoints/classification/eval_fits_bs8_seed45/state.pt ---
Epoch 220
Epoch 220, Training Loss: 0.4062, Validation Loss: 0.5449
--- Saved model to checkpoints/classification/eval_fits_bs8_seed45/state.pt ---
Epoch 221
Epoch 221, Training Loss: 0.4162, Validation Loss: 0.5644
--- Saved model to checkpoints/classification/eval_fits_bs8_seed45/state.pt ---
Epoch 222
Epoch 222, Training Loss: 0.4132, Validation Loss: 0.5779
--- Saved model to checkpoints/classification/eval_fits_bs8_seed45/state.pt ---
Epoch 223
Epoch 223, Training Loss: 0.4175, Validation Loss: 0.5679
--- Saved model to checkpoints/classification/eval_fits_bs8_seed45/state.pt ---
Epoch 224
Epoch 224, Training Loss: 0.4206, Validation Loss: 0.5597
--- Saved model to checkpoints/classification/eval_fits_bs8_seed45/state.pt ---
Epoch 225
Epoch 225, Training Loss: 0.4080, Validation Loss: 0.5659
--- Saved model to checkpoints/classification/eval_fits_bs8_seed45/state.pt ---
Epoch 226
Epoch 226, Training Loss: 0.4145, Validation Loss: 0.5526
--- Saved model to checkpoints/classification/eval_fits_bs8_seed45/state.pt ---
Epoch 227
Epoch 227, Training Loss: 0.3952, Validation Loss: 0.5483
--- Saved model to checkpoints/classification/eval_fits_bs8_seed45/state.pt ---
Epoch 228
Epoch 228, Training Loss: 0.4117, Validation Loss: 0.5763
--- Saved model to checkpoints/classification/eval_fits_bs8_seed45/state.pt ---
Epoch 229
Epoch 229, Training Loss: 0.4200, Validation Loss: 0.5360
--- Saved model to checkpoints/classification/eval_fits_bs8_seed45/state.pt ---
Epoch 230
Epoch 230, Training Loss: 0.4152, Validation Loss: 0.5647
--- Saved model to checkpoints/classification/eval_fits_bs8_seed45/state.pt ---
Epoch 231
Epoch 231, Training Loss: 0.4057, Validation Loss: 0.5594
--- Saved model to checkpoints/classification/eval_fits_bs8_seed45/state.pt ---
Epoch 232
Epoch 232, Training Loss: 0.4054, Validation Loss: 0.6223
--- Saved model to checkpoints/classification/eval_fits_bs8_seed45/state.pt ---
Epoch 233
Epoch 233, Training Loss: 0.3978, Validation Loss: 0.5192
--- Saved model to checkpoints/classification/eval_fits_bs8_seed45/state.pt ---
Epoch 234
Epoch 234, Training Loss: 0.4057, Validation Loss: 0.5242
--- Saved model to checkpoints/classification/eval_fits_bs8_seed45/state.pt ---
Epoch 235
Epoch 235, Training Loss: 0.4157, Validation Loss: 0.5674
--- Saved model to checkpoints/classification/eval_fits_bs8_seed45/state.pt ---
Epoch 236
Epoch 236, Training Loss: 0.4271, Validation Loss: 0.5103
--- Saved model to checkpoints/classification/eval_fits_bs8_seed45/state.pt ---
Epoch 237
Epoch 237, Training Loss: 0.4101, Validation Loss: 0.5793
--- Saved model to checkpoints/classification/eval_fits_bs8_seed45/state.pt ---
Epoch 238
Epoch 238, Training Loss: 0.3982, Validation Loss: 0.5413
--- Saved model to checkpoints/classification/eval_fits_bs8_seed45/state.pt ---
Epoch 239
Epoch 239, Training Loss: 0.4167, Validation Loss: 0.5635
--- Saved model to checkpoints/classification/eval_fits_bs8_seed45/state.pt ---
Epoch 240
Epoch 240, Training Loss: 0.3981, Validation Loss: 0.5922
--- Saved model to checkpoints/classification/eval_fits_bs8_seed45/state.pt ---
Epoch 241
Epoch 241, Training Loss: 0.3980, Validation Loss: 0.5985
--- Saved model to checkpoints/classification/eval_fits_bs8_seed45/state.pt ---
Epoch 242
Epoch 242, Training Loss: 0.3978, Validation Loss: 0.5842
--- Saved model to checkpoints/classification/eval_fits_bs8_seed45/state.pt ---
Epoch 243
Epoch 243, Training Loss: 0.3969, Validation Loss: 0.5557
--- Saved model to checkpoints/classification/eval_fits_bs8_seed45/state.pt ---
Epoch 244
Epoch 244, Training Loss: 0.3996, Validation Loss: 0.5279
--- Saved model to checkpoints/classification/eval_fits_bs8_seed45/state.pt ---
Epoch 245
Epoch 245, Training Loss: 0.3984, Validation Loss: 0.5755
--- Saved model to checkpoints/classification/eval_fits_bs8_seed45/state.pt ---
Epoch 246
Epoch 246, Training Loss: 0.3937, Validation Loss: 0.5789
--- Saved model to checkpoints/classification/eval_fits_bs8_seed45/state.pt ---
Epoch 247
Epoch 247, Training Loss: 0.4035, Validation Loss: 0.6261
--- Saved model to checkpoints/classification/eval_fits_bs8_seed45/state.pt ---
Epoch 248
Epoch 248, Training Loss: 0.4062, Validation Loss: 0.5949
--- Saved model to checkpoints/classification/eval_fits_bs8_seed45/state.pt ---
Epoch 249
Epoch 249, Training Loss: 0.4049, Validation Loss: 0.5179
--- Saved model to checkpoints/classification/eval_fits_bs8_seed45/state.pt ---
Epoch 250
Epoch 250, Training Loss: 0.3972, Validation Loss: 0.6062
--- Saved model to checkpoints/classification/eval_fits_bs8_seed45/state.pt ---
Epoch 251
Epoch 251, Training Loss: 0.3904, Validation Loss: 0.5587
--- Saved model to checkpoints/classification/eval_fits_bs8_seed45/state.pt ---
Epoch 252
Epoch 252, Training Loss: 0.4072, Validation Loss: 0.6234
--- Saved model to checkpoints/classification/eval_fits_bs8_seed45/state.pt ---
Epoch 253
Epoch 253, Training Loss: 0.3995, Validation Loss: 0.5878
--- Saved model to checkpoints/classification/eval_fits_bs8_seed45/state.pt ---
Epoch 254
Epoch 254, Training Loss: 0.3976, Validation Loss: 0.5114
--- Saved model to checkpoints/classification/eval_fits_bs8_seed45/state.pt ---
Epoch 255
Epoch 255, Training Loss: 0.3922, Validation Loss: 0.5584
--- Saved model to checkpoints/classification/eval_fits_bs8_seed45/state.pt ---
Epoch 256
Epoch 256, Training Loss: 0.4075, Validation Loss: 0.6213
--- Saved model to checkpoints/classification/eval_fits_bs8_seed45/state.pt ---
Epoch 257
Epoch 257, Training Loss: 0.3885, Validation Loss: 0.5957
--- Saved model to checkpoints/classification/eval_fits_bs8_seed45/state.pt ---
Epoch 258
Epoch 258, Training Loss: 0.3793, Validation Loss: 0.5479
--- Saved model to checkpoints/classification/eval_fits_bs8_seed45/state.pt ---
Epoch 259
Epoch 259, Training Loss: 0.4019, Validation Loss: 0.6356
--- Saved model to checkpoints/classification/eval_fits_bs8_seed45/state.pt ---
Epoch 260
Epoch 260, Training Loss: 0.4042, Validation Loss: 0.5839
--- Saved model to checkpoints/classification/eval_fits_bs8_seed45/state.pt ---
Epoch 261
Epoch 261, Training Loss: 0.4059, Validation Loss: 0.5542
--- Saved model to checkpoints/classification/eval_fits_bs8_seed45/state.pt ---
Epoch 262
Epoch 262, Training Loss: 0.3802, Validation Loss: 0.5869
--- Saved model to checkpoints/classification/eval_fits_bs8_seed45/state.pt ---
Epoch 263
Epoch 263, Training Loss: 0.3784, Validation Loss: 0.6178
--- Saved model to checkpoints/classification/eval_fits_bs8_seed45/state.pt ---
Epoch 264
Epoch 264, Training Loss: 0.4117, Validation Loss: 0.6009
--- Saved model to checkpoints/classification/eval_fits_bs8_seed45/state.pt ---
Epoch 265
Epoch 265, Training Loss: 0.4006, Validation Loss: 0.6030
--- Saved model to checkpoints/classification/eval_fits_bs8_seed45/state.pt ---
Epoch 266
Epoch 266, Training Loss: 0.3890, Validation Loss: 0.6028
--- Saved model to checkpoints/classification/eval_fits_bs8_seed45/state.pt ---
Epoch 267
Epoch 267, Training Loss: 0.3944, Validation Loss: 0.5712
--- Saved model to checkpoints/classification/eval_fits_bs8_seed45/state.pt ---
Epoch 268
Epoch 268, Training Loss: 0.3912, Validation Loss: 0.5638
--- Saved model to checkpoints/classification/eval_fits_bs8_seed45/state.pt ---
Epoch 269
Epoch 269, Training Loss: 0.3989, Validation Loss: 0.5621
--- Saved model to checkpoints/classification/eval_fits_bs8_seed45/state.pt ---
Epoch 270
Epoch 270, Training Loss: 0.4039, Validation Loss: 0.6606
--- Saved model to checkpoints/classification/eval_fits_bs8_seed45/state.pt ---
Epoch 271
Epoch 271, Training Loss: 0.3944, Validation Loss: 0.5272
--- Saved model to checkpoints/classification/eval_fits_bs8_seed45/state.pt ---
Epoch 272
Epoch 272, Training Loss: 0.3917, Validation Loss: 0.6321
--- Saved model to checkpoints/classification/eval_fits_bs8_seed45/state.pt ---
Epoch 273
Epoch 273, Training Loss: 0.3851, Validation Loss: 0.5472
--- Saved model to checkpoints/classification/eval_fits_bs8_seed45/state.pt ---
Epoch 274
Epoch 274, Training Loss: 0.4029, Validation Loss: 0.5790
--- Saved model to checkpoints/classification/eval_fits_bs8_seed45/state.pt ---
Epoch 275
Epoch 275, Training Loss: 0.3833, Validation Loss: 0.5676
--- Saved model to checkpoints/classification/eval_fits_bs8_seed45/state.pt ---
Epoch 276
Epoch 276, Training Loss: 0.3811, Validation Loss: 0.5846
--- Saved model to checkpoints/classification/eval_fits_bs8_seed45/state.pt ---
Epoch 277
Epoch 277, Training Loss: 0.4012, Validation Loss: 0.5522
--- Saved model to checkpoints/classification/eval_fits_bs8_seed45/state.pt ---
Epoch 278
Epoch 278, Training Loss: 0.3942, Validation Loss: 0.6055
--- Saved model to checkpoints/classification/eval_fits_bs8_seed45/state.pt ---
Epoch 279
Epoch 279, Training Loss: 0.4141, Validation Loss: 0.5736
--- Saved model to checkpoints/classification/eval_fits_bs8_seed45/state.pt ---
Epoch 280
Epoch 280, Training Loss: 0.3842, Validation Loss: 0.5884
--- Saved model to checkpoints/classification/eval_fits_bs8_seed45/state.pt ---
Epoch 281
Epoch 281, Training Loss: 0.3992, Validation Loss: 0.5834
--- Saved model to checkpoints/classification/eval_fits_bs8_seed45/state.pt ---
Epoch 282
Epoch 282, Training Loss: 0.3861, Validation Loss: 0.6754
--- Saved model to checkpoints/classification/eval_fits_bs8_seed45/state.pt ---
Epoch 283
Epoch 283, Training Loss: 0.3951, Validation Loss: 0.6099
--- Saved model to checkpoints/classification/eval_fits_bs8_seed45/state.pt ---
Epoch 284
Epoch 284, Training Loss: 0.3649, Validation Loss: 0.6129
--- Saved model to checkpoints/classification/eval_fits_bs8_seed45/state.pt ---
Epoch 285
Epoch 285, Training Loss: 0.3945, Validation Loss: 0.5618
--- Saved model to checkpoints/classification/eval_fits_bs8_seed45/state.pt ---
Epoch 286
Epoch 286, Training Loss: 0.3786, Validation Loss: 0.5991
--- Saved model to checkpoints/classification/eval_fits_bs8_seed45/state.pt ---
Epoch 287
Epoch 287, Training Loss: 0.3826, Validation Loss: 0.5435
--- Saved model to checkpoints/classification/eval_fits_bs8_seed45/state.pt ---
Epoch 288
Epoch 288, Training Loss: 0.3871, Validation Loss: 0.5662
--- Saved model to checkpoints/classification/eval_fits_bs8_seed45/state.pt ---
Epoch 289
Epoch 289, Training Loss: 0.3857, Validation Loss: 0.5762
--- Saved model to checkpoints/classification/eval_fits_bs8_seed45/state.pt ---
Epoch 290
Epoch 290, Training Loss: 0.3665, Validation Loss: 0.6840
--- Saved model to checkpoints/classification/eval_fits_bs8_seed45/state.pt ---
Epoch 291
Epoch 291, Training Loss: 0.3840, Validation Loss: 0.6289
--- Saved model to checkpoints/classification/eval_fits_bs8_seed45/state.pt ---
Epoch 292
Epoch 292, Training Loss: 0.4032, Validation Loss: 0.5484
--- Saved model to checkpoints/classification/eval_fits_bs8_seed45/state.pt ---
Epoch 293
Epoch 293, Training Loss: 0.3833, Validation Loss: 0.5786
--- Saved model to checkpoints/classification/eval_fits_bs8_seed45/state.pt ---
Epoch 294
Epoch 294, Training Loss: 0.3986, Validation Loss: 0.5622
--- Saved model to checkpoints/classification/eval_fits_bs8_seed45/state.pt ---
Epoch 295
Epoch 295, Training Loss: 0.3648, Validation Loss: 0.6559
--- Saved model to checkpoints/classification/eval_fits_bs8_seed45/state.pt ---
Epoch 296
Epoch 296, Training Loss: 0.3739, Validation Loss: 0.6148
--- Saved model to checkpoints/classification/eval_fits_bs8_seed45/state.pt ---
Epoch 297
Epoch 297, Training Loss: 0.3712, Validation Loss: 0.6046
--- Saved model to checkpoints/classification/eval_fits_bs8_seed45/state.pt ---
Epoch 298
Epoch 298, Training Loss: 0.3779, Validation Loss: 0.6157
--- Saved model to checkpoints/classification/eval_fits_bs8_seed45/state.pt ---
Epoch 299
Epoch 299, Training Loss: 0.3870, Validation Loss: 0.5811
--- Saved model to checkpoints/classification/eval_fits_bs8_seed45/state.pt ---
Restored best model (val loss 0.4887)
--- Saved model to checkpoints/classification/eval_fits_bs8_seed45/state.pt ---
Testing model
Accuracy: 76.97%

============================================================
Run 5/5  |  seed=46  |  tag=eval_fits_bs8_seed46  |  results -> results/classification/20260928_224055_eval_fits_bs8_13889488_seed46
============================================================

Training classification for 300 epochs
Epoch 0
Epoch 0, Training Loss: 0.7130, Validation Loss: 0.6779 (best)
--- Saved model to checkpoints/classification/eval_fits_bs8_seed46/state.pt ---
Epoch 1
Epoch 1, Training Loss: 0.6943, Validation Loss: 0.6778 (best)
--- Saved model to checkpoints/classification/eval_fits_bs8_seed46/state.pt ---
Epoch 2
Epoch 2, Training Loss: 0.6749, Validation Loss: 0.6571 (best)
--- Saved model to checkpoints/classification/eval_fits_bs8_seed46/state.pt ---
Epoch 3
Epoch 3, Training Loss: 0.6628, Validation Loss: 0.6915
--- Saved model to checkpoints/classification/eval_fits_bs8_seed46/state.pt ---
Epoch 4
Epoch 4, Training Loss: 0.6511, Validation Loss: 0.6391 (best)
--- Saved model to checkpoints/classification/eval_fits_bs8_seed46/state.pt ---
Epoch 5
Epoch 5, Training Loss: 0.6478, Validation Loss: 0.6607
--- Saved model to checkpoints/classification/eval_fits_bs8_seed46/state.pt ---
Epoch 6
Epoch 6, Training Loss: 0.6391, Validation Loss: 0.6919
--- Saved model to checkpoints/classification/eval_fits_bs8_seed46/state.pt ---
Epoch 7
Epoch 7, Training Loss: 0.6291, Validation Loss: 0.6295 (best)
--- Saved model to checkpoints/classification/eval_fits_bs8_seed46/state.pt ---
Epoch 8
Epoch 8, Training Loss: 0.6385, Validation Loss: 0.6247 (best)
--- Saved model to checkpoints/classification/eval_fits_bs8_seed46/state.pt ---
Epoch 9
Epoch 9, Training Loss: 0.6236, Validation Loss: 0.6156 (best)
--- Saved model to checkpoints/classification/eval_fits_bs8_seed46/state.pt ---
Epoch 10
Epoch 10, Training Loss: 0.6238, Validation Loss: 0.6164
--- Saved model to checkpoints/classification/eval_fits_bs8_seed46/state.pt ---
Epoch 11
Epoch 11, Training Loss: 0.6139, Validation Loss: 0.6004 (best)
--- Saved model to checkpoints/classification/eval_fits_bs8_seed46/state.pt ---
Epoch 12
Epoch 12, Training Loss: 0.6204, Validation Loss: 0.5836 (best)
--- Saved model to checkpoints/classification/eval_fits_bs8_seed46/state.pt ---
Epoch 13
Epoch 13, Training Loss: 0.6087, Validation Loss: 0.5896
--- Saved model to checkpoints/classification/eval_fits_bs8_seed46/state.pt ---
Epoch 14
Epoch 14, Training Loss: 0.5954, Validation Loss: 0.5819 (best)
--- Saved model to checkpoints/classification/eval_fits_bs8_seed46/state.pt ---
Epoch 15
Epoch 15, Training Loss: 0.5975, Validation Loss: 0.5740 (best)
--- Saved model to checkpoints/classification/eval_fits_bs8_seed46/state.pt ---
Epoch 16
Epoch 16, Training Loss: 0.5942, Validation Loss: 0.6019
--- Saved model to checkpoints/classification/eval_fits_bs8_seed46/state.pt ---
Epoch 17
Epoch 17, Training Loss: 0.5895, Validation Loss: 0.5871
--- Saved model to checkpoints/classification/eval_fits_bs8_seed46/state.pt ---
Epoch 18
Epoch 18, Training Loss: 0.5887, Validation Loss: 0.5624 (best)
--- Saved model to checkpoints/classification/eval_fits_bs8_seed46/state.pt ---
Epoch 19
Epoch 19, Training Loss: 0.5854, Validation Loss: 0.5551 (best)
--- Saved model to checkpoints/classification/eval_fits_bs8_seed46/state.pt ---
Epoch 20
Epoch 20, Training Loss: 0.5794, Validation Loss: 0.5585
--- Saved model to checkpoints/classification/eval_fits_bs8_seed46/state.pt ---
Epoch 21
Epoch 21, Training Loss: 0.5777, Validation Loss: 0.5723
--- Saved model to checkpoints/classification/eval_fits_bs8_seed46/state.pt ---
Epoch 22
Epoch 22, Training Loss: 0.5744, Validation Loss: 0.5549 (best)
--- Saved model to checkpoints/classification/eval_fits_bs8_seed46/state.pt ---
Epoch 23
Epoch 23, Training Loss: 0.5691, Validation Loss: 0.5616
--- Saved model to checkpoints/classification/eval_fits_bs8_seed46/state.pt ---
Epoch 24
Epoch 24, Training Loss: 0.5735, Validation Loss: 0.5705
--- Saved model to checkpoints/classification/eval_fits_bs8_seed46/state.pt ---
Epoch 25
Epoch 25, Training Loss: 0.5701, Validation Loss: 0.5735
--- Saved model to checkpoints/classification/eval_fits_bs8_seed46/state.pt ---
Epoch 26
Epoch 26, Training Loss: 0.5714, Validation Loss: 0.5560
--- Saved model to checkpoints/classification/eval_fits_bs8_seed46/state.pt ---
Epoch 27
Epoch 27, Training Loss: 0.5625, Validation Loss: 0.5531 (best)
--- Saved model to checkpoints/classification/eval_fits_bs8_seed46/state.pt ---
Epoch 28
Epoch 28, Training Loss: 0.5675, Validation Loss: 0.5568
--- Saved model to checkpoints/classification/eval_fits_bs8_seed46/state.pt ---
Epoch 29
Epoch 29, Training Loss: 0.5662, Validation Loss: 0.5348 (best)
--- Saved model to checkpoints/classification/eval_fits_bs8_seed46/state.pt ---
Epoch 30
Epoch 30, Training Loss: 0.5633, Validation Loss: 0.5656
--- Saved model to checkpoints/classification/eval_fits_bs8_seed46/state.pt ---
Epoch 31
Epoch 31, Training Loss: 0.5548, Validation Loss: 0.5889
--- Saved model to checkpoints/classification/eval_fits_bs8_seed46/state.pt ---
Epoch 32
Epoch 32, Training Loss: 0.5634, Validation Loss: 0.5423
--- Saved model to checkpoints/classification/eval_fits_bs8_seed46/state.pt ---
Epoch 33
Epoch 33, Training Loss: 0.5583, Validation Loss: 0.5847
--- Saved model to checkpoints/classification/eval_fits_bs8_seed46/state.pt ---
Epoch 34
Epoch 34, Training Loss: 0.5607, Validation Loss: 0.5630
--- Saved model to checkpoints/classification/eval_fits_bs8_seed46/state.pt ---
Epoch 35
Epoch 35, Training Loss: 0.5543, Validation Loss: 0.5471
--- Saved model to checkpoints/classification/eval_fits_bs8_seed46/state.pt ---
Epoch 36
Epoch 36, Training Loss: 0.5529, Validation Loss: 0.5420
--- Saved model to checkpoints/classification/eval_fits_bs8_seed46/state.pt ---
Epoch 37
Epoch 37, Training Loss: 0.5551, Validation Loss: 0.5522
--- Saved model to checkpoints/classification/eval_fits_bs8_seed46/state.pt ---
Epoch 38
Epoch 38, Training Loss: 0.5614, Validation Loss: 0.6196
--- Saved model to checkpoints/classification/eval_fits_bs8_seed46/state.pt ---
Epoch 39
Epoch 39, Training Loss: 0.5542, Validation Loss: 0.5538
--- Saved model to checkpoints/classification/eval_fits_bs8_seed46/state.pt ---
Epoch 40
Epoch 40, Training Loss: 0.5493, Validation Loss: 0.5639
--- Saved model to checkpoints/classification/eval_fits_bs8_seed46/state.pt ---
Epoch 41
Epoch 41, Training Loss: 0.5574, Validation Loss: 0.5783
--- Saved model to checkpoints/classification/eval_fits_bs8_seed46/state.pt ---
Epoch 42
Epoch 42, Training Loss: 0.5441, Validation Loss: 0.5738
--- Saved model to checkpoints/classification/eval_fits_bs8_seed46/state.pt ---
Epoch 43
Epoch 43, Training Loss: 0.5538, Validation Loss: 0.5898
--- Saved model to checkpoints/classification/eval_fits_bs8_seed46/state.pt ---
Epoch 44
Epoch 44, Training Loss: 0.5550, Validation Loss: 0.5730
--- Saved model to checkpoints/classification/eval_fits_bs8_seed46/state.pt ---
Epoch 45
Epoch 45, Training Loss: 0.5454, Validation Loss: 0.5753
--- Saved model to checkpoints/classification/eval_fits_bs8_seed46/state.pt ---
Epoch 46
Epoch 46, Training Loss: 0.5514, Validation Loss: 0.6112
--- Saved model to checkpoints/classification/eval_fits_bs8_seed46/state.pt ---
Epoch 47
Epoch 47, Training Loss: 0.5507, Validation Loss: 0.6023
--- Saved model to checkpoints/classification/eval_fits_bs8_seed46/state.pt ---
Epoch 48
Epoch 48, Training Loss: 0.5454, Validation Loss: 0.5584
--- Saved model to checkpoints/classification/eval_fits_bs8_seed46/state.pt ---
Epoch 49
Epoch 49, Training Loss: 0.5516, Validation Loss: 0.5608
--- Saved model to checkpoints/classification/eval_fits_bs8_seed46/state.pt ---
Epoch 50
Epoch 50, Training Loss: 0.5465, Validation Loss: 0.5770
--- Saved model to checkpoints/classification/eval_fits_bs8_seed46/state.pt ---
Epoch 51
Epoch 51, Training Loss: 0.5405, Validation Loss: 0.6715
--- Saved model to checkpoints/classification/eval_fits_bs8_seed46/state.pt ---
Epoch 52
Epoch 52, Training Loss: 0.5420, Validation Loss: 0.5852
--- Saved model to checkpoints/classification/eval_fits_bs8_seed46/state.pt ---
Epoch 53
Epoch 53, Training Loss: 0.5538, Validation Loss: 0.5635
--- Saved model to checkpoints/classification/eval_fits_bs8_seed46/state.pt ---
Epoch 54
Epoch 54, Training Loss: 0.5459, Validation Loss: 0.5559
--- Saved model to checkpoints/classification/eval_fits_bs8_seed46/state.pt ---
Epoch 55
Epoch 55, Training Loss: 0.5488, Validation Loss: 0.6656
--- Saved model to checkpoints/classification/eval_fits_bs8_seed46/state.pt ---
Epoch 56
Epoch 56, Training Loss: 0.5300, Validation Loss: 0.5819
--- Saved model to checkpoints/classification/eval_fits_bs8_seed46/state.pt ---
Epoch 57
Epoch 57, Training Loss: 0.5509, Validation Loss: 0.6236
--- Saved model to checkpoints/classification/eval_fits_bs8_seed46/state.pt ---
Epoch 58
Epoch 58, Training Loss: 0.5396, Validation Loss: 0.5891
--- Saved model to checkpoints/classification/eval_fits_bs8_seed46/state.pt ---
Epoch 59
Epoch 59, Training Loss: 0.5445, Validation Loss: 0.5539
--- Saved model to checkpoints/classification/eval_fits_bs8_seed46/state.pt ---
Epoch 60
Epoch 60, Training Loss: 0.5360, Validation Loss: 0.5611
--- Saved model to checkpoints/classification/eval_fits_bs8_seed46/state.pt ---
Epoch 61
Epoch 61, Training Loss: 0.5431, Validation Loss: 0.6131
--- Saved model to checkpoints/classification/eval_fits_bs8_seed46/state.pt ---
Epoch 62
Epoch 62, Training Loss: 0.5398, Validation Loss: 0.5879
--- Saved model to checkpoints/classification/eval_fits_bs8_seed46/state.pt ---
Epoch 63
Epoch 63, Training Loss: 0.5477, Validation Loss: 0.6027
--- Saved model to checkpoints/classification/eval_fits_bs8_seed46/state.pt ---
Epoch 64
Epoch 64, Training Loss: 0.5333, Validation Loss: 0.6614
--- Saved model to checkpoints/classification/eval_fits_bs8_seed46/state.pt ---
Epoch 65
Epoch 65, Training Loss: 0.5341, Validation Loss: 0.6268
--- Saved model to checkpoints/classification/eval_fits_bs8_seed46/state.pt ---
Epoch 66
Epoch 66, Training Loss: 0.5513, Validation Loss: 0.5726
--- Saved model to checkpoints/classification/eval_fits_bs8_seed46/state.pt ---
Epoch 67
Epoch 67, Training Loss: 0.5294, Validation Loss: 0.5648
--- Saved model to checkpoints/classification/eval_fits_bs8_seed46/state.pt ---
Epoch 68
Epoch 68, Training Loss: 0.5237, Validation Loss: 0.6202
--- Saved model to checkpoints/classification/eval_fits_bs8_seed46/state.pt ---
Epoch 69
Epoch 69, Training Loss: 0.5356, Validation Loss: 0.6509
--- Saved model to checkpoints/classification/eval_fits_bs8_seed46/state.pt ---
Epoch 70
Epoch 70, Training Loss: 0.5361, Validation Loss: 0.5824
--- Saved model to checkpoints/classification/eval_fits_bs8_seed46/state.pt ---
Epoch 71
Epoch 71, Training Loss: 0.5442, Validation Loss: 0.5646
--- Saved model to checkpoints/classification/eval_fits_bs8_seed46/state.pt ---
Epoch 72
Epoch 72, Training Loss: 0.5299, Validation Loss: 0.6380
--- Saved model to checkpoints/classification/eval_fits_bs8_seed46/state.pt ---
Epoch 73
Epoch 73, Training Loss: 0.5274, Validation Loss: 0.7196
--- Saved model to checkpoints/classification/eval_fits_bs8_seed46/state.pt ---
Epoch 74
Epoch 74, Training Loss: 0.5374, Validation Loss: 0.7155
--- Saved model to checkpoints/classification/eval_fits_bs8_seed46/state.pt ---
Epoch 75
Epoch 75, Training Loss: 0.5262, Validation Loss: 0.6592
--- Saved model to checkpoints/classification/eval_fits_bs8_seed46/state.pt ---
Epoch 76
Epoch 76, Training Loss: 0.5307, Validation Loss: 0.5680
--- Saved model to checkpoints/classification/eval_fits_bs8_seed46/state.pt ---
Epoch 77
Epoch 77, Training Loss: 0.5350, Validation Loss: 0.6147
--- Saved model to checkpoints/classification/eval_fits_bs8_seed46/state.pt ---
Epoch 78
Epoch 78, Training Loss: 0.5311, Validation Loss: 0.6497
--- Saved model to checkpoints/classification/eval_fits_bs8_seed46/state.pt ---
Epoch 79
Epoch 79, Training Loss: 0.5270, Validation Loss: 0.7500
--- Saved model to checkpoints/classification/eval_fits_bs8_seed46/state.pt ---
Epoch 80
Epoch 80, Training Loss: 0.5296, Validation Loss: 0.6804
--- Saved model to checkpoints/classification/eval_fits_bs8_seed46/state.pt ---
Epoch 81
Epoch 81, Training Loss: 0.5293, Validation Loss: 0.5947
--- Saved model to checkpoints/classification/eval_fits_bs8_seed46/state.pt ---
Epoch 82
Epoch 82, Training Loss: 0.5327, Validation Loss: 0.6230
--- Saved model to checkpoints/classification/eval_fits_bs8_seed46/state.pt ---
Epoch 83
Epoch 83, Training Loss: 0.5164, Validation Loss: 0.7061
--- Saved model to checkpoints/classification/eval_fits_bs8_seed46/state.pt ---
Epoch 84
Epoch 84, Training Loss: 0.5348, Validation Loss: 0.6308
--- Saved model to checkpoints/classification/eval_fits_bs8_seed46/state.pt ---
Epoch 85
Epoch 85, Training Loss: 0.5334, Validation Loss: 0.6142
--- Saved model to checkpoints/classification/eval_fits_bs8_seed46/state.pt ---
Epoch 86
Epoch 86, Training Loss: 0.5178, Validation Loss: 0.6549
--- Saved model to checkpoints/classification/eval_fits_bs8_seed46/state.pt ---
Epoch 87
Epoch 87, Training Loss: 0.5194, Validation Loss: 0.6458
--- Saved model to checkpoints/classification/eval_fits_bs8_seed46/state.pt ---
Epoch 88
Epoch 88, Training Loss: 0.5188, Validation Loss: 0.6210
--- Saved model to checkpoints/classification/eval_fits_bs8_seed46/state.pt ---
Epoch 89
Epoch 89, Training Loss: 0.5240, Validation Loss: 0.5954
--- Saved model to checkpoints/classification/eval_fits_bs8_seed46/state.pt ---
Epoch 90
Epoch 90, Training Loss: 0.5130, Validation Loss: 0.6448
--- Saved model to checkpoints/classification/eval_fits_bs8_seed46/state.pt ---
Epoch 91
Epoch 91, Training Loss: 0.5178, Validation Loss: 0.6436
--- Saved model to checkpoints/classification/eval_fits_bs8_seed46/state.pt ---
Epoch 92
Epoch 92, Training Loss: 0.5086, Validation Loss: 0.6651
--- Saved model to checkpoints/classification/eval_fits_bs8_seed46/state.pt ---
Epoch 93
Epoch 93, Training Loss: 0.5215, Validation Loss: 0.5969
--- Saved model to checkpoints/classification/eval_fits_bs8_seed46/state.pt ---
Epoch 94
Epoch 94, Training Loss: 0.5205, Validation Loss: 0.6546
--- Saved model to checkpoints/classification/eval_fits_bs8_seed46/state.pt ---
Epoch 95
Epoch 95, Training Loss: 0.5135, Validation Loss: 0.6028
--- Saved model to checkpoints/classification/eval_fits_bs8_seed46/state.pt ---
Epoch 96
Epoch 96, Training Loss: 0.5113, Validation Loss: 0.7417
--- Saved model to checkpoints/classification/eval_fits_bs8_seed46/state.pt ---
Epoch 97
Epoch 97, Training Loss: 0.5108, Validation Loss: 0.5798
--- Saved model to checkpoints/classification/eval_fits_bs8_seed46/state.pt ---
Epoch 98
Epoch 98, Training Loss: 0.5046, Validation Loss: 0.6375
--- Saved model to checkpoints/classification/eval_fits_bs8_seed46/state.pt ---
Epoch 99
Epoch 99, Training Loss: 0.5044, Validation Loss: 0.6297
--- Saved model to checkpoints/classification/eval_fits_bs8_seed46/state.pt ---
Epoch 100
Epoch 100, Training Loss: 0.5111, Validation Loss: 0.5854
--- Saved model to checkpoints/classification/eval_fits_bs8_seed46/state.pt ---
Epoch 101
Epoch 101, Training Loss: 0.5058, Validation Loss: 0.5831
--- Saved model to checkpoints/classification/eval_fits_bs8_seed46/state.pt ---
Epoch 102
Epoch 102, Training Loss: 0.5107, Validation Loss: 0.5958
--- Saved model to checkpoints/classification/eval_fits_bs8_seed46/state.pt ---
Epoch 103
Epoch 103, Training Loss: 0.5102, Validation Loss: 0.6506
--- Saved model to checkpoints/classification/eval_fits_bs8_seed46/state.pt ---
Epoch 104
Epoch 104, Training Loss: 0.5089, Validation Loss: 0.5980
--- Saved model to checkpoints/classification/eval_fits_bs8_seed46/state.pt ---
Epoch 105
Epoch 105, Training Loss: 0.5166, Validation Loss: 0.6471
--- Saved model to checkpoints/classification/eval_fits_bs8_seed46/state.pt ---
Epoch 106
Epoch 106, Training Loss: 0.5049, Validation Loss: 0.5728
--- Saved model to checkpoints/classification/eval_fits_bs8_seed46/state.pt ---
Epoch 107
Epoch 107, Training Loss: 0.5118, Validation Loss: 0.6256
--- Saved model to checkpoints/classification/eval_fits_bs8_seed46/state.pt ---
Epoch 108
Epoch 108, Training Loss: 0.4990, Validation Loss: 0.6452
--- Saved model to checkpoints/classification/eval_fits_bs8_seed46/state.pt ---
Epoch 109
Epoch 109, Training Loss: 0.5052, Validation Loss: 0.6710
--- Saved model to checkpoints/classification/eval_fits_bs8_seed46/state.pt ---
Epoch 110
Epoch 110, Training Loss: 0.5008, Validation Loss: 0.5729
--- Saved model to checkpoints/classification/eval_fits_bs8_seed46/state.pt ---
Epoch 111
Epoch 111, Training Loss: 0.4974, Validation Loss: 0.6112
--- Saved model to checkpoints/classification/eval_fits_bs8_seed46/state.pt ---
Epoch 112
Epoch 112, Training Loss: 0.5116, Validation Loss: 0.5762
--- Saved model to checkpoints/classification/eval_fits_bs8_seed46/state.pt ---
Epoch 113
Epoch 113, Training Loss: 0.4934, Validation Loss: 0.5493
--- Saved model to checkpoints/classification/eval_fits_bs8_seed46/state.pt ---
Epoch 114
Epoch 114, Training Loss: 0.4909, Validation Loss: 0.6378
--- Saved model to checkpoints/classification/eval_fits_bs8_seed46/state.pt ---
Epoch 115
Epoch 115, Training Loss: 0.5031, Validation Loss: 0.6109
--- Saved model to checkpoints/classification/eval_fits_bs8_seed46/state.pt ---
Epoch 116
Epoch 116, Training Loss: 0.4999, Validation Loss: 0.6724
--- Saved model to checkpoints/classification/eval_fits_bs8_seed46/state.pt ---
Epoch 117
Epoch 117, Training Loss: 0.5028, Validation Loss: 0.6123
--- Saved model to checkpoints/classification/eval_fits_bs8_seed46/state.pt ---
Epoch 118
Epoch 118, Training Loss: 0.4995, Validation Loss: 0.6732
--- Saved model to checkpoints/classification/eval_fits_bs8_seed46/state.pt ---
Epoch 119
Epoch 119, Training Loss: 0.4840, Validation Loss: 0.5351
--- Saved model to checkpoints/classification/eval_fits_bs8_seed46/state.pt ---
Epoch 120
Epoch 120, Training Loss: 0.4910, Validation Loss: 0.5954
--- Saved model to checkpoints/classification/eval_fits_bs8_seed46/state.pt ---
Epoch 121
Epoch 121, Training Loss: 0.4917, Validation Loss: 0.6782
--- Saved model to checkpoints/classification/eval_fits_bs8_seed46/state.pt ---
Epoch 122
Epoch 122, Training Loss: 0.4931, Validation Loss: 0.5602
--- Saved model to checkpoints/classification/eval_fits_bs8_seed46/state.pt ---
Epoch 123
Epoch 123, Training Loss: 0.4823, Validation Loss: 0.5928
--- Saved model to checkpoints/classification/eval_fits_bs8_seed46/state.pt ---
Epoch 124
Epoch 124, Training Loss: 0.4827, Validation Loss: 0.6042
--- Saved model to checkpoints/classification/eval_fits_bs8_seed46/state.pt ---
Epoch 125
Epoch 125, Training Loss: 0.4950, Validation Loss: 0.5611
--- Saved model to checkpoints/classification/eval_fits_bs8_seed46/state.pt ---
Epoch 126
Epoch 126, Training Loss: 0.4975, Validation Loss: 0.5555
--- Saved model to checkpoints/classification/eval_fits_bs8_seed46/state.pt ---
Epoch 127
Epoch 127, Training Loss: 0.4946, Validation Loss: 0.6065
--- Saved model to checkpoints/classification/eval_fits_bs8_seed46/state.pt ---
Epoch 128
Epoch 128, Training Loss: 0.4800, Validation Loss: 0.6104
--- Saved model to checkpoints/classification/eval_fits_bs8_seed46/state.pt ---
Epoch 129
Epoch 129, Training Loss: 0.4750, Validation Loss: 0.5719
--- Saved model to checkpoints/classification/eval_fits_bs8_seed46/state.pt ---
Epoch 130
Epoch 130, Training Loss: 0.4643, Validation Loss: 0.6063
--- Saved model to checkpoints/classification/eval_fits_bs8_seed46/state.pt ---
Epoch 131
Epoch 131, Training Loss: 0.4853, Validation Loss: 0.6175
--- Saved model to checkpoints/classification/eval_fits_bs8_seed46/state.pt ---
Epoch 132
Epoch 132, Training Loss: 0.4814, Validation Loss: 0.5783
--- Saved model to checkpoints/classification/eval_fits_bs8_seed46/state.pt ---
Epoch 133
Epoch 133, Training Loss: 0.4719, Validation Loss: 0.5402
--- Saved model to checkpoints/classification/eval_fits_bs8_seed46/state.pt ---
Epoch 134
Epoch 134, Training Loss: 0.4984, Validation Loss: 0.5427
--- Saved model to checkpoints/classification/eval_fits_bs8_seed46/state.pt ---
Epoch 135
Epoch 135, Training Loss: 0.4865, Validation Loss: 0.6264
--- Saved model to checkpoints/classification/eval_fits_bs8_seed46/state.pt ---
Epoch 136
Epoch 136, Training Loss: 0.4974, Validation Loss: 0.6305
--- Saved model to checkpoints/classification/eval_fits_bs8_seed46/state.pt ---
Epoch 137
Epoch 137, Training Loss: 0.4551, Validation Loss: 0.5487
--- Saved model to checkpoints/classification/eval_fits_bs8_seed46/state.pt ---
Epoch 138
Epoch 138, Training Loss: 0.4658, Validation Loss: 0.5800
--- Saved model to checkpoints/classification/eval_fits_bs8_seed46/state.pt ---
Epoch 139
Epoch 139, Training Loss: 0.4691, Validation Loss: 0.5716
--- Saved model to checkpoints/classification/eval_fits_bs8_seed46/state.pt ---
Epoch 140
Epoch 140, Training Loss: 0.4795, Validation Loss: 0.6128
--- Saved model to checkpoints/classification/eval_fits_bs8_seed46/state.pt ---
Epoch 141
Epoch 141, Training Loss: 0.4792, Validation Loss: 0.5376
--- Saved model to checkpoints/classification/eval_fits_bs8_seed46/state.pt ---
Epoch 142
Epoch 142, Training Loss: 0.4845, Validation Loss: 0.5888
--- Saved model to checkpoints/classification/eval_fits_bs8_seed46/state.pt ---
Epoch 143
