{
  "median_noise_rms": 0.00027373047770768403,
  "median_peak_log": 3.9388465881347656
}