{
  "epochs": [
    0,
    1,
    2,
    3,
    4,
    5,
    6,
    7,
    8,
    9,
    10,
    11,
    12,
    13,
    14,
    15,
    16,
    17,
    18,
    19,
    20,
    21,
    22,
    23,
    24,
    25,
    26,
    27,
    28,
    29,
    30,
    31,
    32,
    33,
    34,
    35,
    36,
    37,
    38,
    39,
    40,
    41,
    42,
    43,
    44,
    45,
    46,
    47,
    48,
    49,
    50,
    51,
    52,
    53,
    54,
    55,
    56,
    57,
    58,
    59,
    60,
    61,
    62,
    63,
    64,
    65,
    66,
    67,
    68,
    69,
    70,
    71,
    72,
    73,
    74,
    75,
    76,
    77,
    78,
    79,
    80,
    81,
    82,
    83,
    84,
    85,
    86,
    87,
    88,
    89,
    90,
    91,
    92,
    93,
    94,
    95,
    96,
    97,
    98,
    99,
    100,
    101,
    102,
    103,
    104,
    105,
    106,
    107,
    108,
    109,
    110,
    111,
    112,
    113,
    114,
    115,
    116,
    117,
    118,
    119,
    120,
    121,
    122,
    123,
    124,
    125,
    126,
    127,
    128,
    129,
    130,
    131,
    132,
    133,
    134,
    135,
    136,
    137,
    138,
    139,
    140,
    141,
    142,
    143,
    144,
    145,
    146,
    147,
    148,
    149,
    150,
    151,
    152,
    153,
    154,
    155,
    156,
    157,
    158,
    159,
    160,
    161,
    162,
    163,
    164,
    165,
    166,
    167,
    168,
    169,
    170,
    171,
    172,
    173,
    174,
    175,
    176,
    177,
    178,
    179,
    180,
    181,
    182,
    183,
    184,
    185,
    186,
    187,
    188,
    189,
    190,
    191,
    192,
    193,
    194,
    195,
    196,
    197,
    198,
    199
  ],
  "train_loss": [
    0.6524924809156463,
    0.6523967780346094,
    0.7069831757351409,
    0.6979990708966588,
    0.7764805707820627,
    0.7067121007414752,
    0.6283145328593809,
    0.6172568517368894,
    0.6081376515848692,
    0.5823253389707831,
    0.5604908099008161,
    0.5796789195994998,
    0.569592688319295,
    0.5876448310391847,
    0.5647951246694077,
    0.5248121463282164,
    0.522690030031426,
    0.5488719846620116,
    0.5107591838337654,
    0.5686951851428941,
    0.5359733388867489,
    0.5065725081881811,
    0.5398511945508248,
    0.502645302997079,
    0.51388917100984,
    0.5308423787355423,
    0.5173404154389404,
    0.5435578403777854,
    0.518234322237414,
    0.5098159240428791,
    0.6165014138055402,
    0.5925224063008331,
    0.6056591566911963,
    0.6386791990939961,
    0.6029858100552892,
    0.6084410818510277,
    0.6191120542759119,
    0.628548790549123,
    0.6209234103213909,
    0.6454994394335636,
    0.6150011998969455,
    0.6191463816997617,
    0.6073024373414905,
    0.609483671049739,
    0.5986219589100328,
    0.6142191540363223,
    0.5911011196846185,
    0.6056812159543814,
    0.5918484836123711,
    0.6188147629416266,
    0.6079562770765882,
    0.6119568049907684,
    0.5946864957033202,
    0.6191458133764045,
    0.6051724414492763,
    0.5811482349107432,
    0.6244463470093039,
    0.6238622502532116,
    0.6143561809561974,
    0.6065288040527078,
    0.6213394233653712,
    0.5955181527276372,
    0.6227966616320055,
    0.640004386735517,
    0.6201430541831393,
    0.6147153817637022,
    0.6061171483854915,
    0.61137770670791,
    0.6248339937869892,
    0.6059163573176362,
    0.6332721557728079,
    0.6273928672768349,
    0.6115141323832578,
    0.6090772054916205,
    0.6111907304026359,
    0.622979327343231,
    0.617154756604239,
    0.6223238186780796,
    0.6125206576530323,
    0.6085243987482648,
    0.61841969711836,
    0.6106179557567419,
    0.6323278972575831,
    0.627351914380872,
    0.6309901978387389,
    0.6070453205773997,
    0.6161648748919021,
    0.6125521133112353,
    0.6239497557628987,
    0.636375269571016,
    0.6166119492331217,
    0.6089535137248594,
    0.6251608455596969,
    0.6184713670680689,
    0.6269283596166345,
    0.6185362838035406,
    0.6206194893565289,
    0.6094264571749887,
    0.6087140253809995,
    0.6222369164921516,
    0.6018556325241576,
    0.6043887862632441,
    0.6226155314334604,
    0.6178106069564819,
    0.6193012383788131,
    0.6151205699804217,
    0.6233148276805878,
    0.6224113591881686,
    0.6286726133074871,
    0.629989237979401,
    0.6221358945896459,
    0.6198335397382115,
    0.6326265182606009,
    0.6334000815485799,
    0.6187940572583398,
    0.6427446825559749,
    0.6388580029787019,
    0.6131123266247815,
    0.6164760198010955,
    0.6311796428852303,
    0.628057015496631,
    0.6237910448811775,
    0.6345218250224757,
    0.6309374574311944,
    0.6368429657331732,
    0.635615227180858,
    0.6355772198632706,
    0.6177886662095092,
    0.6411486382401267,
    0.631275916168856,
    0.6414003417242405,
    0.6208573683749797,
    0.6466264291558155,
    0.630573954346568,
    0.6427589114322219,
    0.6373493643694146,
    0.6298332897036575,
    0.6340235031621401,
    0.6361152876255124,
    0.6282245121722998,
    0.6224860018768976,
    0.6416384917359019,
    0.636115528469862,
    0.6277333993551343,
    0.6341145315835642,
    0.6363889786393143,
    0.6256603889687117,
    0.6407856414484423,
    0.6227255044288413,
    0.6340713213349498,
    0.6220701811618583,
    0.6353219200012296,
    0.6327670611614404,
    0.6405243665673012,
    0.6405577666537706,
    0.64296623683253,
    0.6143425009971442,
    0.6332228911477465,
    0.6282918997282205,
    0.6262624825156012,
    0.6264368032300195,
    0.6283806856981543,
    0.613199136977972,
    0.6344324620657189,
    0.6365443648293961,
    0.6133764968361965,
    0.6248306770657384,
    0.6341959203398505,
    0.6350871023050574,
    0.6248236371334209,
    0.6449888539175654,
    0.6364621863115666,
    0.6290730237960815,
    0.6384077061747395,
    0.6386749557284421,
    0.6336386079011962,
    0.6282819866441017,
    0.6313959023980207,
    0.6374732574751211,
    0.6348396269387977,
    0.6284886376802311,
    0.6341173278037892,
    0.644052021032156,
    0.6315951278043348,
    0.632969252938448,
    0.6423933516408122,
    0.6272869577934576,
    0.6354749178470567,
    0.6412650052198144,
    0.6316991898902627,
    0.6386744265639505,
    0.6502532910468967,
    0.6465500385262245,
    0.6311367185309876,
    0.637721836566925,
    0.6499307287293811,
    0.6405459815679595,
    0.6453450772651407,
    0.6395145883393842,
    0.6426997818919116
  ],