mirabest_filename,mirabest_split,mirabest_ra,mirabest_dec,mirabest_label,crumb_filename,crumb_split,crumb_ra,crumb_dec,crumb_label,coord_offset_deg,pixel_mean_abs_diff,labels_agree
./MiraBest_data/100_162.947+055.386_0.0739_0250.34.png,train,162.947,55.386,100,./CombinedCat/PNG/Scaled_Final/162.947_+055.386.png,train,162.947,55.386,FRI,0.0,0.007378,True
./MiraBest_data/100_208.259+033.091_0.0610_0123.73.png,train,208.259,33.091,100,./CombinedCat/PNG/Scaled_Final/208.259_+033.091.png,train,208.259,33.091,FRI,0.0,0.015733,True
./MiraBest_data/100_225.140+042.338_0.4429_0114.18.png,train,225.14,42.338,100,./CombinedCat/PNG/Scaled_Final/225.140_+042.338.png,train,225.14,42.338,FRI,0.0,0.002978,True
./MiraBest_data/100_243.198+005.333_0.1469_0058.51.png,train,243.198,5.333,100,./CombinedCat/PNG/Scaled_Final/243.198_+005.333.png,test,243.198,5.333,FRI,0.0,0.004356,True
./MiraBest_data/100_166.705+029.898_0.4648_0048.73.png,train,166.705,29.898,100,./CombinedCat/PNG/Scaled_Final/166.705_+029.898.png,train,166.705,29.898,FRI,0.0,0.001022,True
./MiraBest_data/100_157.651+035.917_0.1235_0037.24.png,train,157.651,35.917,100,./CombinedCat/PNG/Scaled_Final/157.651_+035.917.png,train,157.651,35.917,FRI,0.0,0.014089,True
./MiraBest_data/100_136.428+042.354_0.1565_0016.04.png,train,136.428,42.354,100,./CombinedCat/PNG/Scaled_Final/136.428_+042.354.png,train,136.428,42.354,FRI,0.0,0.004133,True
./MiraBest_data/100_165.417+033.289_0.2033_0130.83.png,train,165.417,33.289,100,./CombinedCat/PNG/Scaled_Final/165.417_+033.289.png,train,165.417,33.289,FRI,0.0,0.006267,True
./MiraBest_data/100_193.904+034.946_0.1830_0020.42.png,train,193.904,34.946,100,./CombinedCat/PNG/Scaled_Final/193.904_+034.946.png,train,193.904,34.946,FRI,0.0,0.004311,True
./MiraBest_data/100_225.172+036.363_0.2552_0032.20.png,train,225.172,36.363,100,./CombinedCat/PNG/Scaled_Final/225.172_+036.363.png,train,225.172,36.363,FRII,0.0,0.037289,False
./MiraBest_data/100_126.484+017.861_0.0905_0151.78.png,train,126.484,17.861,100,./CombinedCat/PNG/Scaled_Final/126.484_+017.861.png,train,126.484,17.861,FRI,0.0,0.005333,True
./MiraBest_data/100_194.092+001.426_0.3345_0170.89.png,train,194.092,1.426,100,./CombinedCat/PNG/Scaled_Final/194.092_+001.426.png,train,194.092,1.426,FRI,0.0,0.002533,True
./MiraBest_data/100_156.766+038.337_0.1230_0161.16.png,train,156.766,38.337,100,./CombinedCat/PNG/Scaled_Final/156.766_+038.337.png,train,156.766,38.337,FRI,0.0,0.0152,True
./MiraBest_data/100_127.782+039.239_0.2066_0114.76.png,train,127.782,39.239,100,./CombinedCat/PNG/Scaled_Final/127.782_+039.239.png,train,127.782,39.239,FRI,0.0,0.013244,True
./MiraBest_data/100_242.088+028.479_0.0502_0190.05.png,train,242.088,28.479,100,./CombinedCat/PNG/Scaled_Final/242.088_+028.479.png,test,242.088,28.479,FRII,0.0,0.000844,False
./MiraBest_data/100_010.451-009.284_0.0529_0080.60.png,train,10.451,-9.284,100,./CombinedCat/PNG/Scaled_Final/010.451_-009.284.png,train,10.451,-9.284,FRI,0.0,0.002356,True
./MiraBest_data/100_203.220+057.622_0.2218_0032.74.png,train,203.22,57.622,100,./CombinedCat/PNG/Scaled_Final/203.220_+057.622.png,train,203.22,57.622,FRI,0.0,0.000311,True
./MiraBest_data/100_222.254+040.012_0.1854_0188.05.png,train,222.254,40.012,100,./CombinedCat/PNG/Scaled_Final/222.254_+040.012.png,train,222.254,40.012,FRII,0.0,0.002133,False
./MiraBest_data/100_206.173+040.467_0.0754_0017.81.png,train,206.173,40.467,100,./CombinedCat/PNG/Scaled_Final/206.173_+040.467.png,train,206.173,40.467,FRI,0.0,0.0004,True
./MiraBest_data/100_224.311+023.495_0.3285_0036.44.png,train,224.311,23.495,100,./CombinedCat/PNG/Scaled_Final/224.311_+023.495.png,train,224.311,23.495,FRI,0.0,0.004356,True
./MiraBest_data/100_141.563+016.854_0.2120_0023.87.png,train,141.563,16.854,100,./CombinedCat/PNG/Scaled_Final/141.563_+016.854.png,train,141.563,16.854,FRI,0.0,0.005556,True
./MiraBest_data/100_133.297+013.310_0.1259_0042.73.png,train,133.297,13.31,100,./CombinedCat/PNG/Scaled_Final/133.297_+013.310.png,train,133.297,13.31,FRI,0.0,0.003244,True
./MiraBest_data/100_225.309+009.990_0.3384_0046.22.png,train,225.309,9.99,100,./CombinedCat/PNG/Scaled_Final/225.309_+009.990.png,train,225.309,9.99,FRI,0.0,0.011956,True
./MiraBest_data/100_231.081+016.453_0.1525_0043.05.png,train,231.081,16.453,100,./CombinedCat/PNG/Scaled_Final/231.081_+016.453.png,train,231.081,16.453,FRI,0.0,0.001156,True
./MiraBest_data/100_190.400+016.343_0.0702_0110.34.png,train,190.4,16.343,100,./CombinedCat/PNG/Scaled_Final/190.400_+016.343.png,train,190.4,16.343,FRI,0.0,8.9e-05,True
./MiraBest_data/100_174.709+020.655_0.1806_0026.43.png,train,174.709,20.655,100,./CombinedCat/PNG/Scaled_Final/174.709_+020.655.png,train,174.709,20.655,FRI,0.0,0.0,True
./MiraBest_data/100_250.346+038.036_0.1626_0132.49.png,train,250.346,38.036,100,./CombinedCat/PNG/Scaled_Final/250.346_+038.036.png,test,250.346,38.036,FRI,0.0,0.003422,True
./MiraBest_data/100_120.907+010.845_0.1423_0082.92.png,train,120.907,10.845,100,./CombinedCat/PNG/Scaled_Final/120.907_+010.845.png,train,120.907,10.845,FRI,0.0,0.007689,True
./MiraBest_data/100_127.801+043.700_0.1114_0037.37.png,train,127.801,43.7,100,./CombinedCat/PNG/Scaled_Final/127.801_+043.700.png,train,127.801,43.7,FRI,0.0,0.007244,True
./MiraBest_data/100_172.683+034.913_0.2047_0033.10.png,train,172.683,34.913,100,./CombinedCat/PNG/Scaled_Final/172.683_+034.913.png,train,172.683,34.913,FRI,0.0,0.016178,True
./MiraBest_data/100_142.745+003.808_0.0890_0212.98.png,train,142.745,3.808,100,./CombinedCat/PNG/Scaled_Final/142.745_+003.808.png,train,142.745,3.808,FRI,0.0,0.020844,True
./MiraBest_data/100_135.529+011.009_0.3496_0048.53.png,train,135.529,11.009,100,./CombinedCat/PNG/Scaled_Final/135.529_+011.009.png,train,135.529,11.009,FRI,0.0,0.001422,True
./MiraBest_data/100_126.001+015.580_0.0930_0057.51.png,train,126.001,15.58,100,./CombinedCat/PNG/Scaled_Final/126.001_+015.580.png,train,126.001,15.58,FRI,0.0,0.0,True
./MiraBest_data/200_186.668+025.649_0.1344_0035.97.png,train,186.668,25.649,200,./CombinedCat/PNG/Scaled_Final/186.668_+025.649.png,train,186.668,25.649,FRII,0.0,0.009022,True
./MiraBest_data/200_218.704-002.250_0.2906_0051.40.png,train,218.704,-2.25,200,./CombinedCat/PNG/Scaled_Final/218.704_-002.250.png,train,218.704,-2.25,FRII,0.0,0.003733,True
./MiraBest_data/200_191.046+014.482_0.2720_0008.80.png,train,191.046,14.482,200,./CombinedCat/PNG/Scaled_Final/191.046_+014.482.png,train,191.046,14.482,FRII,0.0,0.002711,True
./MiraBest_data/200_219.329+040.716_0.4007_0016.95.png,train,219.329,40.716,200,./CombinedCat/PNG/Scaled_Final/219.329_+040.716.png,train,219.329,40.716,FRII,0.0,0.002622,True
./MiraBest_data/200_123.432+052.961_0.1381_0028.95.png,train,123.432,52.961,200,./CombinedCat/PNG/Scaled_Final/123.432_+052.961.png,train,123.432,52.961,FRII,0.0,0.001556,True
./MiraBest_data/200_229.101-000.830_0.3760_0009.24.png,train,229.101,-0.83,200,./CombinedCat/PNG/Scaled_Final/229.101_-000.830.png,train,229.101,-0.83,FRI,0.0,0.0008,False
./MiraBest_data/200_160.918+030.883_0.4356_0020.41.png,train,160.918,30.883,200,./CombinedCat/PNG/Scaled_Final/160.918_+030.883.png,train,160.918,30.883,FRII,0.0,0.000533,True
./MiraBest_data/200_239.251+041.520_0.0847_0066.27.png,train,239.251,41.52,200,./CombinedCat/PNG/Scaled_Final/239.251_+041.520.png,test,239.251,41.52,FRI,0.0,0.004444,False
./MiraBest_data/200_188.626+041.160_0.1909_0084.95.png,train,188.626,41.16,200,./CombinedCat/PNG/Scaled_Final/188.626_+041.160.png,train,188.626,41.16,FRII,0.0,0.000844,True
./MiraBest_data/200_154.084+010.216_0.4181_0153.55.png,train,154.084,10.216,200,./CombinedCat/PNG/Scaled_Final/154.084_+010.216.png,train,154.084,10.216,FRII,0.0,0.708133,True
./MiraBest_data/200_126.269+012.735_0.3216_0111.43.png,train,126.269,12.735,200,./CombinedCat/PNG/Scaled_Final/126.269_+012.735.png,train,126.269,12.735,FRII,0.0,0.001511,True
./MiraBest_data/200_126.786+009.384_0.3721_0018.00.png,train,126.786,9.384,200,./CombinedCat/PNG/Scaled_Final/126.786_+009.384.png,train,126.786,9.384,FRII,0.0,0.001733,True
./MiraBest_data/200_148.625+058.212_0.4502_0017.25.png,train,148.625,58.212,200,./CombinedCat/PNG/Scaled_Final/148.625_+058.212.png,train,148.625,58.212,FRII,0.0,0.000489,True
./MiraBest_data/200_219.706+034.265_0.3407_0010.29.png,train,219.706,34.265,200,./CombinedCat/PNG/Scaled_Final/219.706_+034.265.png,train,219.706,34.265,FRII,0.0,0.000489,True
./MiraBest_data/200_198.644-001.728_0.2197_0050.01.png,train,198.644,-1.728,200,./CombinedCat/PNG/Scaled_Final/198.644_-001.728.png,train,198.644,-1.728,FRII,0.0,0.005556,True
./MiraBest_data/200_150.419+006.818_0.2266_0021.00.png,train,150.419,6.818,200,./CombinedCat/PNG/Scaled_Final/150.419_+006.818.png,train,150.419,6.818,FRII,0.0,0.000711,True
./MiraBest_data/200_199.275+043.954_0.0517_0019.94.png,train,199.275,43.954,200,./CombinedCat/PNG/Scaled_Final/199.275_+043.954.png,train,199.275,43.954,FRII,0.0,0.004267,True
./MiraBest_data/200_224.926+011.703_0.2484_0009.49.png,train,224.926,11.703,200,./CombinedCat/PNG/Scaled_Final/224.926_+011.703.png,train,224.926,11.703,FRI,0.0,0.003822,False
./MiraBest_data/200_203.848+017.837_0.2050_0065.25.png,train,203.848,17.837,200,./CombinedCat/PNG/Scaled_Final/203.848_+017.837.png,train,203.848,17.837,FRII,0.0,0.018044,True
./MiraBest_data/200_189.324+005.700_0.4800_0068.42.png,train,189.324,5.7,200,./CombinedCat/PNG/Scaled_Final/189.324_+005.700.png,train,189.324,5.7,FRII,0.0,0.003333,True
./MiraBest_data/200_224.051+020.011_0.2171_0015.49.png,train,224.051,20.011,200,./CombinedCat/PNG/Scaled_Final/224.051_+020.011.png,train,224.051,20.011,FRII,0.0,0.007556,True
./MiraBest_data/200_172.526+019.746_0.3174_0019.78.png,train,172.526,19.746,200,./CombinedCat/PNG/Scaled_Final/172.526_+019.746.png,train,172.526,19.746,FRII,0.0,0.002933,True
./MiraBest_data/200_214.691+040.535_0.2749_0022.27.png,train,214.691,40.535,200,./CombinedCat/PNG/Scaled_Final/214.691_+040.535.png,train,214.691,40.535,FRII,0.0,0.031156,True
./MiraBest_data/200_129.078+009.156_0.2242_0026.89.png,train,129.078,9.156,200,./CombinedCat/PNG/Scaled_Final/129.078_+009.156.png,train,129.078,9.156,FRII,0.0,0.001511,True
./MiraBest_data/200_222.135+044.382_0.2775_0021.27.png,train,222.135,44.382,200,./CombinedCat/PNG/Scaled_Final/222.135_+044.382.png,train,222.135,44.382,FRII,0.0,0.002178,True
./MiraBest_data/200_205.700+038.206_0.1720_0109.67.png,train,205.7,38.206,200,./CombinedCat/PNG/Scaled_Final/205.700_+038.206.png,train,205.7,38.206,FRII,0.0,0.0396,True
./MiraBest_data/200_120.947+053.802_0.1398_0008.89.png,train,120.947,53.802,200,./CombinedCat/PNG/Scaled_Final/120.947_+053.802.png,train,120.947,53.802,FRII,0.0,0.002044,True
./MiraBest_data/200_144.590+055.726_0.2212_0046.90.png,train,144.59,55.726,200,./CombinedCat/PNG/Scaled_Final/144.590_+055.726.png,train,144.59,55.726,FRII,0.0,0.005911,True
./MiraBest_data/200_125.193+006.626_0.2450_0010.02.png,train,125.193,6.626,200,./CombinedCat/PNG/Scaled_Final/125.193_+006.626.png,train,125.193,6.626,FRII,0.0,0.007422,True
./MiraBest_data/200_186.826+008.844_0.0885_0023.91.png,train,186.826,8.844,200,./CombinedCat/PNG/Scaled_Final/186.826_+008.844.png,train,186.826,8.844,FRII,0.0,0.010711,True
./MiraBest_data/200_165.795+004.311_0.3257_0010.10.png,train,165.795,4.311,200,./CombinedCat/PNG/Scaled_Final/165.795_+004.311.png,train,165.795,4.311,FRII,0.0,0.001111,True
./MiraBest_data/200_176.117+003.971_0.1274_0033.01.png,train,176.117,3.971,200,./CombinedCat/PNG/Scaled_Final/176.117_+003.971.png,train,176.117,3.971,FRII,0.0,0.001733,True
./MiraBest_data/200_230.951+005.579_0.1761_0087.31.png,train,230.951,5.579,200,./CombinedCat/PNG/Scaled_Final/230.951_+005.579.png,train,230.951,5.579,FRI,0.0,0.001333,False
./MiraBest_data/200_195.655+016.467_0.4956_0008.27.png,train,195.655,16.467,200,./CombinedCat/PNG/Scaled_Final/195.655_+016.467.png,train,195.655,16.467,FRII,0.0,8.9e-05,True
./MiraBest_data/200_182.351+056.335_0.4098_0013.35.png,train,182.351,56.335,200,./CombinedCat/PNG/Scaled_Final/182.351_+056.335.png,train,182.351,56.335,FRII,0.0,0.003289,True
./MiraBest_data/200_209.730+014.977_0.3660_0054.69.png,train,209.73,14.977,200,./CombinedCat/PNG/Scaled_Final/209.730_+014.977.png,train,209.73,14.977,FRII,0.0,0.004133,True
./MiraBest_data/200_167.177+030.399_0.4811_0009.29.png,train,167.177,30.399,200,./CombinedCat/PNG/Scaled_Final/167.177_+030.399.png,train,167.177,30.399,FRII,0.0,0.002622,True
./MiraBest_data/200_163.505+022.261_0.2603_0011.05.png,train,163.505,22.261,200,./CombinedCat/PNG/Scaled_Final/163.505_+022.261.png,train,163.505,22.261,FRII,0.0,0.003644,True
./MiraBest_data/200_206.263+009.790_0.1303_0089.12.png,train,206.263,9.79,200,./CombinedCat/PNG/Scaled_Final/206.263_+009.790.png,train,206.263,9.79,FRII,0.0,0.0428,True
./MiraBest_data/200_161.126+005.745_0.2453_0018.90.png,train,161.126,5.745,200,./CombinedCat/PNG/Scaled_Final/161.126_+005.745.png,train,161.126,5.745,FRII,0.0,0.004222,True
./MiraBest_data/200_212.628+063.317_0.1587_0178.38.png,train,212.628,63.317,200,./CombinedCat/PNG/Scaled_Final/212.628_+063.317.png,train,212.628,63.317,FRII,0.0,0.004844,True
./MiraBest_data/200_195.472+025.737_0.3104_0022.54.png,train,195.472,25.737,200,./CombinedCat/PNG/Scaled_Final/195.472_+025.737.png,train,195.472,25.737,FRII,0.0,0.000756,True
./MiraBest_data/200_179.554+030.107_0.1389_0020.61.png,train,179.554,30.107,200,./CombinedCat/PNG/Scaled_Final/179.554_+030.107.png,train,179.554,30.107,FRII,0.0,0.000444,True
./MiraBest_data/200_170.300+011.764_0.2193_0050.73.png,train,170.3,11.764,200,./CombinedCat/PNG/Scaled_Final/170.300_+011.764.png,train,170.3,11.764,FRII,0.0,0.010578,True
./MiraBest_data/100_164.335+030.208_0.2453_0040.02.png,train,164.335,30.208,100,./CombinedCat/PNG/Scaled_Final/164.335_+030.208.png,train,164.335,30.208,FRI,0.0,0.0008,True
./MiraBest_data/100_256.372+022.269_0.0496_0083.95.png,train,256.372,22.269,100,./CombinedCat/PNG/Scaled_Final/256.372_+022.269.png,test,256.372,22.269,FRI,0.0,0.0008,True
./MiraBest_data/100_127.949+022.652_0.0864_0123.31.png,train,127.949,22.652,100,./CombinedCat/PNG/Scaled_Final/127.949_+022.652.png,train,127.949,22.652,FRI,0.0,0.0,True
./MiraBest_data/100_166.345+030.162_0.0717_0137.10.png,train,166.345,30.162,100,./CombinedCat/PNG/Scaled_Final/166.345_+030.162.png,train,166.345,30.162,FRI,0.0,0.005956,True
./MiraBest_data/100_118.778+026.354_0.1228_0188.84.png,train,118.778,26.354,100,./CombinedCat/PNG/Scaled_Final/118.778_+026.354.png,train,118.778,26.354,FRI,0.0,0.015956,True
./MiraBest_data/100_148.866+003.755_0.0910_0059.98.png,train,148.866,3.755,100,./CombinedCat/PNG/Scaled_Final/148.866_+003.755.png,train,148.866,3.755,FRI,0.0,0.002267,True
./MiraBest_data/100_197.759+044.999_0.2325_0084.58.png,train,197.759,44.999,100,./CombinedCat/PNG/Scaled_Final/197.759_+044.999.png,train,197.759,44.999,FRI,0.0,0.011911,True
./MiraBest_data/100_208.859+035.429_0.1079_0042.15.png,train,208.859,35.429,100,./CombinedCat/PNG/Scaled_Final/208.859_+035.429.png,train,208.859,35.429,FRI,0.0,0.005111,True
./MiraBest_data/100_231.229+022.443_0.3747_0050.21.png,train,231.229,22.443,100,./CombinedCat/PNG/Scaled_Final/231.229_+022.443.png,train,231.229,22.443,FRI,0.0,0.0176,True
./MiraBest_data/100_151.284+009.209_0.1436_0054.35.png,train,151.284,9.209,100,./CombinedCat/PNG/Scaled_Final/151.284_+009.209.png,train,151.284,9.209,FRI,0.0,0.006889,True
./MiraBest_data/100_227.498+003.003_0.0920_0238.01.png,train,227.498,3.003,100,./CombinedCat/PNG/Scaled_Final/227.498_+003.003.png,train,227.498,3.003,FRI,0.0,0.003022,True
./MiraBest_data/100_116.785+017.291_0.1876_0107.21.png,train,116.785,17.291,100,./CombinedCat/PNG/Scaled_Final/116.785_+017.291.png,train,116.785,17.291,FRI,0.0,0.009333,True
./MiraBest_data/100_196.932+056.851_0.2500_0084.49.png,train,196.932,56.851,100,./CombinedCat/PNG/Scaled_Final/196.932_+056.851.png,train,196.932,56.851,FRI,0.0,0.005467,True
./MiraBest_data/100_173.095+055.972_0.0501_0042.73.png,train,173.095,55.972,100,./CombinedCat/PNG/Scaled_Final/173.095_+055.972.png,train,173.095,55.972,FRI,0.0,0.002178,True
./MiraBest_data/100_150.470-000.878_0.1364_0124.24.png,train,150.47,-0.878,100,./CombinedCat/PNG/Scaled_Final/150.470_-000.878.png,train,150.47,-0.878,FRI,0.0,0.026667,True
./MiraBest_data/100_207.192+018.422_0.1198_0035.54.png,train,207.192,18.422,100,./CombinedCat/PNG/Scaled_Final/207.192_+018.422.png,train,207.192,18.422,FRI,0.0,0.076667,True
./MiraBest_data/100_189.591+058.368_0.2361_0101.75.png,train,189.591,58.368,100,./CombinedCat/PNG/Scaled_Final/189.591_+058.368.png,train,189.591,58.368,FRI,0.0,0.023956,True
./MiraBest_data/100_233.211+057.574_0.1519_0066.98.png,train,233.211,57.574,100,./CombinedCat/PNG/Scaled_Final/233.211_+057.574.png,test,233.211,57.574,FRII,0.0,0.001867,False
./MiraBest_data/100_147.761+010.370_0.2281_0052.19.png,train,147.761,10.37,100,./CombinedCat/PNG/Scaled_Final/147.761_+010.370.png,train,147.761,10.37,FRI,0.0,0.003556,True
./MiraBest_data/100_135.645+020.738_0.0834_0040.38.png,train,135.645,20.738,100,./CombinedCat/PNG/Scaled_Final/135.645_+020.738.png,train,135.645,20.738,FRI,0.0,0.030667,True
./MiraBest_data/100_210.461+020.169_0.2081_0052.60.png,train,210.461,20.169,100,./CombinedCat/PNG/Scaled_Final/210.461_+020.169.png,train,210.461,20.169,FRI,0.0,0.001111,True
./MiraBest_data/100_149.497+003.457_0.1653_0104.36.png,train,149.497,3.457,100,./CombinedCat/PNG/Scaled_Final/149.497_+003.457.png,train,149.497,3.457,FRI,0.0,0.000756,True
./MiraBest_data/100_135.583+009.835_0.2938_0057.11.png,train,135.583,9.835,100,./CombinedCat/PNG/Scaled_Final/135.583_+009.835.png,train,135.583,9.835,FRI,0.0,0.018,True
./MiraBest_data/100_211.575+027.937_0.3858_0115.99.png,train,211.575,27.937,100,./CombinedCat/PNG/Scaled_Final/211.575_+027.937.png,train,211.575,27.937,FRI,0.0,0.000756,True
./MiraBest_data/100_236.788+035.646_0.0794_0268.07.png,train,236.788,35.646,100,./CombinedCat/PNG/Scaled_Final/236.788_+035.646.png,test,236.788,35.646,FRI,0.0,0.017467,True
./MiraBest_data/100_151.236+009.785_0.1615_0180.11.png,train,151.236,9.785,100,./CombinedCat/PNG/Scaled_Final/151.236_+009.785.png,train,151.236,9.785,FRI,0.0,0.0072,True
./MiraBest_data/100_218.473+018.756_0.0759_0095.25.png,train,218.473,18.756,100,./CombinedCat/PNG/Scaled_Final/218.473_+018.756.png,train,218.473,18.756,FRI,0.0,0.007333,True
./MiraBest_data/100_202.528+027.065_0.2770_0075.75.png,train,202.528,27.065,100,./CombinedCat/PNG/Scaled_Final/202.528_+027.065.png,train,202.528,27.065,FRI,0.0,0.003867,True
./MiraBest_data/100_163.937+045.400_0.0636_0096.40.png,train,163.937,45.4,100,./CombinedCat/PNG/Scaled_Final/163.937_+045.400.png,train,163.937,45.4,FRI,0.0,0.000178,True
./MiraBest_data/100_206.481+036.837_0.2543_0033.56.png,train,206.481,36.837,100,./CombinedCat/PNG/Scaled_Final/206.481_+036.837.png,train,206.481,36.837,FRI,0.0,0.000933,True
./MiraBest_data/100_217.955+019.383_0.2136_0041.57.png,train,217.955,19.383,100,./CombinedCat/PNG/Scaled_Final/217.955_+019.383.png,train,217.955,19.383,FRI,0.0,0.010933,True
./MiraBest_data/100_222.361+006.844_0.1400_0139.98.png,train,222.361,6.844,100,./CombinedCat/PNG/Scaled_Final/222.361_+006.844.png,train,222.361,6.844,FRII,0.0,0.004089,False
./MiraBest_data/100_182.838+014.244_0.0637_0034.40.png,train,182.838,14.244,100,./CombinedCat/PNG/Scaled_Final/182.838_+014.244.png,train,182.838,14.244,FRI,0.0,0.001244,True
./MiraBest_data/100_243.922+047.187_0.1986_0068.16.png,train,243.922,47.187,100,./CombinedCat/PNG/Scaled_Final/243.922_+047.187.png,test,243.922,47.187,FRI,0.0,4.4e-05,True
./MiraBest_data/200_174.902+036.130_0.3601_0023.99.png,train,174.902,36.13,200,./CombinedCat/PNG/Scaled_Final/174.902_+036.130.png,train,174.902,36.13,FRII,0.0,0.029867,True
./MiraBest_data/200_201.260+022.801_0.1431_0017.09.png,train,201.26,22.801,200,./CombinedCat/PNG/Scaled_Final/201.260_+022.801.png,train,201.26,22.801,FRII,0.0,0.012756,True
./MiraBest_data/200_228.517+030.146_0.0932_0016.81.png,train,228.517,30.146,200,./CombinedCat/PNG/Scaled_Final/228.517_+030.146.png,train,228.517,30.146,FRII,0.0,0.0,True
./MiraBest_data/200_118.091+033.564_0.1403_0086.52.png,train,118.091,33.564,200,./CombinedCat/PNG/Scaled_Final/118.091_+033.564.png,train,118.091,33.564,FRII,0.0,0.003289,True
./MiraBest_data/200_123.432+026.920_0.3251_0024.09.png,train,123.432,26.92,200,./CombinedCat/PNG/Scaled_Final/123.432_+026.920.png,train,123.432,26.92,FRII,0.0,0.003244,True
./MiraBest_data/200_230.366+001.956_0.2435_0023.94.png,train,230.366,1.956,200,./CombinedCat/PNG/Scaled_Final/230.366_+001.956.png,train,230.366,1.956,FRI,0.0,0.001022,False
./MiraBest_data/200_132.055+057.001_0.1937_0143.37.png,train,132.055,57.001,200,./CombinedCat/PNG/Scaled_Final/132.055_+057.001.png,train,132.055,57.001,FRII,0.0,0.001467,True
./MiraBest_data/200_018.607+000.492_0.3546_0043.51.png,train,18.607,0.492,200,./CombinedCat/PNG/Scaled_Final/018.607_+000.492.png,train,18.607,0.492,FRII,0.0,0.001067,True
./MiraBest_data/200_153.518+006.243_0.1066_0014.15.png,train,153.518,6.243,200,./CombinedCat/PNG/Scaled_Final/153.518_+006.243.png,train,153.518,6.243,FRII,0.0,0.002978,True
./MiraBest_data/200_235.328+051.679_0.1481_0031.15.png,train,235.328,51.679,200,./CombinedCat/PNG/Scaled_Final/235.328_+051.679.png,test,235.328,51.679,FRII,0.0,0.011378,True
./MiraBest_data/200_187.121+004.749_0.3876_0053.38.png,train,187.121,4.749,200,./CombinedCat/PNG/Scaled_Final/187.121_+004.749.png,train,187.121,4.749,FRII,0.0,0.005111,True
./MiraBest_data/200_157.615+061.011_0.3746_0012.83.png,train,157.615,61.011,200,./CombinedCat/PNG/Scaled_Final/157.615_+061.011.png,train,157.615,61.011,FRII,0.0,0.004178,True
./MiraBest_data/200_169.310+025.529_0.3248_0016.32.png,train,169.31,25.529,200,./CombinedCat/PNG/Scaled_Final/169.310_+025.529.png,train,169.31,25.529,FRII,0.0,0.0012,True
./MiraBest_data/200_203.077+060.218_0.3210_0027.79.png,train,203.077,60.218,200,./CombinedCat/PNG/Scaled_Final/203.077_+060.218.png,train,203.077,60.218,FRII,0.0,0.003644,True
./MiraBest_data/200_136.182+019.936_0.0837_0016.90.png,train,136.182,19.936,200,./CombinedCat/PNG/Scaled_Final/136.182_+019.936.png,train,136.182,19.936,FRII,0.0,0.001422,True
./MiraBest_data/200_180.677-001.396_0.2480_0009.10.png,train,180.677,-1.396,200,./CombinedCat/PNG/Scaled_Final/180.677_-001.396.png,train,180.677,-1.396,FRII,0.0,0.006222,True
./MiraBest_data/200_124.759+049.627_0.3471_0008.04.png,train,124.759,49.627,200,./CombinedCat/PNG/Scaled_Final/124.759_+049.627.png,train,124.759,49.627,FRII,0.0,0.001867,True
./MiraBest_data/200_185.620+002.503_0.2290_0017.06.png,train,185.62,2.503,200,./CombinedCat/PNG/Scaled_Final/185.620_+002.503.png,train,185.62,2.503,FRII,0.0,0.000178,True
./MiraBest_data/200_227.366+044.752_0.4886_0023.06.png,train,227.366,44.752,200,./CombinedCat/PNG/Scaled_Final/227.366_+044.752.png,train,227.366,44.752,FRII,0.0,0.000756,True
./MiraBest_data/200_243.475+008.060_0.3083_0008.85.png,train,243.475,8.06,200,./CombinedCat/PNG/Scaled_Final/243.475_+008.060.png,test,243.475,8.06,FRII,0.0,0.000444,True
./MiraBest_data/200_334.241-009.117_0.2722_0010.39.png,train,334.241,-9.117,200,./CombinedCat/PNG/Scaled_Final/334.241_-009.117.png,test,334.241,-9.117,FRII,0.0,0.056311,True
./MiraBest_data/200_208.447+051.960_0.1320_0008.03.png,train,208.447,51.96,200,./CombinedCat/PNG/Scaled_Final/208.447_+051.960.png,train,208.447,51.96,FRII,0.0,0.001778,True
./MiraBest_data/200_176.113+037.142_0.1148_0269.44.png,train,176.113,37.142,200,./CombinedCat/PNG/Scaled_Final/176.113_+037.142.png,train,176.113,37.142,FRII,0.0,0.0,True
./MiraBest_data/200_123.801+038.679_0.1253_0034.24.png,train,123.801,38.679,200,./CombinedCat/PNG/Scaled_Final/123.801_+038.679.png,train,123.801,38.679,FRII,0.0,0.000533,True
./MiraBest_data/200_193.128-001.338_0.3576_0031.88.png,train,193.128,-1.338,200,./CombinedCat/PNG/Scaled_Final/193.128_-001.338.png,train,193.128,-1.338,FRII,0.0,0.002978,True
./MiraBest_data/200_205.395+053.745_0.1409_0079.28.png,train,205.395,53.745,200,./CombinedCat/PNG/Scaled_Final/205.395_+053.745.png,train,205.395,53.745,FRII,0.0,0.0,True
./MiraBest_data/200_182.963+048.820_0.2943_0024.53.png,train,182.963,48.82,200,./CombinedCat/PNG/Scaled_Final/182.963_+048.820.png,train,182.963,48.82,FRII,0.0,0.006089,True
./MiraBest_data/200_121.786+033.455_0.3803_0014.97.png,train,121.786,33.455,200,./CombinedCat/PNG/Scaled_Final/121.786_+033.455.png,train,121.786,33.455,FRII,0.0,0.005556,True
./MiraBest_data/200_228.561+023.452_0.0876_0031.73.png,train,228.561,23.452,200,./CombinedCat/PNG/Scaled_Final/228.561_+023.452.png,train,228.561,23.452,FRI,0.0,0.005333,False
./MiraBest_data/200_238.280+019.906_0.2103_0011.00.png,train,238.28,19.906,200,./CombinedCat/PNG/Scaled_Final/238.280_+019.906.png,test,238.28,19.906,FRII,0.0,0.000711,True
./MiraBest_data/200_146.161+064.196_0.1350_0063.72.png,train,146.161,64.196,200,./CombinedCat/PNG/Scaled_Final/146.161_+064.196.png,train,146.161,64.196,FRII,0.0,0.003911,True
./MiraBest_data/200_197.355+016.463_0.1817_0011.43.png,train,197.355,16.463,200,./CombinedCat/PNG/Scaled_Final/197.355_+016.463.png,train,197.355,16.463,FRII,0.0,0.000178,True
./MiraBest_data/200_196.690+046.559_0.2184_0008.26.png,train,196.69,46.559,200,./CombinedCat/PNG/Scaled_Final/196.690_+046.559.png,train,196.69,46.559,FRII,0.0,0.001378,True
./MiraBest_data/200_192.271+023.920_0.2810_0028.03.png,train,192.271,23.92,200,./CombinedCat/PNG/Scaled_Final/192.271_+023.920.png,train,192.271,23.92,FRII,0.0,0.0056,True
./MiraBest_data/200_329.381+000.633_0.3907_0065.80.png,train,329.381,0.633,200,./CombinedCat/PNG/Scaled_Final/329.381_+000.633.png,test,329.381,0.633,FRI,0.0,0.000133,False
./MiraBest_data/200_230.205+046.025_0.2699_0022.33.png,train,230.205,46.025,200,./CombinedCat/PNG/Scaled_Final/230.205_+046.025.png,train,230.205,46.025,FRI,0.0,0.003156,False
./MiraBest_data/200_209.670+023.762_0.3248_0013.06.png,train,209.67,23.762,200,./CombinedCat/PNG/Scaled_Final/209.670_+023.762.png,train,209.67,23.762,FRII,0.0,0.006889,True
./MiraBest_data/200_168.986+017.601_0.3126_0031.61.png,train,168.986,17.601,200,./CombinedCat/PNG/Scaled_Final/168.986_+017.601.png,train,168.986,17.601,FRII,0.0,0.001111,True
./MiraBest_data/200_334.678-009.361_0.1864_0061.39.png,train,334.678,-9.361,200,./CombinedCat/PNG/Scaled_Final/334.678_-009.361.png,test,334.678,-9.361,FRII,0.0,0.013689,True
./MiraBest_data/200_150.661+012.018_0.2633_0016.53.png,train,150.661,12.018,200,./CombinedCat/PNG/Scaled_Final/150.661_+012.018.png,train,150.661,12.018,FRII,0.0,0.002933,True
./MiraBest_data/200_157.953+022.875_0.3158_0031.41.png,train,157.953,22.875,200,./CombinedCat/PNG/Scaled_Final/157.953_+022.875.png,train,157.953,22.875,FRII,0.0,0.011511,True
./MiraBest_data/200_202.700+022.002_0.1893_0010.37.png,train,202.7,22.002,200,./CombinedCat/PNG/Scaled_Final/202.700_+022.002.png,train,202.7,22.002,FRII,0.0,0.001689,True
./MiraBest_data/200_162.719+040.014_0.1295_0162.12.png,train,162.719,40.014,200,./CombinedCat/PNG/Scaled_Final/162.719_+040.014.png,train,162.719,40.014,FRII,0.0,0.012711,True
./MiraBest_data/100_254.451+027.423_0.1658_0105.56.png,train,254.451,27.423,100,./CombinedCat/PNG/Scaled_Final/254.451_+027.423.png,test,254.451,27.423,FRII,0.0,0.008,False
./MiraBest_data/100_149.507+028.860_0.1336_0038.43.png,train,149.507,28.86,100,./CombinedCat/PNG/Scaled_Final/149.507_+028.860.png,train,149.507,28.86,FRI,0.0,0.005422,True
./MiraBest_data/100_162.338-000.668_0.0387_0087.16.png,train,162.338,-0.668,100,./CombinedCat/PNG/Scaled_Final/162.338_-000.668.png,train,162.338,-0.668,FRI,0.0,0.000756,True
./MiraBest_data/100_131.194+011.915_0.2445_0127.55.png,train,131.194,11.915,100,./CombinedCat/PNG/Scaled_Final/131.194_+011.915.png,train,131.194,11.915,FRI,0.0,0.003867,True
./MiraBest_data/100_227.656+036.825_0.1643_0024.77.png,train,227.656,36.825,100,./CombinedCat/PNG/Scaled_Final/227.656_+036.825.png,train,227.656,36.825,FRII,0.0,0.0016,False
./MiraBest_data/100_172.963+011.262_0.1685_0033.97.png,train,172.963,11.262,100,./CombinedCat/PNG/Scaled_Final/172.963_+011.262.png,train,172.963,11.262,FRI,0.0,0.004978,True
./MiraBest_data/100_236.873+014.949_0.0850_0068.48.png,train,236.873,14.949,100,./CombinedCat/PNG/Scaled_Final/236.873_+014.949.png,test,236.873,14.949,FRII,0.0,0.0016,False
./MiraBest_data/100_158.761+042.930_0.1360_0084.05.png,train,158.761,42.93,100,./CombinedCat/PNG/Scaled_Final/158.761_+042.930.png,train,158.761,42.93,FRI,0.0,0.0068,True
./MiraBest_data/100_175.299+005.735_0.0974_0063.84.png,train,175.299,5.735,100,./CombinedCat/PNG/Scaled_Final/175.299_+005.735.png,train,175.299,5.735,FRI,0.0,0.002044,True
./MiraBest_data/100_167.886+016.439_0.2165_0093.36.png,train,167.886,16.439,100,./CombinedCat/PNG/Scaled_Final/167.886_+016.439.png,train,167.886,16.439,FRI,0.0,0.030533,True
./MiraBest_data/100_192.305+050.012_0.3496_0036.15.png,train,192.305,50.012,100,./CombinedCat/PNG/Scaled_Final/192.305_+050.012.png,train,192.305,50.012,FRI,0.0,0.007822,True
./MiraBest_data/100_140.256+011.496_0.1601_0234.65.png,train,140.256,11.496,100,./CombinedCat/PNG/Scaled_Final/140.256_+011.496.png,train,140.256,11.496,FRI,0.0,0.753778,True
./MiraBest_data/100_244.306+006.625_0.1537_0091.92.png,train,244.306,6.625,100,./CombinedCat/PNG/Scaled_Final/244.306_+006.625.png,test,244.306,6.625,FRII,0.0,0.004933,False
./MiraBest_data/100_260.599+032.025_0.2270_0026.34.png,train,260.599,32.025,100,./CombinedCat/PNG/Scaled_Final/260.599_+032.025.png,test,260.599,32.025,FRI,0.0,0.001378,True
./MiraBest_data/100_221.676+003.935_0.2691_0027.34.png,train,221.676,3.935,100,./CombinedCat/PNG/Scaled_Final/221.676_+003.935.png,train,221.676,3.935,FRI,0.0,0.015511,True
./MiraBest_data/100_166.383+041.097_0.1521_0069.99.png,train,166.383,41.097,100,./CombinedCat/PNG/Scaled_Final/166.383_+041.097.png,train,166.383,41.097,FRI,0.0,0.0268,True
./MiraBest_data/100_177.450+043.904_0.0709_0076.86.png,train,177.45,43.904,100,./CombinedCat/PNG/Scaled_Final/177.450_+043.904.png,train,177.45,43.904,FRI,0.0,0.016578,True
./MiraBest_data/100_162.527+030.679_0.2551_0022.18.png,train,162.527,30.679,100,./CombinedCat/PNG/Scaled_Final/162.527_+030.679.png,train,162.527,30.679,FRI,0.0,0.000933,True
./MiraBest_data/100_222.506+014.797_0.2995_0048.19.png,train,222.506,14.797,100,./CombinedCat/PNG/Scaled_Final/222.506_+014.797.png,train,222.506,14.797,FRII,0.0,0.003689,False
./MiraBest_data/100_176.599+010.083_0.2010_0046.68.png,train,176.599,10.083,100,./CombinedCat/PNG/Scaled_Final/176.599_+010.083.png,train,176.599,10.083,FRI,0.0,0.002711,True
./MiraBest_data/100_240.374+008.647_0.1876_0020.49.png,train,240.374,8.647,100,./CombinedCat/PNG/Scaled_Final/240.374_+008.647.png,test,240.374,8.647,FRII,0.0,0.012622,False
./MiraBest_data/100_161.691+031.741_0.1139_0079.21.png,train,161.691,31.741,100,./CombinedCat/PNG/Scaled_Final/161.691_+031.741.png,train,161.691,31.741,FRI,0.0,0.0008,True
./MiraBest_data/100_152.621+007.673_0.2153_0056.77.png,train,152.621,7.673,100,./CombinedCat/PNG/Scaled_Final/152.621_+007.673.png,train,152.621,7.673,FRI,0.0,0.017333,True
./MiraBest_data/100_244.621+029.983_0.1338_0165.31.png,train,244.621,29.983,100,./CombinedCat/PNG/Scaled_Final/244.621_+029.983.png,test,244.621,29.983,FRI,0.0,0.001422,True
./MiraBest_data/100_199.744+016.316_0.0851_0060.62.png,train,199.744,16.316,100,./CombinedCat/PNG/Scaled_Final/199.744_+016.316.png,train,199.744,16.316,FRI,0.0,0.002844,True
./MiraBest_data/100_213.808-001.618_0.1496_0108.03.png,train,213.808,-1.618,100,./CombinedCat/PNG/Scaled_Final/213.808_-001.618.png,train,213.808,-1.618,FRI,0.0,0.010356,True
./MiraBest_data/100_181.855+014.357_0.2319_0024.64.png,train,181.855,14.357,100,./CombinedCat/PNG/Scaled_Final/181.855_+014.357.png,train,181.855,14.357,FRI,0.0,0.001333,True
./MiraBest_data/100_132.818+008.456_0.0635_0077.89.png,train,132.818,8.456,100,./CombinedCat/PNG/Scaled_Final/132.818_+008.456.png,train,132.818,8.456,FRI,0.0,0.005333,True
./MiraBest_data/100_143.458+045.333_0.1339_0083.24.png,train,143.458,45.333,100,./CombinedCat/PNG/Scaled_Final/143.458_+045.333.png,train,143.458,45.333,FRI,0.0,0.0,True
./MiraBest_data/100_114.242+043.484_0.2731_0057.94.png,train,114.242,43.484,100,./CombinedCat/PNG/Scaled_Final/114.242_+043.484.png,train,114.242,43.484,FRI,0.0,0.004133,True
./MiraBest_data/100_127.912+022.573_0.0869_0133.07.png,train,127.912,22.573,100,./CombinedCat/PNG/Scaled_Final/127.912_+022.573.png,train,127.912,22.573,FRI,0.0,0.000578,True
./MiraBest_data/100_177.044+021.887_0.1743_0062.18.png,train,177.044,21.887,100,./CombinedCat/PNG/Scaled_Final/177.044_+021.887.png,train,177.044,21.887,FRI,0.0,0.004,True
./MiraBest_data/100_242.347+035.378_0.0691_0084.59.png,train,242.347,35.378,100,./CombinedCat/PNG/Scaled_Final/242.347_+035.378.png,test,242.347,35.378,Hyb,0.0,0.000356,False
./MiraBest_data/100_175.537+004.626_0.1593_0114.10.png,train,175.537,4.626,100,./CombinedCat/PNG/Scaled_Final/175.537_+004.626.png,train,175.537,4.626,FRI,0.0,0.003689,True
./MiraBest_data/200_201.970+020.154_0.2883_0009.75.png,train,201.97,20.154,200,./CombinedCat/PNG/Scaled_Final/201.970_+020.154.png,train,201.97,20.154,FRII,0.0,0.002578,True
./MiraBest_data/200_178.756+016.561_0.2946_0020.87.png,train,178.756,16.561,200,./CombinedCat/PNG/Scaled_Final/178.756_+016.561.png,train,178.756,16.561,FRII,0.0,0.010044,True
./MiraBest_data/200_144.618+005.704_0.3546_0034.07.png,train,144.618,5.704,200,./CombinedCat/PNG/Scaled_Final/144.618_+005.704.png,train,144.618,5.704,FRII,0.0,0.009244,True
./MiraBest_data/200_196.885+044.057_0.2025_0107.51.png,train,196.885,44.057,200,./CombinedCat/PNG/Scaled_Final/196.885_+044.057.png,train,196.885,44.057,FRII,0.0,0.002578,True
./MiraBest_data/200_170.675+021.558_0.1912_0009.78.png,train,170.675,21.558,200,./CombinedCat/PNG/Scaled_Final/170.675_+021.558.png,train,170.675,21.558,FRII,0.0,0.006444,True
./MiraBest_data/200_232.533+023.271_0.0899_0100.56.png,train,232.533,23.271,200,./CombinedCat/PNG/Scaled_Final/232.533_+023.271.png,train,232.533,23.271,FRII,0.0,0.008311,True
./MiraBest_data/200_202.966-002.872_0.0865_0029.44.png,train,202.966,-2.872,200,./CombinedCat/PNG/Scaled_Final/202.966_-002.872.png,train,202.966,-2.872,FRII,0.0,0.007067,True
./MiraBest_data/200_016.351-009.813_0.1644_0011.20.png,train,16.351,-9.813,200,./CombinedCat/PNG/Scaled_Final/016.351_-009.813.png,train,16.351,-9.813,FRII,0.0,0.001378,True
./MiraBest_data/200_131.594+003.261_0.2055_0030.17.png,train,131.594,3.261,200,./CombinedCat/PNG/Scaled_Final/131.594_+003.261.png,train,131.594,3.261,FRII,0.0,0.000711,True
./MiraBest_data/200_124.120+008.963_0.2554_0017.74.png,train,124.12,8.963,200,./CombinedCat/PNG/Scaled_Final/124.120_+008.963.png,train,124.12,8.963,FRII,0.0,0.000267,True
./MiraBest_data/200_233.986+051.421_0.1621_0010.36.png,train,233.986,51.421,200,./CombinedCat/PNG/Scaled_Final/233.986_+051.421.png,train,233.986,51.421,FRI,0.0,0.002222,False
./MiraBest_data/200_154.385+063.498_0.1838_0027.40.png,train,154.385,63.498,200,./CombinedCat/PNG/Scaled_Final/154.385_+063.498.png,train,154.385,63.498,FRII,0.0,0.001111,True
./MiraBest_data/200_205.171+028.869_0.2480_0009.51.png,train,205.171,28.869,200,./CombinedCat/PNG/Scaled_Final/205.171_+028.869.png,train,205.171,28.869,FRII,0.0,0.0024,True
./MiraBest_data/200_167.616+005.428_0.4419_0053.78.png,train,167.616,5.428,200,./CombinedCat/PNG/Scaled_Final/167.616_+005.428.png,train,167.616,5.428,FRII,0.0,0.002844,True
./MiraBest_data/200_029.202-001.114_0.2375_0015.46.png,train,29.202,-1.114,200,./CombinedCat/PNG/Scaled_Final/029.202_-001.114.png,train,29.202,-1.114,FRII,0.0,0.005111,True
./MiraBest_data/200_194.351+006.521_0.1750_0075.93.png,train,194.351,6.521,200,./CombinedCat/PNG/Scaled_Final/194.351_+006.521.png,train,194.351,6.521,FRII,0.0,0.004089,True
./MiraBest_data/200_154.644-000.840_0.3410_0027.38.png,train,154.644,-0.84,200,./CombinedCat/PNG/Scaled_Final/154.644_-000.840.png,train,154.644,-0.84,FRII,0.0,0.003156,True
./MiraBest_data/200_147.709-000.888_0.2715_0030.00.png,train,147.709,-0.888,200,./CombinedCat/PNG/Scaled_Final/147.709_-000.888.png,train,147.709,-0.888,FRII,0.0,0.008578,True
./MiraBest_data/200_195.935+037.937_0.4707_0026.68.png,train,195.935,37.937,200,./CombinedCat/PNG/Scaled_Final/195.935_+037.937.png,train,195.935,37.937,FRII,0.0,0.000311,True
./MiraBest_data/200_116.727+019.570_0.3850_0014.52.png,train,116.727,19.57,200,./CombinedCat/PNG/Scaled_Final/116.727_+019.570.png,train,116.727,19.57,FRII,0.0,0.002356,True
./MiraBest_data/200_126.725+039.812_0.2356_0024.39.png,train,126.725,39.812,200,./CombinedCat/PNG/Scaled_Final/126.725_+039.812.png,train,126.725,39.812,FRII,0.0,0.004667,True
./MiraBest_data/200_137.973+037.404_0.1043_0030.64.png,train,137.973,37.404,200,./CombinedCat/PNG/Scaled_Final/137.973_+037.404.png,train,137.973,37.404,FRII,0.0,0.000978,True
./MiraBest_data/200_138.315+000.746_0.2253_0037.53.png,train,138.315,0.746,200,./CombinedCat/PNG/Scaled_Final/138.315_+000.746.png,train,138.315,0.746,FRII,0.0,0.001822,True
./MiraBest_data/200_213.547+020.018_0.2502_0012.15.png,train,213.547,20.018,200,./CombinedCat/PNG/Scaled_Final/213.547_+020.018.png,train,213.547,20.018,FRII,0.0,0.000756,True
./MiraBest_data/200_157.868+008.723_0.1410_0051.59.png,train,157.868,8.723,200,./CombinedCat/PNG/Scaled_Final/157.868_+008.723.png,train,157.868,8.723,FRII,0.0,0.000978,True
./MiraBest_data/200_219.146+020.632_0.3221_0011.80.png,train,219.146,20.632,200,./CombinedCat/PNG/Scaled_Final/219.146_+020.632.png,train,219.146,20.632,FRII,0.0,0.015689,True
./MiraBest_data/200_321.146-000.535_0.2354_0036.19.png,train,321.146,-0.535,200,./CombinedCat/PNG/Scaled_Final/321.146_-000.535.png,test,321.146,-0.535,FRI,0.0,0.0028,False
./MiraBest_data/200_165.146+025.653_0.1446_0056.36.png,train,165.146,25.653,200,./CombinedCat/PNG/Scaled_Final/165.146_+025.653.png,train,165.146,25.653,FRII,0.0,0.001244,True
./MiraBest_data/200_166.542+025.199_0.1726_0014.56.png,train,166.542,25.199,200,./CombinedCat/PNG/Scaled_Final/166.542_+025.199.png,train,166.542,25.199,FRII,0.0,0.0416,True
./MiraBest_data/200_245.030+047.685_0.1951_0033.58.png,train,245.03,47.685,200,./CombinedCat/PNG/Scaled_Final/245.030_+047.685.png,test,245.03,47.685,FRI,0.0,0.000533,False
./MiraBest_data/200_206.476+004.003_0.1898_0031.94.png,train,206.476,4.003,200,./CombinedCat/PNG/Scaled_Final/206.476_+004.003.png,train,206.476,4.003,FRII,0.0,0.008267,True
./MiraBest_data/200_153.566+010.852_0.3878_0027.36.png,train,153.566,10.852,200,./CombinedCat/PNG/Scaled_Final/153.566_+010.852.png,train,153.566,10.852,FRII,0.0,0.0,True
./MiraBest_data/200_216.684+049.544_0.1911_0019.82.png,train,216.684,49.544,200,./CombinedCat/PNG/Scaled_Final/216.684_+049.544.png,train,216.684,49.544,FRII,0.0,0.007156,True
./MiraBest_data/200_203.457+018.411_0.3308_0008.04.png,train,203.457,18.411,200,./CombinedCat/PNG/Scaled_Final/203.457_+018.411.png,train,203.457,18.411,FRII,0.0,0.000489,True
./MiraBest_data/200_240.251+032.874_0.2226_0010.21.png,train,240.251,32.874,200,./CombinedCat/PNG/Scaled_Final/240.251_+032.874.png,test,240.251,32.874,FRI,0.0,0.001244,False
./MiraBest_data/200_030.572-001.128_0.0426_0045.04.png,train,30.572,-1.128,200,./CombinedCat/PNG/Scaled_Final/030.572_-001.128.png,train,30.572,-1.128,FRII,0.0,0.003289,True
./MiraBest_data/200_163.369+056.392_0.3604_0035.49.png,train,163.369,56.392,200,./CombinedCat/PNG/Scaled_Final/163.369_+056.392.png,train,163.369,56.392,FRII,0.0,0.001778,True
./MiraBest_data/200_258.371+064.047_0.0784_0021.49.png,train,258.371,64.047,200,./CombinedCat/PNG/Scaled_Final/258.371_+064.047.png,test,258.371,64.047,Hyb,0.0,0.0036,False
./MiraBest_data/200_227.321+004.517_0.2272_0037.08.png,train,227.321,4.517,200,./CombinedCat/PNG/Scaled_Final/227.321_+004.517.png,train,227.321,4.517,FRII,0.0,0.001156,True
./MiraBest_data/200_140.796+010.512_0.5195_0009.85.png,train,140.796,10.512,200,./CombinedCat/PNG/Scaled_Final/140.796_+010.512.png,train,140.796,10.512,FRII,0.0,0.003822,True
./MiraBest_data/200_236.878+052.882_0.3366_0081.26.png,train,236.878,52.882,200,./CombinedCat/PNG/Scaled_Final/236.878_+052.882.png,test,236.878,52.882,FRII,0.0,0.004,True
./MiraBest_data/200_152.395+004.297_0.2405_0067.02.png,train,152.395,4.297,200,./CombinedCat/PNG/Scaled_Final/152.395_+004.297.png,train,152.395,4.297,FRII,0.0,0.011422,True
./MiraBest_data/200_178.495+009.658_0.1028_0217.09.png,train,178.495,9.658,200,./CombinedCat/PNG/Scaled_Final/178.495_+009.658.png,train,178.495,9.658,FRII,0.0,0.064933,True
./MiraBest_data/100_201.686+003.199_0.1761_0030.32.png,train,201.686,3.199,100,./CombinedCat/PNG/Scaled_Final/201.686_+003.199.png,train,201.686,3.199,FRI,0.0,0.074889,True
./MiraBest_data/100_231.675+000.891_0.1160_0038.57.png,train,231.675,0.891,100,./CombinedCat/PNG/Scaled_Final/231.675_+000.891.png,train,231.675,0.891,Hyb,0.0,0.001822,False
./MiraBest_data/100_210.563+023.301_0.1613_0065.80.png,train,210.563,23.301,100,./CombinedCat/PNG/Scaled_Final/210.563_+023.301.png,train,210.563,23.301,FRI,0.0,0.037778,True
./MiraBest_data/100_133.272+054.618_0.1133_0072.25.png,train,133.272,54.618,100,./CombinedCat/PNG/Scaled_Final/133.272_+054.618.png,train,133.272,54.618,FRI,0.0,0.004622,True
./MiraBest_data/100_155.298+018.636_0.1196_0176.33.png,train,155.298,18.636,100,./CombinedCat/PNG/Scaled_Final/155.298_+018.636.png,train,155.298,18.636,FRI,0.0,0.005467,True
./MiraBest_data/100_155.460+008.143_0.1033_0044.56.png,train,155.46,8.143,100,./CombinedCat/PNG/Scaled_Final/155.460_+008.143.png,train,155.46,8.143,FRI,0.0,0.000756,True
./MiraBest_data/100_186.594+064.106_0.1102_0047.24.png,train,186.594,64.106,100,./CombinedCat/PNG/Scaled_Final/186.594_+064.106.png,train,186.594,64.106,FRI,0.0,0.005556,True
./MiraBest_data/100_156.052+021.090_0.2172_0025.37.png,train,156.052,21.09,100,./CombinedCat/PNG/Scaled_Final/156.052_+021.090.png,train,156.052,21.09,FRI,0.0,0.003956,True
./MiraBest_data/100_344.338-001.138_0.1810_0064.07.png,train,344.338,-1.138,100,./CombinedCat/PNG/Scaled_Final/344.338_-001.138.png,test,344.338,-1.138,FRI,0.0,0.009867,True
./MiraBest_data/100_230.344+004.342_0.0522_0220.27.png,train,230.344,4.342,100,./CombinedCat/PNG/Scaled_Final/230.344_+004.342.png,train,230.344,4.342,FRI,0.0,0.000711,True
./MiraBest_data/100_206.713+041.865_0.2396_0062.40.png,train,206.713,41.865,100,./CombinedCat/PNG/Scaled_Final/206.713_+041.865.png,train,206.713,41.865,FRI,0.0,0.000222,True
./MiraBest_data/100_240.162+020.981_0.1739_0053.88.png,train,240.162,20.981,100,./CombinedCat/PNG/Scaled_Final/240.162_+020.981.png,test,240.162,20.981,FRII,0.0,0.001689,False
./MiraBest_data/100_179.194+030.191_0.1976_0034.65.png,train,179.194,30.191,100,./CombinedCat/PNG/Scaled_Final/179.194_+030.191.png,train,179.194,30.191,FRI,0.0,0.003778,True
./MiraBest_data/100_161.928+043.781_0.0858_0112.61.png,train,161.928,43.781,100,./CombinedCat/PNG/Scaled_Final/161.928_+043.781.png,train,161.928,43.781,FRI,0.0,0.009378,True
./MiraBest_data/100_186.964+063.385_0.1455_0046.87.png,train,186.964,63.385,100,./CombinedCat/PNG/Scaled_Final/186.964_+063.385.png,train,186.964,63.385,FRI,0.0,0.003111,True
./MiraBest_data/100_142.689+016.991_0.1772_0026.00.png,train,142.689,16.991,100,./CombinedCat/PNG/Scaled_Final/142.689_+016.991.png,train,142.689,16.991,FRI,0.0,0.001778,True
./MiraBest_data/100_173.095+039.591_0.1828_0157.67.png,train,173.095,39.591,100,./CombinedCat/PNG/Scaled_Final/173.095_+039.591.png,train,173.095,39.591,FRI,0.0,0.009111,True
./MiraBest_data/100_124.729+020.106_0.0755_0033.11.png,train,124.729,20.106,100,./CombinedCat/PNG/Scaled_Final/124.729_+020.106.png,train,124.729,20.106,FRI,0.0,0.005111,True
./MiraBest_data/100_245.936+011.187_0.1971_0088.85.png,train,245.936,11.187,100,./CombinedCat/PNG/Scaled_Final/245.936_+011.187.png,test,245.936,11.187,FRII,0.0,0.009644,False
./MiraBest_data/100_220.270+018.854_0.1071_0111.70.png,train,220.27,18.854,100,./CombinedCat/PNG/Scaled_Final/220.270_+018.854.png,train,220.27,18.854,FRI,0.0,0.011956,True
./MiraBest_data/100_135.219+050.940_0.2017_0058.68.png,train,135.219,50.94,100,./CombinedCat/PNG/Scaled_Final/135.219_+050.940.png,train,135.219,50.94,FRI,0.0,0.000844,True
./MiraBest_data/100_160.305+056.809_0.1854_0034.78.png,train,160.305,56.809,100,./CombinedCat/PNG/Scaled_Final/160.305_+056.809.png,train,160.305,56.809,FRI,0.0,0.000889,True
./MiraBest_data/100_182.057+044.062_0.3405_0058.44.png,train,182.057,44.062,100,./CombinedCat/PNG/Scaled_Final/182.057_+044.062.png,train,182.057,44.062,FRI,0.0,0.006444,True
./MiraBest_data/100_125.564+031.677_0.2420_0031.98.png,train,125.564,31.677,100,./CombinedCat/PNG/Scaled_Final/125.564_+031.677.png,train,125.564,31.677,FRI,0.0,0.015867,True
./MiraBest_data/100_225.017+013.463_0.1116_0114.75.png,train,225.017,13.463,100,./CombinedCat/PNG/Scaled_Final/225.017_+013.463.png,train,225.017,13.463,FRII,0.0,0.010444,False
./MiraBest_data/100_166.713+014.203_0.0451_0199.52.png,train,166.713,14.203,100,./CombinedCat/PNG/Scaled_Final/166.713_+014.203.png,train,166.713,14.203,FRI,0.0,0.001111,True
./MiraBest_data/100_149.174+018.597_0.1658_0049.58.png,train,149.174,18.597,100,./CombinedCat/PNG/Scaled_Final/149.174_+018.597.png,train,149.174,18.597,FRI,0.0,0.000578,True
./MiraBest_data/100_168.384+035.985_0.0785_0087.72.png,train,168.384,35.985,100,./CombinedCat/PNG/Scaled_Final/168.384_+035.985.png,train,168.384,35.985,FRII,0.0,0.015911,False
./MiraBest_data/100_181.310+032.071_0.1662_0168.13.png,train,181.31,32.071,100,./CombinedCat/PNG/Scaled_Final/181.310_+032.071.png,train,181.31,32.071,FRI,0.0,0.006444,True
./MiraBest_data/100_120.305+034.675_0.0827_0044.84.png,train,120.305,34.675,100,./CombinedCat/PNG/Scaled_Final/120.305_+034.675.png,train,120.305,34.675,FRI,0.0,0.012578,True
./MiraBest_data/100_119.617+037.787_0.0408_0104.36.png,train,119.617,37.787,100,./CombinedCat/PNG/Scaled_Final/119.617_+037.787.png,train,119.617,37.787,FRI,0.0,0.0,True
./MiraBest_data/100_132.983+042.733_0.1508_0161.30.png,train,132.983,42.733,100,./CombinedCat/PNG/Scaled_Final/132.983_+042.733.png,train,132.983,42.733,FRI,0.0,0.003778,True
./MiraBest_data/100_185.137+000.072_0.1585_0135.33.png,train,185.137,0.072,100,./CombinedCat/PNG/Scaled_Final/185.137_+000.072.png,train,185.137,0.072,FRI,0.0,0.001644,True
./MiraBest_data/100_198.490+032.113_0.1868_0019.97.png,train,198.49,32.113,100,./CombinedCat/PNG/Scaled_Final/198.490_+032.113.png,train,198.49,32.113,FRI,0.0,0.002622,True
./MiraBest_data/200_118.875+052.081_0.1399_0023.82.png,train,118.875,52.081,200,./CombinedCat/PNG/Scaled_Final/118.875_+052.081.png,train,118.875,52.081,FRII,0.0,0.001733,True
./MiraBest_data/200_220.187+035.234_0.1580_0011.47.png,train,220.187,35.234,200,./CombinedCat/PNG/Scaled_Final/220.187_+035.234.png,train,220.187,35.234,FRII,0.0,0.010222,True
./MiraBest_data/200_130.674+039.181_0.1166_0020.46.png,train,130.674,39.181,200,./CombinedCat/PNG/Scaled_Final/130.674_+039.181.png,train,130.674,39.181,FRII,0.0,0.009022,True
./MiraBest_data/200_203.211+057.662_0.3010_0013.36.png,train,203.211,57.662,200,./CombinedCat/PNG/Scaled_Final/203.211_+057.662.png,train,203.211,57.662,FRII,0.0,0.011867,True
./MiraBest_data/200_132.579+016.840_0.3138_0010.52.png,train,132.579,16.84,200,./CombinedCat/PNG/Scaled_Final/132.579_+016.840.png,train,132.579,16.84,FRII,0.0,0.002933,True
./MiraBest_data/200_180.514-001.429_0.2654_0035.59.png,train,180.514,-1.429,200,./CombinedCat/PNG/Scaled_Final/180.514_-001.429.png,train,180.514,-1.429,FRII,0.0,0.003422,True
./MiraBest_data/200_153.319+006.755_0.1239_0017.22.png,train,153.319,6.755,200,./CombinedCat/PNG/Scaled_Final/153.319_+006.755.png,train,153.319,6.755,FRII,0.0,0.002089,True
./MiraBest_data/200_190.713+011.018_0.5032_0009.98.png,train,190.713,11.018,200,./CombinedCat/PNG/Scaled_Final/190.713_+011.018.png,train,190.713,11.018,FRII,0.0,0.001333,True
./MiraBest_data/200_153.993+040.780_0.1279_0127.61.png,train,153.993,40.78,200,./CombinedCat/PNG/Scaled_Final/153.993_+040.780.png,train,153.993,40.78,FRII,0.0,0.002222,True
./MiraBest_data/200_160.411+063.104_0.3758_0009.31.png,train,160.411,63.104,200,./CombinedCat/PNG/Scaled_Final/160.411_+063.104.png,train,160.411,63.104,FRII,0.0,0.001956,True
./MiraBest_data/200_246.320+026.876_0.4238_0039.22.png,train,246.32,26.876,200,./CombinedCat/PNG/Scaled_Final/246.320_+026.876.png,test,246.32,26.876,FRI,0.0,0.060578,False
./MiraBest_data/200_120.283+043.842_0.2553_0018.84.png,train,120.283,43.842,200,./CombinedCat/PNG/Scaled_Final/120.283_+043.842.png,train,120.283,43.842,FRII,0.0,0.003556,True
./MiraBest_data/200_242.918+031.050_0.0951_0016.22.png,train,242.918,31.05,200,./CombinedCat/PNG/Scaled_Final/242.918_+031.050.png,test,242.918,31.05,FRI,0.0,0.000311,False
./MiraBest_data/200_132.341+054.225_0.1135_0023.85.png,train,132.341,54.225,200,./CombinedCat/PNG/Scaled_Final/132.341_+054.225.png,train,132.341,54.225,FRII,0.0,0.0,True
./MiraBest_data/200_178.470+038.197_0.1981_0070.84.png,train,178.47,38.197,200,./CombinedCat/PNG/Scaled_Final/178.470_+038.197.png,train,178.47,38.197,FRII,0.0,0.000178,True
./MiraBest_data/200_158.986+054.437_0.3511_0203.73.png,train,158.986,54.437,200,./CombinedCat/PNG/Scaled_Final/158.986_+054.437.png,train,158.986,54.437,FRII,0.0,0.013467,True
./MiraBest_data/200_201.909-002.053_0.1827_0014.33.png,train,201.909,-2.053,200,./CombinedCat/PNG/Scaled_Final/201.909_-002.053.png,train,201.909,-2.053,FRII,0.0,0.001022,True
./MiraBest_data/200_127.790+041.794_0.1320_0161.42.png,train,127.79,41.794,200,./CombinedCat/PNG/Scaled_Final/127.790_+041.794.png,train,127.79,41.794,FRII,0.0,0.002356,True
./MiraBest_data/200_186.436+059.692_0.2183_0052.51.png,train,186.436,59.692,200,./CombinedCat/PNG/Scaled_Final/186.436_+059.692.png,train,186.436,59.692,FRII,0.0,0.017289,True
./MiraBest_data/200_224.873+024.303_0.1632_0013.40.png,train,224.873,24.303,200,./CombinedCat/PNG/Scaled_Final/224.873_+024.303.png,train,224.873,24.303,FRII,0.0,0.004756,True
./MiraBest_data/200_165.559+024.499_0.1443_0042.37.png,train,165.559,24.499,200,./CombinedCat/PNG/Scaled_Final/165.559_+024.499.png,train,165.559,24.499,FRII,0.0,0.005111,True
./MiraBest_data/200_241.348+038.501_0.2868_0025.33.png,train,241.348,38.501,200,./CombinedCat/PNG/Scaled_Final/241.348_+038.501.png,test,241.348,38.501,FRII,0.0,0.0084,True
./MiraBest_data/200_145.350+039.745_0.1075_0074.85.png,train,145.35,39.745,200,./CombinedCat/PNG/Scaled_Final/145.350_+039.745.png,train,145.35,39.745,FRII,0.0,0.0,True
./MiraBest_data/200_196.466+036.381_0.3145_0025.97.png,train,196.466,36.381,200,./CombinedCat/PNG/Scaled_Final/196.466_+036.381.png,train,196.466,36.381,FRII,0.0,0.000889,True
./MiraBest_data/200_138.645+002.455_0.3148_0040.46.png,train,138.645,2.455,200,./CombinedCat/PNG/Scaled_Final/138.645_+002.455.png,train,138.645,2.455,FRII,0.0,0.000667,True
./MiraBest_data/200_170.360+053.749_0.1038_0103.19.png,train,170.36,53.749,200,./CombinedCat/PNG/Scaled_Final/170.360_+053.749.png,train,170.36,53.749,FRII,0.0,0.011644,True
./MiraBest_data/200_223.341+046.912_0.1311_0010.05.png,train,223.341,46.912,200,./CombinedCat/PNG/Scaled_Final/223.341_+046.912.png,train,223.341,46.912,FRII,0.0,0.000133,True
./MiraBest_data/200_154.631+046.155_0.1654_0161.77.png,train,154.631,46.155,200,./CombinedCat/PNG/Scaled_Final/154.631_+046.155.png,train,154.631,46.155,FRII,0.0,0.010533,True
./MiraBest_data/200_194.598+001.840_0.3576_0019.62.png,train,194.598,1.84,200,./CombinedCat/PNG/Scaled_Final/194.598_+001.840.png,train,194.598,1.84,FRII,0.0,0.004489,True
./MiraBest_data/200_214.511+033.213_0.4009_0029.85.png,train,214.511,33.213,200,./CombinedCat/PNG/Scaled_Final/214.511_+033.213.png,train,214.511,33.213,FRII,0.0,0.0056,True
./MiraBest_data/200_188.186+033.454_0.4025_0029.33.png,train,188.186,33.454,200,./CombinedCat/PNG/Scaled_Final/188.186_+033.454.png,train,188.186,33.454,FRII,0.0,0.002533,True
./MiraBest_data/200_351.221-010.203_0.1596_0092.57.png,train,351.221,-10.203,200,./CombinedCat/PNG/Scaled_Final/351.221_-010.203.png,test,351.221,-10.203,FRII,0.0,0.008044,True
./MiraBest_data/200_149.742+028.319_0.2445_0009.60.png,train,149.742,28.319,200,./CombinedCat/PNG/Scaled_Final/149.742_+028.319.png,train,149.742,28.319,FRII,0.0,0.001911,True
./MiraBest_data/200_012.414+000.998_0.3047_0034.35.png,train,12.414,0.998,200,./CombinedCat/PNG/Scaled_Final/012.414_+000.998.png,train,12.414,0.998,FRII,0.0,0.002267,True
./MiraBest_data/200_154.977+039.506_0.1121_0104.92.png,train,154.977,39.506,200,./CombinedCat/PNG/Scaled_Final/154.977_+039.506.png,train,154.977,39.506,FRII,0.0,0.007778,True
./MiraBest_data/200_240.146+013.187_0.1405_0010.81.png,train,240.146,13.187,200,./CombinedCat/PNG/Scaled_Final/240.146_+013.187.png,test,240.146,13.187,FRI,0.0,0.000444,False
./MiraBest_data/200_235.422+050.794_0.4239_0037.18.png,train,235.422,50.794,200,./CombinedCat/PNG/Scaled_Final/235.422_+050.794.png,train,235.422,50.794,FRI,0.0,0.002622,False
./MiraBest_data/200_198.666+033.502_0.3007_0019.53.png,train,198.666,33.502,200,./CombinedCat/PNG/Scaled_Final/198.666_+033.502.png,train,198.666,33.502,FRII,0.0,0.0016,True
./MiraBest_data/200_177.712-003.187_0.1285_0009.23.png,train,177.712,-3.187,200,./CombinedCat/PNG/Scaled_Final/177.712_-003.187.png,train,177.712,-3.187,FRII,0.0,0.005867,True
./MiraBest_data/200_160.940+051.011_0.2733_0011.02.png,train,160.94,51.011,200,./CombinedCat/PNG/Scaled_Final/160.940_+051.011.png,train,160.94,51.011,FRII,0.0,0.002311,True
./MiraBest_data/200_163.438+003.538_0.2354_0046.65.png,train,163.438,3.538,200,./CombinedCat/PNG/Scaled_Final/163.438_+003.538.png,train,163.438,3.538,FRII,0.0,0.039822,True
./MiraBest_data/200_205.333+023.837_0.4207_0018.31.png,train,205.333,23.837,200,./CombinedCat/PNG/Scaled_Final/205.333_+023.837.png,train,205.333,23.837,FRII,0.0,0.001022,True
./MiraBest_data/200_163.221+048.443_0.4743_0009.99.png,train,163.221,48.443,200,./CombinedCat/PNG/Scaled_Final/163.221_+048.443.png,train,163.221,48.443,FRII,0.0,0.000667,True
./MiraBest_data/100_153.027+008.693_0.0984_0091.60.png,train,153.027,8.693,100,./CombinedCat/PNG/Scaled_Final/153.027_+008.693.png,train,153.027,8.693,FRI,0.0,0.002133,True
./MiraBest_data/100_156.390+035.962_0.1191_0034.39.png,train,156.39,35.962,100,./CombinedCat/PNG/Scaled_Final/156.390_+035.962.png,train,156.39,35.962,FRI,0.0,0.024178,True
./MiraBest_data/100_168.021+037.592_0.2137_0058.32.png,train,168.021,37.592,100,./CombinedCat/PNG/Scaled_Final/168.021_+037.592.png,train,168.021,37.592,FRI,0.0,0.002533,True
./MiraBest_data/100_208.095+061.894_0.1786_0029.61.png,train,208.095,61.894,100,./CombinedCat/PNG/Scaled_Final/208.095_+061.894.png,train,208.095,61.894,FRI,0.0,0.003911,True
./MiraBest_data/100_190.286+027.580_0.1985_0038.96.png,train,190.286,27.58,100,./CombinedCat/PNG/Scaled_Final/190.286_+027.580.png,train,190.286,27.58,FRI,0.0,0.006933,True
./MiraBest_data/100_247.328+013.640_0.1179_0034.76.png,train,247.328,13.64,100,./CombinedCat/PNG/Scaled_Final/247.328_+013.640.png,test,247.328,13.64,FRII,0.0,0.0076,False
./MiraBest_data/100_203.420+004.252_0.1704_0069.15.png,train,203.42,4.252,100,./CombinedCat/PNG/Scaled_Final/203.420_+004.252.png,train,203.42,4.252,FRI,0.0,0.000933,True
./MiraBest_data/100_153.600+050.306_0.3817_0036.57.png,train,153.6,50.306,100,./CombinedCat/PNG/Scaled_Final/153.600_+050.306.png,train,153.6,50.306,FRI,0.0,0.0016,True
./MiraBest_data/100_166.351+059.728_0.3595_0023.57.png,train,166.351,59.728,100,./CombinedCat/PNG/Scaled_Final/166.351_+059.728.png,train,166.351,59.728,FRI,0.0,0.015244,True
./MiraBest_data/100_206.424+031.402_0.2224_0030.18.png,train,206.424,31.402,100,./CombinedCat/PNG/Scaled_Final/206.424_+031.402.png,train,206.424,31.402,FRI,0.0,0.001511,True
./MiraBest_data/100_196.364+026.752_0.3321_0019.79.png,train,196.364,26.752,100,./CombinedCat/PNG/Scaled_Final/196.364_+026.752.png,train,196.364,26.752,FRI,0.0,0.000889,True
./MiraBest_data/100_162.481+046.320_0.3508_0078.24.png,train,162.481,46.32,100,./CombinedCat/PNG/Scaled_Final/162.481_+046.320.png,train,162.481,46.32,FRI,0.0,0.004622,True
./MiraBest_data/100_158.245+056.748_0.0448_0201.83.png,train,158.245,56.748,100,./CombinedCat/PNG/Scaled_Final/158.245_+056.748.png,train,158.245,56.748,FRI,0.0,0.001733,True
./MiraBest_data/100_199.056+009.544_0.0937_0081.02.png,train,199.056,9.544,100,./CombinedCat/PNG/Scaled_Final/199.056_+009.544.png,train,199.056,9.544,FRI,0.0,0.103956,True
./MiraBest_data/100_225.621+052.734_0.1331_0064.20.png,train,225.621,52.734,100,./CombinedCat/PNG/Scaled_Final/225.621_+052.734.png,train,225.621,52.734,FRI,0.0,0.005733,True
./MiraBest_data/100_236.075+034.696_0.0717_0072.96.png,train,236.075,34.696,100,./CombinedCat/PNG/Scaled_Final/236.075_+034.696.png,test,236.075,34.696,FRI,0.0,0.001289,True
./MiraBest_data/100_247.680+016.653_0.0896_0041.07.png,train,247.68,16.653,100,./CombinedCat/PNG/Scaled_Final/247.680_+016.653.png,test,247.68,16.653,FRI,0.0,0.005689,True
./MiraBest_data/100_181.244+045.994_0.2130_0072.27.png,train,181.244,45.994,100,./CombinedCat/PNG/Scaled_Final/181.244_+045.994.png,train,181.244,45.994,FRI,0.0,0.009111,True
./MiraBest_data/100_202.660+038.269_0.1098_0097.55.png,train,202.66,38.269,100,./CombinedCat/PNG/Scaled_Final/202.660_+038.269.png,train,202.66,38.269,FRI,0.0,0.009067,True
./MiraBest_data/100_197.653+024.313_0.2819_0036.85.png,train,197.653,24.313,100,./CombinedCat/PNG/Scaled_Final/197.653_+024.313.png,train,197.653,24.313,FRI,0.0,0.001733,True
./MiraBest_data/100_219.581+020.316_0.4529_0027.66.png,train,219.581,20.316,100,./CombinedCat/PNG/Scaled_Final/219.581_+020.316.png,train,219.581,20.316,FRI,0.0,0.005689,True
./MiraBest_data/100_222.666+044.308_0.2862_0110.11.png,train,222.666,44.308,100,./CombinedCat/PNG/Scaled_Final/222.666_+044.308.png,train,222.666,44.308,FRI,0.0,0.003022,True
./MiraBest_data/100_221.609+006.566_0.0625_0051.49.png,train,221.609,6.566,100,./CombinedCat/PNG/Scaled_Final/221.609_+006.566.png,train,221.609,6.566,FRI,0.0,0.014756,True
./MiraBest_data/100_122.412+034.927_0.0825_0124.74.png,train,122.412,34.927,100,./CombinedCat/PNG/Scaled_Final/122.412_+034.927.png,train,122.412,34.927,FRI,0.0,0.0,True
./MiraBest_data/100_126.640+021.730_0.2614_0054.02.png,train,126.64,21.73,100,./CombinedCat/PNG/Scaled_Final/126.640_+021.730.png,train,126.64,21.73,FRI,0.0,0.001822,True
./MiraBest_data/100_128.445+045.255_0.1800_0085.36.png,train,128.445,45.255,100,./CombinedCat/PNG/Scaled_Final/128.445_+045.255.png,train,128.445,45.255,FRI,0.0,0.005067,True
./MiraBest_data/100_159.204+048.830_0.3789_0021.88.png,train,159.204,48.83,100,./CombinedCat/PNG/Scaled_Final/159.204_+048.830.png,train,159.204,48.83,FRI,0.0,0.006267,True
./MiraBest_data/100_242.912+015.549_0.3459_0113.72.png,train,242.912,15.549,100,./CombinedCat/PNG/Scaled_Final/242.912_+015.549.png,test,242.912,15.549,FRII,0.0,0.010622,False
./MiraBest_data/100_214.538+019.324_0.2015_0028.50.png,train,214.538,19.324,100,./CombinedCat/PNG/Scaled_Final/214.538_+019.324.png,train,214.538,19.324,FRI,0.0,0.001156,True
./MiraBest_data/100_228.706+010.284_0.0572_0089.94.png,train,228.706,10.284,100,./CombinedCat/PNG/Scaled_Final/228.706_+010.284.png,train,228.706,10.284,FRII,0.0,0.000356,False
./MiraBest_data/100_128.103+018.815_0.1138_0093.70.png,train,128.103,18.815,100,./CombinedCat/PNG/Scaled_Final/128.103_+018.815.png,train,128.103,18.815,FRI,0.0,0.003422,True
./MiraBest_data/100_159.653+001.297_0.1285_0095.92.png,train,159.653,1.297,100,./CombinedCat/PNG/Scaled_Final/159.653_+001.297.png,train,159.653,1.297,FRI,0.0,0.001022,True
./MiraBest_data/100_169.888+063.288_0.1533_0119.02.png,train,169.888,63.288,100,./CombinedCat/PNG/Scaled_Final/169.888_+063.288.png,train,169.888,63.288,FRI,0.0,0.000844,True
./MiraBest_data/100_159.159+014.024_0.2007_0020.15.png,train,159.159,14.024,100,./CombinedCat/PNG/Scaled_Final/159.159_+014.024.png,train,159.159,14.024,FRI,0.0,0.002489,True
./MiraBest_data/200_174.706+045.005_0.3401_0016.43.png,train,174.706,45.005,200,./CombinedCat/PNG/Scaled_Final/174.706_+045.005.png,train,174.706,45.005,FRII,0.0,0.003111,True
./MiraBest_data/200_134.430+003.376_0.2014_0011.42.png,train,134.43,3.376,200,./CombinedCat/PNG/Scaled_Final/134.430_+003.376.png,train,134.43,3.376,FRII,0.0,0.000178,True
./MiraBest_data/200_164.399+002.571_0.3481_0018.82.png,train,164.399,2.571,200,./CombinedCat/PNG/Scaled_Final/164.399_+002.571.png,train,164.399,2.571,FRII,0.0,0.004622,True
./MiraBest_data/200_160.631+002.620_0.1870_0080.49.png,train,160.631,2.62,200,./CombinedCat/PNG/Scaled_Final/160.631_+002.620.png,train,160.631,2.62,FRII,0.0,0.059511,True
./MiraBest_data/200_250.883+013.334_0.1887_0025.48.png,train,250.883,13.334,200,./CombinedCat/PNG/Scaled_Final/250.883_+013.334.png,test,250.883,13.334,FRI,0.0,0.004711,False
./MiraBest_data/200_200.324+042.588_0.0794_0162.77.png,train,200.324,42.588,200,./CombinedCat/PNG/Scaled_Final/200.324_+042.588.png,train,200.324,42.588,FRII,0.0,0.0,True
./MiraBest_data/200_000.395-008.865_0.1765_0010.28.png,train,0.395,-8.865,200,./CombinedCat/PNG/Scaled_Final/000.395_-008.865.png,train,0.395,-8.865,FRII,0.0,0.003067,True
./MiraBest_data/200_205.715+031.181_0.2846_0080.34.png,train,205.715,31.181,200,./CombinedCat/PNG/Scaled_Final/205.715_+031.181.png,train,205.715,31.181,FRII,0.0,0.003289,True
./MiraBest_data/200_207.557+028.279_0.0721_0034.99.png,train,207.557,28.279,200,./CombinedCat/PNG/Scaled_Final/207.557_+028.279.png,train,207.557,28.279,FRII,0.0,0.003733,True
./MiraBest_data/200_203.753+058.718_0.1517_0031.53.png,train,203.753,58.718,200,./CombinedCat/PNG/Scaled_Final/203.753_+058.718.png,train,203.753,58.718,FRII,0.0,0.000444,True
./MiraBest_data/200_211.430+013.970_0.2976_0008.38.png,train,211.43,13.97,200,./CombinedCat/PNG/Scaled_Final/211.430_+013.970.png,train,211.43,13.97,FRII,0.0,0.0028,True
./MiraBest_data/200_232.860+052.598_0.2053_0073.08.png,train,232.86,52.598,200,./CombinedCat/PNG/Scaled_Final/232.860_+052.598.png,train,232.86,52.598,FRI,0.0,0.005956,False
./MiraBest_data/200_161.634+054.600_0.1447_0264.34.png,train,161.634,54.6,200,./CombinedCat/PNG/Scaled_Final/161.634_+054.600.png,train,161.634,54.6,FRII,0.0,0.029822,True
./MiraBest_data/200_254.164+063.284_0.3850_0018.59.png,train,254.164,63.284,200,./CombinedCat/PNG/Scaled_Final/254.164_+063.284.png,test,254.164,63.284,Hyb,0.0,0.002267,False
./MiraBest_data/200_154.677+058.977_0.1981_0019.87.png,train,154.677,58.977,200,./CombinedCat/PNG/Scaled_Final/154.677_+058.977.png,train,154.677,58.977,FRII,0.0,0.001422,True
./MiraBest_data/200_223.357+041.120_0.1986_0024.65.png,train,223.357,41.12,200,./CombinedCat/PNG/Scaled_Final/223.357_+041.120.png,train,223.357,41.12,FRII,0.0,0.015422,True
./MiraBest_data/200_135.460+055.924_0.1409_0176.48.png,train,135.46,55.924,200,./CombinedCat/PNG/Scaled_Final/135.460_+055.924.png,train,135.46,55.924,FRII,0.0,0.0,True
./MiraBest_data/200_221.030+041.797_0.1880_0063.42.png,train,221.03,41.797,200,./CombinedCat/PNG/Scaled_Final/221.030_+041.797.png,train,221.03,41.797,FRII,0.0,0.000489,True
./MiraBest_data/200_320.095-000.352_0.2103_0017.63.png,train,320.095,-0.352,200,./CombinedCat/PNG/Scaled_Final/320.095_-000.352.png,test,320.095,-0.352,FRII,0.0,0.010756,True
./MiraBest_data/200_161.558+018.294_0.3034_0018.35.png,train,161.558,18.294,200,./CombinedCat/PNG/Scaled_Final/161.558_+018.294.png,train,161.558,18.294,FRII,0.0,0.001911,True
./MiraBest_data/200_035.137+000.468_0.2721_0014.68.png,train,35.137,0.468,200,./CombinedCat/PNG/Scaled_Final/035.137_+000.468.png,train,35.137,0.468,FRII,0.0,0.000933,True
./MiraBest_data/200_111.925+044.567_0.2788_0011.26.png,train,111.925,44.567,200,./CombinedCat/PNG/Scaled_Final/111.925_+044.567.png,train,111.925,44.567,FRII,0.0,0.085778,True
./MiraBest_data/200_180.424+022.946_0.2595_0095.46.png,train,180.424,22.946,200,./CombinedCat/PNG/Scaled_Final/180.424_+022.946.png,train,180.424,22.946,FRII,0.0,0.004844,True
./MiraBest_data/200_124.008+038.071_0.1727_0023.74.png,train,124.008,38.071,200,./CombinedCat/PNG/Scaled_Final/124.008_+038.071.png,train,124.008,38.071,FRII,0.0,0.000622,True
./MiraBest_data/200_131.371+042.331_0.1330_0132.23.png,train,131.371,42.331,200,./CombinedCat/PNG/Scaled_Final/131.371_+042.331.png,train,131.371,42.331,FRII,0.0,0.001511,True
./MiraBest_data/200_219.422+045.393_0.2480_0010.62.png,train,219.422,45.393,200,./CombinedCat/PNG/Scaled_Final/219.422_+045.393.png,train,219.422,45.393,FRII,0.0,0.001111,True
./MiraBest_data/200_230.690+019.706_0.1094_0025.44.png,train,230.69,19.706,200,./CombinedCat/PNG/Scaled_Final/230.690_+019.706.png,train,230.69,19.706,FRII,0.0,0.000533,True
./MiraBest_data/200_240.116+008.629_0.2269_0167.65.png,train,240.116,8.629,200,./CombinedCat/PNG/Scaled_Final/240.116_+008.629.png,test,240.116,8.629,Hyb,0.0,0.0,False
./MiraBest_data/200_141.653+026.467_0.4161_0008.68.png,train,141.653,26.467,200,./CombinedCat/PNG/Scaled_Final/141.653_+026.467.png,train,141.653,26.467,FRII,0.0,0.000711,True
./MiraBest_data/200_139.748+055.322_0.2260_0010.58.png,train,139.748,55.322,200,./CombinedCat/PNG/Scaled_Final/139.748_+055.322.png,train,139.748,55.322,FRII,0.0,0.002489,True
./MiraBest_data/200_130.261+004.792_0.2025_0012.63.png,train,130.261,4.792,200,./CombinedCat/PNG/Scaled_Final/130.261_+004.792.png,train,130.261,4.792,FRII,0.0,0.038089,True
./MiraBest_data/200_129.673+004.736_0.4554_0033.03.png,train,129.673,4.736,200,./CombinedCat/PNG/Scaled_Final/129.673_+004.736.png,train,129.673,4.736,FRII,0.0,0.016089,True
./MiraBest_data/200_143.649+014.345_0.3347_0031.54.png,train,143.649,14.345,200,./CombinedCat/PNG/Scaled_Final/143.649_+014.345.png,train,143.649,14.345,FRII,0.0,0.001822,True
./MiraBest_data/200_128.130+035.287_0.2688_0037.85.png,train,128.13,35.287,200,./CombinedCat/PNG/Scaled_Final/128.130_+035.287.png,train,128.13,35.287,FRII,0.0,0.003022,True
./MiraBest_data/200_335.902-008.108_0.2358_0023.51.png,train,335.902,-8.108,200,./CombinedCat/PNG/Scaled_Final/335.902_-008.108.png,test,335.902,-8.108,FRII,0.0,0.009289,True
./MiraBest_data/200_198.791+008.681_0.0926_0216.51.png,train,198.791,8.681,200,./CombinedCat/PNG/Scaled_Final/198.791_+008.681.png,train,198.791,8.681,FRII,0.0,0.000178,True
./MiraBest_data/200_237.339+009.885_0.2009_0123.69.png,train,237.339,9.885,200,./CombinedCat/PNG/Scaled_Final/237.339_+009.885.png,test,237.339,9.885,FRII,0.0,0.0,True
./MiraBest_data/200_248.786+042.800_0.2287_0049.56.png,train,248.786,42.8,200,./CombinedCat/PNG/Scaled_Final/248.786_+042.800.png,test,248.786,42.8,FRI,0.0,0.017556,False
./MiraBest_data/200_165.466+016.677_0.0691_0190.38.png,train,165.466,16.677,200,./CombinedCat/PNG/Scaled_Final/165.466_+016.677.png,train,165.466,16.677,FRII,0.0,0.001111,True
./MiraBest_data/200_164.784+026.571_0.1752_0013.70.png,train,164.784,26.571,200,./CombinedCat/PNG/Scaled_Final/164.784_+026.571.png,train,164.784,26.571,FRII,0.0,0.004489,True
./MiraBest_data/200_140.129+040.313_0.2948_0052.36.png,train,140.129,40.313,200,./CombinedCat/PNG/Scaled_Final/140.129_+040.313.png,train,140.129,40.313,FRII,0.0,0.001911,True
./MiraBest_data/200_165.604+004.181_0.3420_0032.43.png,train,165.604,4.181,200,./CombinedCat/PNG/Scaled_Final/165.604_+004.181.png,train,165.604,4.181,FRII,0.0,0.002,True
./MiraBest_data/200_181.946+045.234_0.4280_0049.59.png,train,181.946,45.234,200,./CombinedCat/PNG/Scaled_Final/181.946_+045.234.png,train,181.946,45.234,FRII,0.0,0.000444,True
./MiraBest_data/100_169.641+031.255_0.2181_0081.13.png,train,169.641,31.255,100,./CombinedCat/PNG/Scaled_Final/169.641_+031.255.png,train,169.641,31.255,FRI,0.0,0.001511,True
./MiraBest_data/100_237.829+027.358_0.2475_0054.29.png,train,237.829,27.358,100,./CombinedCat/PNG/Scaled_Final/237.829_+027.358.png,test,237.829,27.358,FRII,0.0,0.005289,False
./MiraBest_data/100_138.316+052.149_0.1900_0071.77.png,train,138.316,52.149,100,./CombinedCat/PNG/Scaled_Final/138.316_+052.149.png,train,138.316,52.149,FRI,0.0,0.003067,True
./MiraBest_data/100_346.634-009.506_0.1593_0212.36.png,train,346.634,-9.506,100,./CombinedCat/PNG/Scaled_Final/346.634_-009.506.png,test,346.634,-9.506,Hyb,0.0,0.0072,False
./MiraBest_data/100_229.117+018.110_0.3378_0056.78.png,train,229.117,18.11,100,./CombinedCat/PNG/Scaled_Final/229.117_+018.110.png,train,229.117,18.11,FRI,0.0,0.027244,True
./MiraBest_data/100_162.495+000.322_0.0390_0083.86.png,train,162.495,0.322,100,./CombinedCat/PNG/Scaled_Final/162.495_+000.322.png,train,162.495,0.322,FRI,0.0,0.004178,True
./MiraBest_data/100_257.908+058.058_0.1466_0054.47.png,train,257.908,58.058,100,./CombinedCat/PNG/Scaled_Final/257.908_+058.058.png,test,257.908,58.058,FRI,0.0,0.000622,True
./MiraBest_data/100_220.087+011.419_0.3109_0038.11.png,train,220.087,11.419,100,./CombinedCat/PNG/Scaled_Final/220.087_+011.419.png,train,220.087,11.419,FRI,0.0,0.003911,True
./MiraBest_data/100_209.019+012.133_0.3492_0037.35.png,train,209.019,12.133,100,./CombinedCat/PNG/Scaled_Final/209.019_+012.133.png,train,209.019,12.133,FRI,0.0,0.003556,True
./MiraBest_data/100_141.028+013.217_0.0801_0057.09.png,train,141.028,13.217,100,./CombinedCat/PNG/Scaled_Final/141.028_+013.217.png,train,141.028,13.217,FRI,0.0,0.029111,True
./MiraBest_data/100_221.752+046.045_0.1278_0109.90.png,train,221.752,46.045,100,./CombinedCat/PNG/Scaled_Final/221.752_+046.045.png,train,221.752,46.045,FRI,0.0,0.004533,True
./MiraBest_data/100_154.833+042.460_0.3608_0049.75.png,train,154.833,42.46,100,./CombinedCat/PNG/Scaled_Final/154.833_+042.460.png,train,154.833,42.46,FRI,0.0,0.036444,True
./MiraBest_data/100_178.284+046.046_0.3627_0055.96.png,train,178.284,46.046,100,./CombinedCat/PNG/Scaled_Final/178.284_+046.046.png,train,178.284,46.046,FRI,0.0,0.086933,True
./MiraBest_data/100_152.017+050.445_0.1342_0038.41.png,train,152.017,50.445,100,./CombinedCat/PNG/Scaled_Final/152.017_+050.445.png,train,152.017,50.445,FRI,0.0,0.017778,True
./MiraBest_data/100_227.787+018.031_0.1158_0077.81.png,train,227.787,18.031,100,./CombinedCat/PNG/Scaled_Final/227.787_+018.031.png,train,227.787,18.031,FRI,0.0,0.001156,True
./MiraBest_data/100_230.642+031.153_0.2379_0025.94.png,train,230.642,31.153,100,./CombinedCat/PNG/Scaled_Final/230.642_+031.153.png,train,230.642,31.153,FRI,0.0,0.000844,True
./MiraBest_data/100_118.448+023.032_0.5016_0035.76.png,train,118.448,23.032,100,./CombinedCat/PNG/Scaled_Final/118.448_+023.032.png,train,118.448,23.032,FRI,0.0,0.025644,True
./MiraBest_data/100_147.077+056.316_0.1389_0042.26.png,train,147.077,56.316,100,./CombinedCat/PNG/Scaled_Final/147.077_+056.316.png,train,147.077,56.316,FRI,0.0,0.020889,True
./MiraBest_data/100_122.919+040.249_0.1218_0031.63.png,train,122.919,40.249,100,./CombinedCat/PNG/Scaled_Final/122.919_+040.249.png,train,122.919,40.249,FRI,0.0,0.016,True
./MiraBest_data/100_124.516+054.619_0.1174_0128.06.png,train,124.516,54.619,100,./CombinedCat/PNG/Scaled_Final/124.516_+054.619.png,train,124.516,54.619,FRI,0.0,0.001156,True
./MiraBest_data/100_160.851+008.551_0.2849_0122.48.png,train,160.851,8.551,100,./CombinedCat/PNG/Scaled_Final/160.851_+008.551.png,train,160.851,8.551,FRI,0.0,0.006978,True
./MiraBest_data/100_213.797+027.107_0.1635_0083.65.png,train,213.797,27.107,100,./CombinedCat/PNG/Scaled_Final/213.797_+027.107.png,train,213.797,27.107,FRI,0.0,0.018578,True
./MiraBest_data/100_216.671+024.146_0.1445_0035.58.png,train,216.671,24.146,100,./CombinedCat/PNG/Scaled_Final/216.671_+024.146.png,train,216.671,24.146,FRI,0.0,0.002089,True
./MiraBest_data/100_248.314+040.183_0.1831_0072.71.png,train,248.314,40.183,100,./CombinedCat/PNG/Scaled_Final/248.314_+040.183.png,test,248.314,40.183,FRI,0.0,0.009689,True
./MiraBest_data/100_182.550+011.351_0.1963_0038.31.png,train,182.55,11.351,100,./CombinedCat/PNG/Scaled_Final/182.550_+011.351.png,train,182.55,11.351,FRI,0.0,0.001422,True
./MiraBest_data/100_231.731+007.486_0.1897_0038.11.png,train,231.731,7.486,100,./CombinedCat/PNG/Scaled_Final/231.731_+007.486.png,train,231.731,7.486,FRI,0.0,0.004311,True
./MiraBest_data/100_238.300+027.556_0.1474_0035.20.png,train,238.3,27.556,100,./CombinedCat/PNG/Scaled_Final/238.300_+027.556.png,test,238.3,27.556,FRII,0.0,0.007022,False
./MiraBest_data/100_245.789+014.364_0.3154_0053.29.png,train,245.789,14.364,100,./CombinedCat/PNG/Scaled_Final/245.789_+014.364.png,test,245.789,14.364,FRII,0.0,0.0072,False
./MiraBest_data/100_224.603+048.710_0.2044_0029.16.png,train,224.603,48.71,100,./CombinedCat/PNG/Scaled_Final/224.603_+048.710.png,train,224.603,48.71,FRII,0.0,0.001067,False
./MiraBest_data/100_255.769+032.480_0.3086_0025.18.png,train,255.769,32.48,100,./CombinedCat/PNG/Scaled_Final/255.769_+032.480.png,test,255.769,32.48,FRII,0.0,0.001333,False
./MiraBest_data/100_233.691+029.337_0.1997_0098.11.png,train,233.691,29.337,100,./CombinedCat/PNG/Scaled_Final/233.691_+029.337.png,test,233.691,29.337,FRII,0.0,0.005511,False
./MiraBest_data/100_209.231+030.942_0.2306_0050.94.png,train,209.231,30.942,100,./CombinedCat/PNG/Scaled_Final/209.231_+030.942.png,train,209.231,30.942,FRI,0.0,0.050533,True
./MiraBest_data/100_122.923+010.487_0.2770_0064.25.png,train,122.923,10.487,100,./CombinedCat/PNG/Scaled_Final/122.923_+010.487.png,train,122.923,10.487,FRI,0.0,0.003422,True
./MiraBest_data/100_163.454+040.396_0.1282_0209.65.png,train,163.454,40.396,100,./CombinedCat/PNG/Scaled_Final/163.454_+040.396.png,train,163.454,40.396,FRI,0.0,0.004178,True
./MiraBest_data/200_254.697+062.940_0.1063_0138.80.png,train,254.697,62.94,200,./CombinedCat/PNG/Scaled_Final/254.697_+062.940.png,test,254.697,62.94,FRI,0.0,0.001289,False
./MiraBest_data/200_237.918+010.597_0.3662_0143.91.png,train,237.918,10.597,200,./CombinedCat/PNG/Scaled_Final/237.918_+010.597.png,test,237.918,10.597,FRI,0.0,0.000356,False
./MiraBest_data/200_173.289+033.720_0.2225_0015.62.png,train,173.289,33.72,200,./CombinedCat/PNG/Scaled_Final/173.289_+033.720.png,train,173.289,33.72,FRII,0.0,8.9e-05,True
./MiraBest_data/200_155.520+044.862_0.0830_0031.03.png,train,155.52,44.862,200,./CombinedCat/PNG/Scaled_Final/155.520_+044.862.png,train,155.52,44.862,FRII,0.0,0.000267,True
./MiraBest_data/200_126.488+052.505_0.4667_0050.25.png,train,126.488,52.505,200,./CombinedCat/PNG/Scaled_Final/126.488_+052.505.png,train,126.488,52.505,FRII,0.0,0.006933,True
./MiraBest_data/200_233.079+049.632_0.2084_0016.71.png,train,233.079,49.632,200,./CombinedCat/PNG/Scaled_Final/233.079_+049.632.png,test,233.079,49.632,FRII,0.0,0.010444,True
./MiraBest_data/200_334.724-009.295_0.1899_0012.05.png,train,334.724,-9.295,200,./CombinedCat/PNG/Scaled_Final/334.724_-009.295.png,test,334.724,-9.295,FRI,0.0,0.006311,False
./MiraBest_data/200_231.577+016.999_0.1857_0046.54.png,train,231.577,16.999,200,./CombinedCat/PNG/Scaled_Final/231.577_+016.999.png,train,231.577,16.999,FRII,0.0,0.056533,True
./MiraBest_data/200_164.175+024.713_0.2552_0008.39.png,train,164.175,24.713,200,./CombinedCat/PNG/Scaled_Final/164.175_+024.713.png,train,164.175,24.713,FRII,0.0,0.004044,True
./MiraBest_data/200_224.917+041.300_0.1768_0018.15.png,train,224.917,41.3,200,./CombinedCat/PNG/Scaled_Final/224.917_+041.300.png,train,224.917,41.3,FRII,0.0,0.000933,True
./MiraBest_data/200_135.347+019.238_0.2765_0153.44.png,train,135.347,19.238,200,./CombinedCat/PNG/Scaled_Final/135.347_+019.238.png,train,135.347,19.238,FRII,0.0,0.003644,True
./MiraBest_data/200_204.378+046.355_0.3155_0019.93.png,train,204.378,46.355,200,./CombinedCat/PNG/Scaled_Final/204.378_+046.355.png,train,204.378,46.355,FRII,0.0,0.003378,True
./MiraBest_data/200_181.838+051.021_0.1848_0010.82.png,train,181.838,51.021,200,./CombinedCat/PNG/Scaled_Final/181.838_+051.021.png,train,181.838,51.021,FRII,0.0,0.000889,True
./MiraBest_data/200_203.894+048.128_0.3022_0026.94.png,train,203.894,48.128,200,./CombinedCat/PNG/Scaled_Final/203.894_+048.128.png,train,203.894,48.128,FRII,0.0,0.0,True
./MiraBest_data/200_243.706+017.487_0.1931_0083.38.png,train,243.706,17.487,200,./CombinedCat/PNG/Scaled_Final/243.706_+017.487.png,test,243.706,17.487,FRII,0.0,0.000578,True
./MiraBest_data/200_204.099+034.372_0.2815_0031.47.png,train,204.099,34.372,200,./CombinedCat/PNG/Scaled_Final/204.099_+034.372.png,train,204.099,34.372,FRII,0.0,0.001422,True
./MiraBest_data/200_129.713+025.454_0.4298_0014.44.png,train,129.713,25.454,200,./CombinedCat/PNG/Scaled_Final/129.713_+025.454.png,train,129.713,25.454,FRII,0.0,0.0,True
./MiraBest_data/200_155.486+014.725_0.1111_0115.64.png,train,155.486,14.725,200,./CombinedCat/PNG/Scaled_Final/155.486_+014.725.png,train,155.486,14.725,FRII,0.0,0.0,True
./MiraBest_data/200_121.113+016.558_0.1820_0106.75.png,train,121.113,16.558,200,./CombinedCat/PNG/Scaled_Final/121.113_+016.558.png,train,121.113,16.558,FRII,0.0,0.018222,True
./MiraBest_data/200_175.915+046.356_0.1160_0007.93.png,train,175.915,46.356,200,./CombinedCat/PNG/Scaled_Final/175.915_+046.356.png,train,175.915,46.356,FRII,0.0,0.0,True
./MiraBest_data/200_213.728+022.633_0.1546_0061.35.png,train,213.728,22.633,200,./CombinedCat/PNG/Scaled_Final/213.728_+022.633.png,train,213.728,22.633,FRII,0.0,0.034578,True
./MiraBest_data/200_195.281-003.448_0.0834_0010.12.png,train,195.281,-3.448,200,./CombinedCat/PNG/Scaled_Final/195.281_-003.448.png,train,195.281,-3.448,FRII,0.0,0.0308,True
./MiraBest_data/200_161.261+047.300_0.1449_0021.69.png,train,161.261,47.3,200,./CombinedCat/PNG/Scaled_Final/161.261_+047.300.png,train,161.261,47.3,FRII,0.0,0.002444,True
./MiraBest_data/200_005.282-000.925_0.1082_0041.40.png,train,5.282,-0.925,200,./CombinedCat/PNG/Scaled_Final/005.282_-000.925.png,train,5.282,-0.925,FRII,0.0,0.019467,True
./MiraBest_data/200_255.780+024.630_0.5177_0022.93.png,train,255.78,24.63,200,./CombinedCat/PNG/Scaled_Final/255.780_+024.630.png,test,255.78,24.63,FRII,0.0,0.000844,True
./MiraBest_data/200_239.082+051.314_0.4502_0037.24.png,train,239.082,51.314,200,./CombinedCat/PNG/Scaled_Final/239.082_+051.314.png,test,239.082,51.314,FRII,0.0,0.020711,True
./MiraBest_data/200_201.099+030.175_0.3201_0035.30.png,train,201.099,30.175,200,./CombinedCat/PNG/Scaled_Final/201.099_+030.175.png,train,201.099,30.175,FRII,0.0,0.000356,True
./MiraBest_data/200_190.092+046.943_0.1415_0043.04.png,train,190.092,46.943,200,./CombinedCat/PNG/Scaled_Final/190.092_+046.943.png,train,190.092,46.943,FRII,0.0,0.001422,True
./MiraBest_data/200_211.050+032.103_0.2638_0024.49.png,train,211.05,32.103,200,./CombinedCat/PNG/Scaled_Final/211.050_+032.103.png,train,211.05,32.103,FRII,0.0,0.007022,True
./MiraBest_data/200_219.978+021.849_0.2120_0010.05.png,train,219.978,21.849,200,./CombinedCat/PNG/Scaled_Final/219.978_+021.849.png,train,219.978,21.849,FRII,0.0,0.0,True
./MiraBest_data/200_239.933+021.114_0.3749_0020.85.png,train,239.933,21.114,200,./CombinedCat/PNG/Scaled_Final/239.933_+021.114.png,test,239.933,21.114,FRII,0.0,0.003644,True
./MiraBest_data/200_182.278-002.963_0.4808_0035.25.png,train,182.278,-2.963,200,./CombinedCat/PNG/Scaled_Final/182.278_-002.963.png,train,182.278,-2.963,FRII,0.0,0.000667,True
./MiraBest_data/200_196.964+060.509_0.3802_0019.42.png,train,196.964,60.509,200,./CombinedCat/PNG/Scaled_Final/196.964_+060.509.png,train,196.964,60.509,FRII,0.0,0.001067,True
./MiraBest_data/200_228.197-001.740_0.1461_0107.13.png,train,228.197,-1.74,200,./CombinedCat/PNG/Scaled_Final/228.197_-001.740.png,train,228.197,-1.74,FRI,0.0,0.0148,False
./MiraBest_data/200_142.173+028.005_0.4978_0011.74.png,train,142.173,28.005,200,./CombinedCat/PNG/Scaled_Final/142.173_+028.005.png,train,142.173,28.005,FRII,0.0,0.003556,True
./MiraBest_data/200_252.720+041.079_0.3175_0010.40.png,train,252.72,41.079,200,./CombinedCat/PNG/Scaled_Final/252.720_+041.079.png,test,252.72,41.079,FRII,0.0,0.006,True
./MiraBest_data/200_157.931+052.426_0.1665_0042.96.png,train,157.931,52.426,200,./CombinedCat/PNG/Scaled_Final/157.931_+052.426.png,train,157.931,52.426,FRII,0.0,0.002089,True
./MiraBest_data/200_202.155+063.488_0.2190_0105.95.png,train,202.155,63.488,200,./CombinedCat/PNG/Scaled_Final/202.155_+063.488.png,train,202.155,63.488,FRII,0.0,0.004978,True
./MiraBest_data/200_121.396+024.164_0.0597_0188.84.png,train,121.396,24.164,200,./CombinedCat/PNG/Scaled_Final/121.396_+024.164.png,train,121.396,24.164,FRII,0.0,0.001289,True
./MiraBest_data/200_120.280+017.980_0.1400_0049.21.png,train,120.28,17.98,200,./CombinedCat/PNG/Scaled_Final/120.280_+017.980.png,train,120.28,17.98,FRII,0.0,0.055111,True
./MiraBest_data/200_195.935+020.359_0.2250_0090.67.png,train,195.935,20.359,200,./CombinedCat/PNG/Scaled_Final/195.935_+020.359.png,train,195.935,20.359,FRII,0.0,1.212622,True
./MiraBest_data/200_222.580-001.113_0.1195_0008.77.png,train,222.58,-1.113,200,./CombinedCat/PNG/Scaled_Final/222.580_-001.113.png,train,222.58,-1.113,FRI,0.0,0.000667,False
./MiraBest_data/200_247.102+023.019_0.2079_0058.60.png,train,247.102,23.019,200,./CombinedCat/PNG/Scaled_Final/247.102_+023.019.png,test,247.102,23.019,FRI,0.0,0.002844,False
./MiraBest_data/100_188.601+057.891_0.1529_0059.30.png,train,188.601,57.891,100,./CombinedCat/PNG/Scaled_Final/188.601_+057.891.png,train,188.601,57.891,FRI,0.0,0.019511,True
./MiraBest_data/100_164.103+016.741_0.0946_0100.12.png,train,164.103,16.741,100,./CombinedCat/PNG/Scaled_Final/164.103_+016.741.png,train,164.103,16.741,FRI,0.0,0.056622,True
./MiraBest_data/100_169.766+060.478_0.1321_0036.27.png,train,169.766,60.478,100,./CombinedCat/PNG/Scaled_Final/169.766_+060.478.png,train,169.766,60.478,FRI,0.0,0.039689,True
./MiraBest_data/100_181.229+048.549_0.0656_0057.47.png,train,181.229,48.549,100,./CombinedCat/PNG/Scaled_Final/181.229_+048.549.png,train,181.229,48.549,FRI,0.0,0.498,True
./MiraBest_data/100_175.358+008.038_0.2282_0084.83.png,train,175.358,8.038,100,./CombinedCat/PNG/Scaled_Final/175.358_+008.038.png,train,175.358,8.038,FRI,0.0,0.021956,True
./MiraBest_data/100_218.032+026.010_0.0949_0091.62.png,train,218.032,26.01,100,./CombinedCat/PNG/Scaled_Final/218.032_+026.010.png,train,218.032,26.01,FRI,0.0,0.024489,True
./MiraBest_data/100_209.087+031.441_0.1505_0081.07.png,train,209.087,31.441,100,./CombinedCat/PNG/Scaled_Final/209.087_+031.441.png,train,209.087,31.441,FRI,0.0,0.002311,True
./MiraBest_data/100_016.236+000.073_0.2797_0058.67.png,train,16.236,0.073,100,./CombinedCat/PNG/Scaled_Final/016.236_+000.073.png,train,16.236,0.073,FRI,0.0,0.005022,True
./MiraBest_data/100_229.437+031.004_0.1359_0048.58.png,train,229.437,31.004,100,./CombinedCat/PNG/Scaled_Final/229.437_+031.004.png,train,229.437,31.004,FRII,0.0,0.010711,False
./MiraBest_data/100_131.189+021.492_0.2720_0042.73.png,train,131.189,21.492,100,./CombinedCat/PNG/Scaled_Final/131.189_+021.492.png,train,131.189,21.492,FRI,0.0,0.002089,True
./MiraBest_data/100_195.205+022.263_0.2229_0042.66.png,train,195.205,22.263,100,./CombinedCat/PNG/Scaled_Final/195.205_+022.263.png,train,195.205,22.263,FRI,0.0,0.015778,True
./MiraBest_data/100_215.326+043.186_0.1791_0054.44.png,train,215.326,43.186,100,./CombinedCat/PNG/Scaled_Final/215.326_+043.186.png,train,215.326,43.186,FRI,0.0,0.0008,True
./MiraBest_data/100_208.708+033.410_0.1703_0074.40.png,train,208.708,33.41,100,./CombinedCat/PNG/Scaled_Final/208.708_+033.410.png,train,208.708,33.41,FRI,0.0,0.000978,True
./MiraBest_data/100_234.088+008.687_0.1263_0092.82.png,train,234.088,8.687,100,./CombinedCat/PNG/Scaled_Final/234.088_+008.687.png,train,234.088,8.687,FRI,0.0,0.004356,True
./MiraBest_data/100_016.732+000.523_0.1538_0026.95.png,train,16.732,0.523,100,./CombinedCat/PNG/Scaled_Final/016.732_+000.523.png,train,16.732,0.523,FRI,0.0,0.012,True
./MiraBest_data/100_202.774+016.511_0.3914_0038.15.png,train,202.774,16.511,100,./CombinedCat/PNG/Scaled_Final/202.774_+016.511.png,train,202.774,16.511,FRI,0.0,0.0,True
./MiraBest_data/100_335.417-008.424_0.0707_0208.39.png,train,335.417,-8.424,100,./CombinedCat/PNG/Scaled_Final/335.417_-008.424.png,test,335.417,-8.424,FRII,0.0,0.000711,False
./MiraBest_data/100_217.601+014.591_0.3891_0042.00.png,train,217.601,14.591,100,./CombinedCat/PNG/Scaled_Final/217.601_+014.591.png,train,217.601,14.591,FRI,0.0,0.004978,True
./MiraBest_data/100_141.648+029.573_0.2890_0113.31.png,train,141.648,29.573,100,./CombinedCat/PNG/Scaled_Final/141.648_+029.573.png,train,141.648,29.573,FRI,0.0,0.008178,True
./MiraBest_data/100_153.651+049.759_0.2091_0119.41.png,train,153.651,49.759,100,./CombinedCat/PNG/Scaled_Final/153.651_+049.759.png,train,153.651,49.759,FRI,0.0,0.000267,True
./MiraBest_data/100_245.620+026.783_0.2206_0074.14.png,train,245.62,26.783,100,./CombinedCat/PNG/Scaled_Final/245.620_+026.783.png,test,245.62,26.783,FRI,0.0,0.008533,True
./MiraBest_data/100_182.930+008.019_0.2481_0033.63.png,train,182.93,8.019,100,./CombinedCat/PNG/Scaled_Final/182.930_+008.019.png,train,182.93,8.019,FRI,0.0,0.009067,True
./MiraBest_data/100_175.143+044.097_0.3837_0074.49.png,train,175.143,44.097,100,./CombinedCat/PNG/Scaled_Final/175.143_+044.097.png,train,175.143,44.097,FRI,0.0,0.010089,True
./MiraBest_data/100_208.973+026.372_0.1407_0047.35.png,train,208.973,26.372,100,./CombinedCat/PNG/Scaled_Final/208.973_+026.372.png,train,208.973,26.372,FRI,0.0,0.011867,True
./MiraBest_data/100_208.314+055.113_0.1434_0029.55.png,train,208.314,55.113,100,./CombinedCat/PNG/Scaled_Final/208.314_+055.113.png,train,208.314,55.113,FRI,0.0,0.002178,True
./MiraBest_data/100_123.264+013.435_0.1880_0045.47.png,train,123.264,13.435,100,./CombinedCat/PNG/Scaled_Final/123.264_+013.435.png,train,123.264,13.435,FRI,0.0,0.004933,True
./MiraBest_data/100_228.065+015.248_0.1865_0026.03.png,train,228.065,15.248,100,./CombinedCat/PNG/Scaled_Final/228.065_+015.248.png,train,228.065,15.248,FRII,0.0,0.005422,False
./MiraBest_data/100_225.986+008.327_0.0918_0059.64.png,train,225.986,8.327,100,./CombinedCat/PNG/Scaled_Final/225.986_+008.327.png,train,225.986,8.327,FRII,0.0,0.001822,False
./MiraBest_data/100_255.047+032.587_0.1020_0048.97.png,train,255.047,32.587,100,./CombinedCat/PNG/Scaled_Final/255.047_+032.587.png,test,255.047,32.587,FRI,0.0,0.006444,True
./MiraBest_data/100_177.789+043.989_0.0707_0032.98.png,train,177.789,43.989,100,./CombinedCat/PNG/Scaled_Final/177.789_+043.989.png,train,177.789,43.989,FRI,0.0,0.002222,True
./MiraBest_data/100_217.948+060.853_0.1130_0063.04.png,train,217.948,60.853,100,./CombinedCat/PNG/Scaled_Final/217.948_+060.853.png,train,217.948,60.853,FRI,0.0,0.003067,True
./MiraBest_data/100_228.597+001.192_0.1253_0038.20.png,train,228.597,1.192,100,./CombinedCat/PNG/Scaled_Final/228.597_+001.192.png,train,228.597,1.192,FRI,0.0,0.007156,True
./MiraBest_data/100_195.663+062.494_0.0757_0064.07.png,train,195.663,62.494,100,./CombinedCat/PNG/Scaled_Final/195.663_+062.494.png,train,195.663,62.494,FRI,0.0,0.0016,True
./MiraBest_data/100_213.241+014.734_0.1414_0032.12.png,train,213.241,14.734,100,./CombinedCat/PNG/Scaled_Final/213.241_+014.734.png,train,213.241,14.734,FRI,0.0,0.003867,True
./MiraBest_data/200_198.748+006.272_0.2621_0031.29.png,train,198.748,6.272,200,./CombinedCat/PNG/Scaled_Final/198.748_+006.272.png,train,198.748,6.272,FRII,0.0,0.007644,True
./MiraBest_data/200_178.613+052.789_0.3803_0012.68.png,train,178.613,52.789,200,./CombinedCat/PNG/Scaled_Final/178.613_+052.789.png,train,178.613,52.789,FRII,0.0,0.002533,True
./MiraBest_data/200_137.441+041.956_0.1400_0011.19.png,train,137.441,41.956,200,./CombinedCat/PNG/Scaled_Final/137.441_+041.956.png,train,137.441,41.956,FRII,0.0,0.0008,True
./MiraBest_data/200_189.698+052.051_0.2208_0022.52.png,train,189.698,52.051,200,./CombinedCat/PNG/Scaled_Final/189.698_+052.051.png,train,189.698,52.051,FRII,0.0,0.002267,True
./MiraBest_data/200_225.510+022.894_0.0809_0104.12.png,train,225.51,22.894,200,./CombinedCat/PNG/Scaled_Final/225.510_+022.894.png,train,225.51,22.894,FRI,0.0,0.011822,False
./MiraBest_data/200_131.629+002.784_0.2061_0052.16.png,train,131.629,2.784,200,./CombinedCat/PNG/Scaled_Final/131.629_+002.784.png,train,131.629,2.784,FRII,0.0,0.0,True
./MiraBest_data/200_171.363+027.248_0.1702_0042.95.png,train,171.363,27.248,200,./CombinedCat/PNG/Scaled_Final/171.363_+027.248.png,train,171.363,27.248,FRII,0.0,0.000489,True
./MiraBest_data/200_159.735+057.880_0.1008_0091.16.png,train,159.735,57.88,200,./CombinedCat/PNG/Scaled_Final/159.735_+057.880.png,train,159.735,57.88,FRII,0.0,0.002133,True
./MiraBest_data/200_125.698+004.297_0.0954_0080.10.png,train,125.698,4.297,200,./CombinedCat/PNG/Scaled_Final/125.698_+004.297.png,train,125.698,4.297,FRII,0.0,1.636089,True
./MiraBest_data/200_192.448+001.725_0.1583_0094.31.png,train,192.448,1.725,200,./CombinedCat/PNG/Scaled_Final/192.448_+001.725.png,train,192.448,1.725,FRII,0.0,0.006311,True
./MiraBest_data/200_141.939+004.937_0.3410_0013.94.png,train,141.939,4.937,200,./CombinedCat/PNG/Scaled_Final/141.939_+004.937.png,train,141.939,4.937,FRII,0.0,0.004489,True
./MiraBest_data/200_216.724+024.454_0.4565_0009.60.png,train,216.724,24.454,200,./CombinedCat/PNG/Scaled_Final/216.724_+024.454.png,train,216.724,24.454,FRII,0.0,0.002756,True
./MiraBest_data/200_238.435+004.709_0.4721_0051.66.png,train,238.435,4.709,200,./CombinedCat/PNG/Scaled_Final/238.435_+004.709.png,test,238.435,4.709,FRI,0.0,0.0024,False
./MiraBest_data/200_175.511+021.753_0.1299_0016.00.png,train,175.511,21.753,200,./CombinedCat/PNG/Scaled_Final/175.511_+021.753.png,train,175.511,21.753,FRII,0.0,0.004311,True
./MiraBest_data/200_249.018+027.308_0.1343_0081.30.png,train,249.018,27.308,200,./CombinedCat/PNG/Scaled_Final/249.018_+027.308.png,test,249.018,27.308,FRII,0.0,0.0012,True
./MiraBest_data/200_172.397+002.292_0.1264_0019.10.png,train,172.397,2.292,200,./CombinedCat/PNG/Scaled_Final/172.397_+002.292.png,train,172.397,2.292,FRII,0.0,0.000178,True
./MiraBest_data/200_139.926+026.157_0.2150_0212.48.png,train,139.926,26.157,200,./CombinedCat/PNG/Scaled_Final/139.926_+026.157.png,train,139.926,26.157,FRII,0.0,0.002667,True
./MiraBest_data/200_157.012+006.609_0.3303_0016.55.png,train,157.012,6.609,200,./CombinedCat/PNG/Scaled_Final/157.012_+006.609.png,train,157.012,6.609,FRII,0.0,0.0012,True
./MiraBest_data/200_149.215+028.528_0.5307_0010.38.png,train,149.215,28.528,200,./CombinedCat/PNG/Scaled_Final/149.215_+028.528.png,train,149.215,28.528,FRII,0.0,0.000711,True
./MiraBest_data/200_184.856+000.681_0.4062_0015.78.png,train,184.856,0.681,200,./CombinedCat/PNG/Scaled_Final/184.856_+000.681.png,train,184.856,0.681,FRII,0.0,0.003111,True
./MiraBest_data/200_194.539+042.186_0.2486_0172.07.png,train,194.539,42.186,200,./CombinedCat/PNG/Scaled_Final/194.539_+042.186.png,train,194.539,42.186,FRII,0.0,0.050667,True
./MiraBest_data/200_174.054+040.043_0.2904_0010.00.png,train,174.054,40.043,200,./CombinedCat/PNG/Scaled_Final/174.054_+040.043.png,train,174.054,40.043,FRII,0.0,0.001867,True
./MiraBest_data/200_227.111+001.779_0.5066_0015.35.png,train,227.111,1.779,200,./CombinedCat/PNG/Scaled_Final/227.111_+001.779.png,train,227.111,1.779,FRII,0.0,0.002311,True
./MiraBest_data/200_245.828+033.505_0.3609_0015.59.png,train,245.828,33.505,200,./CombinedCat/PNG/Scaled_Final/245.828_+033.505.png,test,245.828,33.505,FRI,0.0,0.002311,False
./MiraBest_data/200_225.095+022.008_0.2141_0012.15.png,train,225.095,22.008,200,./CombinedCat/PNG/Scaled_Final/225.095_+022.008.png,train,225.095,22.008,FRI,0.0,0.0,False
./MiraBest_data/200_178.586+045.392_0.1915_0064.00.png,train,178.586,45.392,200,./CombinedCat/PNG/Scaled_Final/178.586_+045.392.png,train,178.586,45.392,FRII,0.0,0.0,True
./MiraBest_data/200_169.030+024.939_0.2529_0030.09.png,train,169.03,24.939,200,./CombinedCat/PNG/Scaled_Final/169.030_+024.939.png,train,169.03,24.939,FRII,0.0,0.009378,True
./MiraBest_data/200_160.725+028.433_0.0550_0022.14.png,train,160.725,28.433,200,./CombinedCat/PNG/Scaled_Final/160.725_+028.433.png,train,160.725,28.433,FRII,0.0,0.004622,True
./MiraBest_data/200_234.198+013.574_0.4812_0014.58.png,train,234.198,13.574,200,./CombinedCat/PNG/Scaled_Final/234.198_+013.574.png,train,234.198,13.574,FRI,0.0,0.005111,False
./MiraBest_data/200_142.972+012.861_0.2725_0061.83.png,train,142.972,12.861,200,./CombinedCat/PNG/Scaled_Final/142.972_+012.861.png,train,142.972,12.861,FRII,0.0,0.011867,True
./MiraBest_data/200_336.088-000.522_0.4066_0036.69.png,train,336.088,-0.522,200,./CombinedCat/PNG/Scaled_Final/336.088_-000.522.png,test,336.088,-0.522,FRII,0.0,0.004222,True
./MiraBest_data/200_259.637+032.817_0.3631_0081.48.png,train,259.637,32.817,200,./CombinedCat/PNG/Scaled_Final/259.637_+032.817.png,test,259.637,32.817,FRII,0.0,0.003689,True
./MiraBest_data/200_207.795+007.479_0.1501_0075.75.png,train,207.795,7.479,200,./CombinedCat/PNG/Scaled_Final/207.795_+007.479.png,train,207.795,7.479,FRII,0.0,0.0028,True
./MiraBest_data/200_138.135+009.613_0.2353_0010.16.png,train,138.135,9.613,200,./CombinedCat/PNG/Scaled_Final/138.135_+009.613.png,train,138.135,9.613,FRII,0.0,0.005822,True
./MiraBest_data/200_168.698+001.854_0.3591_0019.19.png,train,168.698,1.854,200,./CombinedCat/PNG/Scaled_Final/168.698_+001.854.png,train,168.698,1.854,FRII,0.0,0.001111,True
./MiraBest_data/200_206.098-002.378_0.2422_0057.76.png,train,206.098,-2.378,200,./CombinedCat/PNG/Scaled_Final/206.098_-002.378.png,train,206.098,-2.378,FRII,0.0,0.0,True
./MiraBest_data/200_131.635+029.599_0.0701_0031.29.png,train,131.635,29.599,200,./CombinedCat/PNG/Scaled_Final/131.635_+029.599.png,train,131.635,29.599,FRII,0.0,0.008444,True
./MiraBest_data/200_137.463+058.784_0.2697_0006.27.png,train,137.463,58.784,200,./CombinedCat/PNG/Scaled_Final/137.463_+058.784.png,train,137.463,58.784,FRII,0.0,0.0004,True
./MiraBest_data/200_195.627+005.661_0.1311_0019.31.png,train,195.627,5.661,200,./CombinedCat/PNG/Scaled_Final/195.627_+005.661.png,train,195.627,5.661,FRII,0.0,0.000356,True
./MiraBest_data/200_356.291-010.163_0.2921_0078.17.png,train,356.291,-10.163,200,./CombinedCat/PNG/Scaled_Final/356.291_-010.163.png,test,356.291,-10.163,FRI,0.0,0.000711,False
./MiraBest_data/200_237.540+008.144_0.2320_0029.19.png,train,237.54,8.144,200,./CombinedCat/PNG/Scaled_Final/237.540_+008.144.png,test,237.54,8.144,FRI,0.0,0.003156,False
./MiraBest_data/200_153.066+029.817_0.4205_0009.33.png,train,153.066,29.817,200,./CombinedCat/PNG/Scaled_Final/153.066_+029.817.png,train,153.066,29.817,FRII,0.0,0.001822,True
./MiraBest_data/200_168.223+053.830_0.2156_0012.02.png,train,168.223,53.83,200,./CombinedCat/PNG/Scaled_Final/168.223_+053.830.png,train,168.223,53.83,FRII,0.0,0.0432,True
./MiraBest_data/100_213.300+022.470_0.1561_0223.88.png,train,213.3,22.47,100,./CombinedCat/PNG/Scaled_Final/213.300_+022.470.png,train,213.3,22.47,FRI,0.0,0.001244,True
./MiraBest_data/100_156.257+004.034_0.2112_0027.64.png,train,156.257,4.034,100,./CombinedCat/PNG/Scaled_Final/156.257_+004.034.png,train,156.257,4.034,FRI,0.0,0.002178,True
./MiraBest_data/100_149.408+026.174_0.1972_0040.33.png,train,149.408,26.174,100,./CombinedCat/PNG/Scaled_Final/149.408_+026.174.png,train,149.408,26.174,FRI,0.0,0.003067,True
./MiraBest_data/100_132.723+047.898_0.1845_0032.05.png,train,132.723,47.898,100,./CombinedCat/PNG/Scaled_Final/132.723_+047.898.png,train,132.723,47.898,FRI,0.0,0.002178,True
./MiraBest_data/100_126.397+048.295_0.1830_0040.19.png,train,126.397,48.295,100,./CombinedCat/PNG/Scaled_Final/126.397_+048.295.png,train,126.397,48.295,FRI,0.0,0.0,True
./MiraBest_data/100_238.885+003.449_0.2042_0035.66.png,train,238.885,3.449,100,./CombinedCat/PNG/Scaled_Final/238.885_+003.449.png,test,238.885,3.449,FRII,0.0,0.001289,False
./MiraBest_data/100_211.791+026.313_0.0749_0128.68.png,train,211.791,26.313,100,./CombinedCat/PNG/Scaled_Final/211.791_+026.313.png,train,211.791,26.313,FRI,0.0,0.002756,True
./MiraBest_data/100_222.392+011.298_0.1949_0071.59.png,train,222.392,11.298,100,./CombinedCat/PNG/Scaled_Final/222.392_+011.298.png,train,222.392,11.298,FRII,0.0,0.002889,False
./MiraBest_data/100_223.647+005.613_0.0814_0051.38.png,train,223.647,5.613,100,./CombinedCat/PNG/Scaled_Final/223.647_+005.613.png,train,223.647,5.613,FRII,0.0,0.007911,False
./MiraBest_data/100_244.855+020.431_0.2297_0103.76.png,train,244.855,20.431,100,./CombinedCat/PNG/Scaled_Final/244.855_+020.431.png,test,244.855,20.431,FRII,0.0,0.002489,False
./MiraBest_data/100_186.158+056.394_0.2047_0052.27.png,train,186.158,56.394,100,./CombinedCat/PNG/Scaled_Final/186.158_+056.394.png,train,186.158,56.394,FRI,0.0,0.004178,True
./MiraBest_data/100_200.576+060.739_0.1358_0071.85.png,train,200.576,60.739,100,./CombinedCat/PNG/Scaled_Final/200.576_+060.739.png,train,200.576,60.739,FRI,0.0,0.004844,True
./MiraBest_data/100_132.772+008.852_0.1271_0086.31.png,train,132.772,8.852,100,./CombinedCat/PNG/Scaled_Final/132.772_+008.852.png,train,132.772,8.852,FRI,0.0,0.002222,True
./MiraBest_data/100_209.593+018.300_0.1616_0048.72.png,train,209.593,18.3,100,./CombinedCat/PNG/Scaled_Final/209.593_+018.300.png,train,209.593,18.3,FRI,0.0,0.024267,True
./MiraBest_data/100_191.425+033.408_0.1323_0064.80.png,train,191.425,33.408,100,./CombinedCat/PNG/Scaled_Final/191.425_+033.408.png,train,191.425,33.408,FRI,0.0,0.004311,True
./MiraBest_data/100_155.318+049.845_0.4334_0027.93.png,train,155.318,49.845,100,./CombinedCat/PNG/Scaled_Final/155.318_+049.845.png,train,155.318,49.845,FRI,0.0,0.007289,True
./MiraBest_data/100_244.044+009.115_0.1721_0050.46.png,train,244.044,9.115,100,./CombinedCat/PNG/Scaled_Final/244.044_+009.115.png,test,244.044,9.115,FRI,0.0,0.002133,True
./MiraBest_data/100_141.413+036.452_0.1121_0168.26.png,train,141.413,36.452,100,./CombinedCat/PNG/Scaled_Final/141.413_+036.452.png,train,141.413,36.452,FRI,0.0,8.9e-05,True
./MiraBest_data/100_359.248-000.800_0.1871_0108.33.png,train,359.248,-0.8,100,./CombinedCat/PNG/Scaled_Final/359.248_-000.800.png,test,359.248,-0.8,FRI,0.0,0.005467,True
./MiraBest_data/100_227.459+052.294_0.2661_0057.40.png,train,227.459,52.294,100,./CombinedCat/PNG/Scaled_Final/227.459_+052.294.png,train,227.459,52.294,FRI,0.0,0.002489,True
./MiraBest_data/100_172.301+027.554_0.0732_0129.77.png,train,172.301,27.554,100,./CombinedCat/PNG/Scaled_Final/172.301_+027.554.png,train,172.301,27.554,FRI,0.0,0.002622,True
./MiraBest_data/100_230.370+015.197_0.3592_0055.30.png,train,230.37,15.197,100,./CombinedCat/PNG/Scaled_Final/230.370_+015.197.png,train,230.37,15.197,FRII,0.0,0.266667,False
./MiraBest_data/100_134.962+032.130_0.2690_0053.46.png,train,134.962,32.13,100,./CombinedCat/PNG/Scaled_Final/134.962_+032.130.png,train,134.962,32.13,FRI,0.0,0.007867,True
./MiraBest_data/100_218.859+027.893_0.1760_0089.32.png,train,218.859,27.893,100,./CombinedCat/PNG/Scaled_Final/218.859_+027.893.png,train,218.859,27.893,FRI,0.0,0.004978,True
./MiraBest_data/100_127.147+032.474_0.2797_0052.19.png,train,127.147,32.474,100,./CombinedCat/PNG/Scaled_Final/127.147_+032.474.png,train,127.147,32.474,FRI,0.0,0.003244,True
./MiraBest_data/100_153.570+034.440_0.1570_0073.76.png,train,153.57,34.44,100,./CombinedCat/PNG/Scaled_Final/153.570_+034.440.png,train,153.57,34.44,FRI,0.0,0.0288,True
./MiraBest_data/100_169.796+008.261_0.0756_0057.94.png,train,169.796,8.261,100,./CombinedCat/PNG/Scaled_Final/169.796_+008.261.png,train,169.796,8.261,FRI,0.0,0.004,True
./MiraBest_data/100_237.645+012.011_0.3040_0036.78.png,train,237.645,12.011,100,./CombinedCat/PNG/Scaled_Final/237.645_+012.011.png,test,237.645,12.011,FRI,0.0,0.018489,True
./MiraBest_data/100_219.313+024.759_0.0862_0151.30.png,train,219.313,24.759,100,./CombinedCat/PNG/Scaled_Final/219.313_+024.759.png,train,219.313,24.759,FRI,0.0,0.006756,True
./MiraBest_data/100_120.256+013.831_0.1087_0103.53.png,train,120.256,13.831,100,./CombinedCat/PNG/Scaled_Final/120.256_+013.831.png,train,120.256,13.831,FRI,0.0,0.0016,True
./MiraBest_data/100_249.594+032.853_0.1589_0069.89.png,train,249.594,32.853,100,./CombinedCat/PNG/Scaled_Final/249.594_+032.853.png,test,249.594,32.853,FRII,0.0,0.037111,False
./MiraBest_data/100_159.024+000.102_0.0968_0145.39.png,train,159.024,0.102,100,./CombinedCat/PNG/Scaled_Final/159.024_+000.102.png,train,159.024,0.102,FRI,0.0,0.0004,True
./MiraBest_data/100_204.466+018.641_0.1099_0077.60.png,train,204.466,18.641,100,./CombinedCat/PNG/Scaled_Final/204.466_+018.641.png,train,204.466,18.641,FRI,0.0,0.008844,True
./MiraBest_data/100_148.946+014.930_0.3406_0110.07.png,train,148.946,14.93,100,./CombinedCat/PNG/Scaled_Final/148.946_+014.930.png,train,148.946,14.93,FRI,0.0,0.022533,True
./MiraBest_data/200_224.470+011.303_0.1225_0042.94.png,train,224.47,11.303,200,./CombinedCat/PNG/Scaled_Final/224.470_+011.303.png,train,224.47,11.303,FRII,0.0,0.005333,True
./MiraBest_data/200_129.470+044.841_0.2070_0124.72.png,train,129.47,44.841,200,./CombinedCat/PNG/Scaled_Final/129.470_+044.841.png,train,129.47,44.841,FRII,0.0,0.001289,True
./MiraBest_data/200_145.354+012.577_0.1756_0082.63.png,train,145.354,12.577,200,./CombinedCat/PNG/Scaled_Final/145.354_+012.577.png,train,145.354,12.577,FRII,0.0,0.0,True
./MiraBest_data/200_233.953-000.531_0.3739_0013.24.png,train,233.953,-0.531,200,./CombinedCat/PNG/Scaled_Final/233.953_-000.531.png,test,233.953,-0.531,FRII,0.0,0.004756,True
./MiraBest_data/200_145.139+022.001_0.3851_0017.09.png,train,145.139,22.001,200,./CombinedCat/PNG/Scaled_Final/145.139_+022.001.png,train,145.139,22.001,FRII,0.0,0.0012,True
./MiraBest_data/200_232.002+002.846_0.3396_0017.40.png,train,232.002,2.846,200,./CombinedCat/PNG/Scaled_Final/232.002_+002.846.png,train,232.002,2.846,FRII,0.0,0.003511,True
./MiraBest_data/200_180.455-000.509_0.3282_0014.41.png,train,180.455,-0.509,200,./CombinedCat/PNG/Scaled_Final/180.455_-000.509.png,train,180.455,-0.509,FRII,0.0,0.008756,True
./MiraBest_data/200_261.957+053.781_0.2071_0140.75.png,train,261.957,53.781,200,./CombinedCat/PNG/Scaled_Final/261.957_+053.781.png,test,261.957,53.781,FRI,0.0,0.000267,False
./MiraBest_data/200_209.191-001.196_0.3960_0023.09.png,train,209.191,-1.196,200,./CombinedCat/PNG/Scaled_Final/209.191_-001.196.png,train,209.191,-1.196,FRII,0.0,0.002178,True
./MiraBest_data/200_174.917+024.402_0.1840_0148.74.png,train,174.917,24.402,200,./CombinedCat/PNG/Scaled_Final/174.917_+024.402.png,train,174.917,24.402,FRII,0.0,0.002711,True
./MiraBest_data/200_154.217+017.167_0.3738_0037.25.png,train,154.217,17.167,200,./CombinedCat/PNG/Scaled_Final/154.217_+017.167.png,train,154.217,17.167,FRII,0.0,0.003378,True
./MiraBest_data/200_176.965+002.273_0.2793_0013.23.png,train,176.965,2.273,200,./CombinedCat/PNG/Scaled_Final/176.965_+002.273.png,train,176.965,2.273,FRII,0.0,0.002756,True
./MiraBest_data/200_199.939+060.512_0.0702_0017.97.png,train,199.939,60.512,200,./CombinedCat/PNG/Scaled_Final/199.939_+060.512.png,train,199.939,60.512,FRII,0.0,0.000533,True
./MiraBest_data/200_143.160+016.199_0.1910_0242.71.png,train,143.16,16.199,200,./CombinedCat/PNG/Scaled_Final/143.160_+016.199.png,train,143.16,16.199,FRII,0.0,0.0056,True
./MiraBest_data/200_183.643+000.791_0.2510_0109.39.png,train,183.643,0.791,200,./CombinedCat/PNG/Scaled_Final/183.643_+000.791.png,train,183.643,0.791,FRII,0.0,0.006444,True
./MiraBest_data/200_246.031+051.044_0.2666_0024.42.png,train,246.031,51.044,200,./CombinedCat/PNG/Scaled_Final/246.031_+051.044.png,test,246.031,51.044,FRII,0.0,0.006311,True
./MiraBest_data/200_134.762+034.466_0.2437_0014.03.png,train,134.762,34.466,200,./CombinedCat/PNG/Scaled_Final/134.762_+034.466.png,train,134.762,34.466,FRII,0.0,0.001867,True
./MiraBest_data/200_178.467+008.136_0.2906_0073.58.png,train,178.467,8.136,200,./CombinedCat/PNG/Scaled_Final/178.467_+008.136.png,train,178.467,8.136,FRII,0.0,0.009822,True
./MiraBest_data/200_202.664+062.919_0.2211_0039.43.png,train,202.664,62.919,200,./CombinedCat/PNG/Scaled_Final/202.664_+062.919.png,train,202.664,62.919,FRII,0.0,0.0,True
./MiraBest_data/200_224.024+016.449_0.2871_0109.25.png,train,224.024,16.449,200,./CombinedCat/PNG/Scaled_Final/224.024_+016.449.png,train,224.024,16.449,FRII,0.0,0.000667,True
./MiraBest_data/200_030.717-000.815_0.2540_0010.98.png,train,30.717,-0.815,200,./CombinedCat/PNG/Scaled_Final/030.717_-000.815.png,train,30.717,-0.815,FRII,0.0,0.004844,True
./MiraBest_data/200_163.665+006.109_0.1355_0040.89.png,train,163.665,6.109,200,./CombinedCat/PNG/Scaled_Final/163.665_+006.109.png,train,163.665,6.109,FRII,0.0,0.005022,True
./MiraBest_data/200_011.019+001.031_0.1117_0180.11.png,train,11.019,1.031,200,./CombinedCat/PNG/Scaled_Final/011.019_+001.031.png,train,11.019,1.031,FRII,0.0,0.000133,True
./MiraBest_data/200_243.359+012.179_0.2340_0011.50.png,train,243.359,12.179,200,./CombinedCat/PNG/Scaled_Final/243.359_+012.179.png,test,243.359,12.179,FRII,0.0,0.003867,True
./MiraBest_data/200_224.474+028.539_0.1440_0205.89.png,train,224.474,28.539,200,./CombinedCat/PNG/Scaled_Final/224.474_+028.539.png,train,224.474,28.539,FRII,0.0,0.0,True
./MiraBest_data/200_196.919+006.212_0.1391_0020.46.png,train,196.919,6.212,200,./CombinedCat/PNG/Scaled_Final/196.919_+006.212.png,train,196.919,6.212,FRII,0.0,0.0052,True
./MiraBest_data/200_124.394+044.981_0.1421_0024.73.png,train,124.394,44.981,200,./CombinedCat/PNG/Scaled_Final/124.394_+044.981.png,train,124.394,44.981,FRII,0.0,0.0016,True
./MiraBest_data/200_241.928+007.482_0.2242_0067.62.png,train,241.928,7.482,200,./CombinedCat/PNG/Scaled_Final/241.928_+007.482.png,test,241.928,7.482,FRI,0.0,0.005289,False
./MiraBest_data/200_132.014+058.163_0.2216_0019.87.png,train,132.014,58.163,200,./CombinedCat/PNG/Scaled_Final/132.014_+058.163.png,train,132.014,58.163,FRII,0.0,0.000356,True
./MiraBest_data/200_211.012+015.725_0.1809_0019.07.png,train,211.012,15.725,200,./CombinedCat/PNG/Scaled_Final/211.012_+015.725.png,train,211.012,15.725,FRII,0.0,0.001733,True
./MiraBest_data/200_182.764-000.335_0.3192_0012.41.png,train,182.764,-0.335,200,./CombinedCat/PNG/Scaled_Final/182.764_-000.335.png,train,182.764,-0.335,FRII,0.0,0.0,True
./MiraBest_data/200_177.547+053.722_0.0603_0031.28.png,train,177.547,53.722,200,./CombinedCat/PNG/Scaled_Final/177.547_+053.722.png,train,177.547,53.722,FRII,0.0,0.001289,True
./MiraBest_data/200_203.383+030.129_0.2843_0101.51.png,train,203.383,30.129,200,./CombinedCat/PNG/Scaled_Final/203.383_+030.129.png,train,203.383,30.129,FRII,0.0,0.001511,True
./MiraBest_data/200_227.336-001.910_0.1121_0013.06.png,train,227.336,-1.91,200,./CombinedCat/PNG/Scaled_Final/227.336_-001.910.png,train,227.336,-1.91,FRII,0.0,0.000889,True
./MiraBest_data/200_174.181+054.913_0.0554_0009.89.png,train,174.181,54.913,200,./CombinedCat/PNG/Scaled_Final/174.181_+054.913.png,train,174.181,54.913,FRII,0.0,0.001644,True
./MiraBest_data/200_327.589-008.777_0.3937_0013.77.png,train,327.589,-8.777,200,./CombinedCat/PNG/Scaled_Final/327.589_-008.777.png,test,327.589,-8.777,FRI,0.0,0.020622,False
./MiraBest_data/200_193.542+018.095_0.4196_0010.15.png,train,193.542,18.095,200,./CombinedCat/PNG/Scaled_Final/193.542_+018.095.png,train,193.542,18.095,FRII,0.0,0.000356,True
./MiraBest_data/200_218.736+041.154_0.4475_0012.82.png,train,218.736,41.154,200,./CombinedCat/PNG/Scaled_Final/218.736_+041.154.png,train,218.736,41.154,FRII,0.0,0.000356,True
./MiraBest_data/200_135.835+052.560_0.3149_0023.26.png,train,135.835,52.56,200,./CombinedCat/PNG/Scaled_Final/135.835_+052.560.png,train,135.835,52.56,FRII,0.0,0.001467,True
./MiraBest_data/200_213.986+023.125_0.4665_0034.00.png,train,213.986,23.125,200,./CombinedCat/PNG/Scaled_Final/213.986_+023.125.png,train,213.986,23.125,FRII,0.0,0.001733,True
./MiraBest_data/200_214.950+008.240_0.3218_0127.93.png,train,214.95,8.24,200,./CombinedCat/PNG/Scaled_Final/214.950_+008.240.png,train,214.95,8.24,FRII,0.0,0.000133,True
./MiraBest_data/200_019.628-010.732_0.1260_0039.27.png,train,19.628,-10.732,200,./CombinedCat/PNG/Scaled_Final/019.628_-010.732.png,train,19.628,-10.732,FRII,0.0,0.006622,True
./MiraBest_data/200_165.957+004.868_0.1846_0009.70.png,train,165.957,4.868,200,./CombinedCat/PNG/Scaled_Final/165.957_+004.868.png,train,165.957,4.868,FRII,0.0,0.001778,True
./MiraBest_data/100_208.375+011.642_0.3522_0147.66.png,train,208.375,11.642,100,./CombinedCat/PNG/Scaled_Final/208.375_+011.642.png,train,208.375,11.642,FRI,0.0,0.0012,True
./MiraBest_data/100_134.450+059.490_0.2021_0039.22.png,train,134.45,59.49,100,./CombinedCat/PNG/Scaled_Final/134.450_+059.490.png,train,134.45,59.49,FRI,0.0,0.310667,True
./MiraBest_data/100_197.092+023.521_0.1358_0042.90.png,train,197.092,23.521,100,./CombinedCat/PNG/Scaled_Final/197.092_+023.521.png,train,197.092,23.521,FRI,0.0,0.007289,True
./MiraBest_data/100_159.151+038.586_0.1449_0171.17.png,train,159.151,38.586,100,./CombinedCat/PNG/Scaled_Final/159.151_+038.586.png,train,159.151,38.586,FRI,0.0,0.0072,True
./MiraBest_data/100_219.320+024.869_0.0896_0086.79.png,train,219.32,24.869,100,./CombinedCat/PNG/Scaled_Final/219.320_+024.869.png,train,219.32,24.869,FRI,0.0,0.001111,True
./MiraBest_data/100_200.001+025.546_0.1347_0050.44.png,train,200.001,25.546,100,./CombinedCat/PNG/Scaled_Final/200.001_+025.546.png,train,200.001,25.546,FRI,0.0,0.026133,True
./MiraBest_data/100_173.175+012.220_0.1735_0033.04.png,train,173.175,12.22,100,./CombinedCat/PNG/Scaled_Final/173.175_+012.220.png,train,173.175,12.22,FRI,0.0,0.001511,True
./MiraBest_data/100_159.613+041.815_0.1246_0054.53.png,train,159.613,41.815,100,./CombinedCat/PNG/Scaled_Final/159.613_+041.815.png,train,159.613,41.815,FRI,0.0,0.01,True
./MiraBest_data/100_219.532+009.437_0.3312_0029.49.png,train,219.532,9.437,100,./CombinedCat/PNG/Scaled_Final/219.532_+009.437.png,train,219.532,9.437,FRI,0.0,0.0028,True
./MiraBest_data/100_177.879+016.524_0.1192_0072.15.png,train,177.879,16.524,100,./CombinedCat/PNG/Scaled_Final/177.879_+016.524.png,train,177.879,16.524,FRI,0.0,0.037067,True
./MiraBest_data/100_215.170+006.850_0.2375_0101.42.png,train,215.17,6.85,100,./CombinedCat/PNG/Scaled_Final/215.170_+006.850.png,train,215.17,6.85,FRI,0.0,0.003067,True
./MiraBest_data/100_242.045+032.905_0.3038_0116.27.png,train,242.045,32.905,100,./CombinedCat/PNG/Scaled_Final/242.045_+032.905.png,test,242.045,32.905,FRI,0.0,0.003244,True
./MiraBest_data/100_166.081+019.691_0.1079_0075.44.png,train,166.081,19.691,100,./CombinedCat/PNG/Scaled_Final/166.081_+019.691.png,train,166.081,19.691,FRI,0.0,0.0164,True
./MiraBest_data/100_229.165+002.787_0.1098_0147.48.png,train,229.165,2.787,100,./CombinedCat/PNG/Scaled_Final/229.165_+002.787.png,train,229.165,2.787,FRII,0.0,0.002978,False
./MiraBest_data/100_139.283+055.152_0.1820_0092.37.png,train,139.283,55.152,100,./CombinedCat/PNG/Scaled_Final/139.283_+055.152.png,train,139.283,55.152,FRI,0.0,0.0012,True
./MiraBest_data/100_237.206+036.176_0.2334_0051.02.png,train,237.206,36.176,100,./CombinedCat/PNG/Scaled_Final/237.206_+036.176.png,test,237.206,36.176,FRI,0.0,0.004267,True
./MiraBest_data/100_239.417+028.880_0.0773_0123.88.png,train,239.417,28.88,100,./CombinedCat/PNG/Scaled_Final/239.417_+028.880.png,test,239.417,28.88,FRI,0.0,0.003333,True
./MiraBest_data/100_225.626+023.134_0.1802_0042.40.png,train,225.626,23.134,100,./CombinedCat/PNG/Scaled_Final/225.626_+023.134.png,train,225.626,23.134,FRII,0.0,0.027733,False
./MiraBest_data/100_235.480+001.421_0.0848_0052.43.png,train,235.48,1.421,100,./CombinedCat/PNG/Scaled_Final/235.480_+001.421.png,test,235.48,1.421,FRII,0.0,0.002711,False
./MiraBest_data/100_030.033+000.024_0.3793_0027.96.png,train,30.033,0.024,100,./CombinedCat/PNG/Scaled_Final/030.033_+000.024.png,train,30.033,0.024,FRI,0.0,0.000844,True
./MiraBest_data/100_123.590+052.403_0.2467_0096.29.png,train,123.59,52.403,100,./CombinedCat/PNG/Scaled_Final/123.590_+052.403.png,train,123.59,52.403,FRI,0.0,0.007156,True
./MiraBest_data/100_193.657+053.090_0.0538_0097.73.png,train,193.657,53.09,100,./CombinedCat/PNG/Scaled_Final/193.657_+053.090.png,train,193.657,53.09,FRI,0.0,0.000667,True
./MiraBest_data/100_214.380+008.208_0.0568_0184.78.png,train,214.38,8.208,100,./CombinedCat/PNG/Scaled_Final/214.380_+008.208.png,train,214.38,8.208,FRI,0.0,0.003911,True
./MiraBest_data/100_220.580+050.733_0.1736_0051.63.png,train,220.58,50.733,100,./CombinedCat/PNG/Scaled_Final/220.580_+050.733.png,train,220.58,50.733,FRI,0.0,0.001911,True
./MiraBest_data/100_181.515+016.443_0.3036_0073.76.png,train,181.515,16.443,100,./CombinedCat/PNG/Scaled_Final/181.515_+016.443.png,train,181.515,16.443,FRI,0.0,0.004133,True
./MiraBest_data/100_239.457+016.310_0.0370_0027.70.png,train,239.457,16.31,100,./CombinedCat/PNG/Scaled_Final/239.457_+016.310.png,test,239.457,16.31,FRI,0.0,0.002356,True
./MiraBest_data/100_188.320+019.481_0.2282_0049.17.png,train,188.32,19.481,100,./CombinedCat/PNG/Scaled_Final/188.320_+019.481.png,train,188.32,19.481,FRI,0.0,0.070267,True
./MiraBest_data/100_164.479+008.634_0.2196_0037.58.png,train,164.479,8.634,100,./CombinedCat/PNG/Scaled_Final/164.479_+008.634.png,train,164.479,8.634,FRI,0.0,0.005822,True
./MiraBest_data/100_117.079+045.746_0.1850_0228.03.png,train,117.079,45.746,100,./CombinedCat/PNG/Scaled_Final/117.079_+045.746.png,train,117.079,45.746,FRI,0.0,0.002489,True
./MiraBest_data/100_204.134+021.332_0.1889_0053.05.png,train,204.134,21.332,100,./CombinedCat/PNG/Scaled_Final/204.134_+021.332.png,train,204.134,21.332,FRI,0.0,0.016133,True
./MiraBest_data/100_123.251+043.797_0.1281_0034.09.png,train,123.251,43.797,100,./CombinedCat/PNG/Scaled_Final/123.251_+043.797.png,train,123.251,43.797,FRI,0.0,0.001556,True
./MiraBest_data/100_247.963+008.885_0.3271_0054.19.png,train,247.963,8.885,100,./CombinedCat/PNG/Scaled_Final/247.963_+008.885.png,test,247.963,8.885,FRI,0.0,0.0008,True
./MiraBest_data/100_205.752+046.456_0.2248_0110.23.png,train,205.752,46.456,100,./CombinedCat/PNG/Scaled_Final/205.752_+046.456.png,train,205.752,46.456,FRI,0.0,0.008667,True
./MiraBest_data/100_187.438+026.179_0.3856_0060.84.png,train,187.438,26.179,100,./CombinedCat/PNG/Scaled_Final/187.438_+026.179.png,train,187.438,26.179,FRI,0.0,0.004622,True
./MiraBest_data/200_159.454+015.690_0.1957_0055.79.png,train,159.454,15.69,200,./CombinedCat/PNG/Scaled_Final/159.454_+015.690.png,train,159.454,15.69,FRII,0.0,0.005467,True
./MiraBest_data/200_192.463+033.389_0.4627_0075.88.png,train,192.463,33.389,200,./CombinedCat/PNG/Scaled_Final/192.463_+033.389.png,train,192.463,33.389,FRII,0.0,0.0,True
./MiraBest_data/200_333.294-000.646_0.1821_0012.11.png,train,333.294,-0.646,200,./CombinedCat/PNG/Scaled_Final/333.294_-000.646.png,test,333.294,-0.646,FRII,0.0,0.000889,True
./MiraBest_data/200_191.715+023.062_0.2427_0018.22.png,train,191.715,23.062,200,./CombinedCat/PNG/Scaled_Final/191.715_+023.062.png,train,191.715,23.062,FRII,0.0,0.009689,True
./MiraBest_data/200_223.470+050.068_0.3883_0071.80.png,train,223.47,50.068,200,./CombinedCat/PNG/Scaled_Final/223.470_+050.068.png,train,223.47,50.068,FRII,0.0,0.006844,True
./MiraBest_data/200_229.168+000.251_0.0526_0254.32.png,train,229.168,0.251,200,./CombinedCat/PNG/Scaled_Final/229.168_+000.251.png,train,229.168,0.251,FRI,0.0,0.001911,False
./MiraBest_data/200_113.253+039.418_0.1681_0007.48.png,train,113.253,39.418,200,./CombinedCat/PNG/Scaled_Final/113.253_+039.418.png,train,113.253,39.418,FRII,0.0,0.003289,True
./MiraBest_data/200_240.235+030.022_0.3737_0081.74.png,train,240.235,30.022,200,./CombinedCat/PNG/Scaled_Final/240.235_+030.022.png,test,240.235,30.022,FRII,0.0,0.013333,True
./MiraBest_data/200_249.598+022.661_0.1757_0093.03.png,train,249.598,22.661,200,./CombinedCat/PNG/Scaled_Final/249.598_+022.661.png,test,249.598,22.661,FRI,0.0,0.480622,False
./MiraBest_data/200_148.580+027.267_0.4712_0230.89.png,train,148.58,27.267,200,./CombinedCat/PNG/Scaled_Final/148.580_+027.267.png,train,148.58,27.267,FRII,0.0,0.008756,True
./MiraBest_data/200_227.118-002.240_0.1178_0012.50.png,train,227.118,-2.24,200,./CombinedCat/PNG/Scaled_Final/227.118_-002.240.png,train,227.118,-2.24,FRII,0.0,0.001733,True
./MiraBest_data/200_145.991+006.012_0.4093_0049.75.png,train,145.991,6.012,200,./CombinedCat/PNG/Scaled_Final/145.991_+006.012.png,train,145.991,6.012,FRII,0.0,0.005911,True
./MiraBest_data/200_242.280+022.631_0.2659_0011.99.png,train,242.28,22.631,200,./CombinedCat/PNG/Scaled_Final/242.280_+022.631.png,test,242.28,22.631,FRII,0.0,0.001067,True
./MiraBest_data/200_003.845+000.156_0.4401_0024.05.png,train,3.845,0.156,200,./CombinedCat/PNG/Scaled_Final/003.845_+000.156.png,train,3.845,0.156,FRII,0.0,0.001556,True
./MiraBest_data/200_213.105+041.872_0.2512_0026.60.png,train,213.105,41.872,200,./CombinedCat/PNG/Scaled_Final/213.105_+041.872.png,train,213.105,41.872,FRII,0.0,0.004222,True
./MiraBest_data/200_172.900+007.882_0.1806_0040.31.png,train,172.9,7.882,200,./CombinedCat/PNG/Scaled_Final/172.900_+007.882.png,train,172.9,7.882,FRII,0.0,0.003867,True
./MiraBest_data/200_158.680+005.555_0.1408_0026.54.png,train,158.68,5.555,200,./CombinedCat/PNG/Scaled_Final/158.680_+005.555.png,train,158.68,5.555,FRII,0.0,0.000711,True
./MiraBest_data/200_254.634+033.412_0.1789_0051.84.png,train,254.634,33.412,200,./CombinedCat/PNG/Scaled_Final/254.634_+033.412.png,test,254.634,33.412,FRII,0.0,0.012756,True
./MiraBest_data/200_138.690+041.621_0.1404_0073.24.png,train,138.69,41.621,200,./CombinedCat/PNG/Scaled_Final/138.690_+041.621.png,train,138.69,41.621,FRII,0.0,0.002933,True
./MiraBest_data/200_222.172+017.410_0.2523_0031.68.png,train,222.172,17.41,200,./CombinedCat/PNG/Scaled_Final/222.172_+017.410.png,train,222.172,17.41,FRII,0.0,0.000889,True
./MiraBest_data/200_037.204-007.283_0.3588_0026.02.png,train,37.204,-7.283,200,./CombinedCat/PNG/Scaled_Final/037.204_-007.283.png,train,37.204,-7.283,FRII,0.0,0.002578,True
./MiraBest_data/200_224.020+047.453_0.0872_0013.16.png,train,224.02,47.453,200,./CombinedCat/PNG/Scaled_Final/224.020_+047.453.png,train,224.02,47.453,FRII,0.0,0.001333,True
./MiraBest_data/200_213.501+009.251_0.1597_0032.80.png,train,213.501,9.251,200,./CombinedCat/PNG/Scaled_Final/213.501_+009.251.png,train,213.501,9.251,FRII,0.0,0.000311,True
./MiraBest_data/200_023.358-010.439_0.1132_0019.54.png,train,23.358,-10.439,200,./CombinedCat/PNG/Scaled_Final/023.358_-010.439.png,train,23.358,-10.439,FRII,0.0,0.000133,True
./MiraBest_data/200_172.982+061.789_0.2439_0006.91.png,train,172.982,61.789,200,./CombinedCat/PNG/Scaled_Final/172.982_+061.789.png,train,172.982,61.789,FRII,0.0,0.000178,True
./MiraBest_data/200_318.698-007.845_0.2145_0041.33.png,train,318.698,-7.845,200,./CombinedCat/PNG/Scaled_Final/318.698_-007.845.png,test,318.698,-7.845,FRI,0.0,0.005422,False
./MiraBest_data/200_023.197+001.263_0.1256_0082.13.png,train,23.197,1.263,200,./CombinedCat/PNG/Scaled_Final/023.197_+001.263.png,train,23.197,1.263,FRII,0.0,0.029689,True
./MiraBest_data/200_197.987+000.231_0.2121_0026.48.png,train,197.987,0.231,200,./CombinedCat/PNG/Scaled_Final/197.987_+000.231.png,train,197.987,0.231,FRII,0.0,0.0,True
./MiraBest_data/200_012.742-009.490_0.2000_0019.21.png,train,12.742,-9.49,200,./CombinedCat/PNG/Scaled_Final/012.742_-009.490.png,train,12.742,-9.49,FRII,0.0,0.0024,True
./MiraBest_data/200_159.751+059.097_0.4708_0012.30.png,train,159.751,59.097,200,./CombinedCat/PNG/Scaled_Final/159.751_+059.097.png,train,159.751,59.097,FRII,0.0,0.001111,True
./MiraBest_data/200_226.235+014.580_0.2818_0041.90.png,train,226.235,14.58,200,./CombinedCat/PNG/Scaled_Final/226.235_+014.580.png,train,226.235,14.58,FRII,0.0,0.004711,True
./MiraBest_data/200_151.463+024.320_0.1843_0013.65.png,train,151.463,24.32,200,./CombinedCat/PNG/Scaled_Final/151.463_+024.320.png,train,151.463,24.32,FRII,0.0,0.001422,True
./MiraBest_data/200_188.192-000.924_0.2050_0133.36.png,train,188.192,-0.924,200,./CombinedCat/PNG/Scaled_Final/188.192_-000.924.png,train,188.192,-0.924,FRII,0.0,0.014622,True
./MiraBest_data/200_235.869+022.876_0.2200_0012.01.png,train,235.869,22.876,200,./CombinedCat/PNG/Scaled_Final/235.869_+022.876.png,test,235.869,22.876,FRII,0.0,0.000933,True
./MiraBest_data/200_243.600+038.401_0.1858_0010.00.png,train,243.6,38.401,200,./CombinedCat/PNG/Scaled_Final/243.600_+038.401.png,test,243.6,38.401,FRII,0.0,0.065244,True
./MiraBest_data/200_241.045+030.107_0.1736_0010.07.png,train,241.045,30.107,200,./CombinedCat/PNG/Scaled_Final/241.045_+030.107.png,test,241.045,30.107,FRI,0.0,0.001467,False
./MiraBest_data/200_139.848+040.651_0.2787_0102.70.png,train,139.848,40.651,200,./CombinedCat/PNG/Scaled_Final/139.848_+040.651.png,train,139.848,40.651,FRII,0.0,0.023689,True
./MiraBest_data/200_191.193-001.019_0.1468_0012.19.png,train,191.193,-1.019,200,./CombinedCat/PNG/Scaled_Final/191.193_-001.019.png,train,191.193,-1.019,FRII,0.0,0.008044,True
./MiraBest_data/200_149.170-000.023_0.1392_0107.66.png,train,149.17,-0.023,200,./CombinedCat/PNG/Scaled_Final/149.170_-000.023.png,train,149.17,-0.023,FRII,0.0,0.0,True
./MiraBest_data/200_149.673+060.228_0.2162_0016.00.png,train,149.673,60.228,200,./CombinedCat/PNG/Scaled_Final/149.673_+060.228.png,train,149.673,60.228,FRII,0.0,0.000356,True
./MiraBest_data/200_202.066+048.302_0.3276_0011.00.png,train,202.066,48.302,200,./CombinedCat/PNG/Scaled_Final/202.066_+048.302.png,train,202.066,48.302,FRII,0.0,0.003022,True
./MiraBest_data/200_138.564+021.278_0.2737_0030.08.png,train,138.564,21.278,200,./CombinedCat/PNG/Scaled_Final/138.564_+021.278.png,train,138.564,21.278,FRII,0.0,0.006133,True
./MiraBest_data/200_184.708+050.438_0.1992_0196.39.png,train,184.708,50.438,200,./CombinedCat/PNG/Scaled_Final/184.708_+050.438.png,train,184.708,50.438,FRII,0.0,8.9e-05,True
./MiraBest_data/100_208.637+028.243_0.0645_0082.21.png,test,208.637,28.243,100,./CombinedCat/PNG/Scaled_Final/208.637_+028.243.png,train,208.637,28.243,FRI,0.0,0.004578,True
./MiraBest_data/100_217.904+052.457_0.2920_0067.26.png,test,217.904,52.457,100,./CombinedCat/PNG/Scaled_Final/217.904_+052.457.png,train,217.904,52.457,FRI,0.0,0.012089,True
./MiraBest_data/100_152.357+028.300_0.4593_0038.12.png,test,152.357,28.3,100,./CombinedCat/PNG/Scaled_Final/152.357_+028.300.png,train,152.357,28.3,FRI,0.0,0.001022,True
./MiraBest_data/100_185.529+020.993_0.1085_0048.29.png,test,185.529,20.993,100,./CombinedCat/PNG/Scaled_Final/185.529_+020.993.png,train,185.529,20.993,FRI,0.0,0.005556,True
./MiraBest_data/100_233.004+040.895_0.2721_0051.38.png,test,233.004,40.895,100,./CombinedCat/PNG/Scaled_Final/233.004_+040.895.png,train,233.004,40.895,FRI,0.0,0.002044,True
./MiraBest_data/100_213.183+049.868_0.0774_0038.67.png,test,213.183,49.868,100,./CombinedCat/PNG/Scaled_Final/213.183_+049.868.png,train,213.183,49.868,FRI,0.0,0.001111,True
./MiraBest_data/100_239.339+054.671_0.0469_0161.27.png,test,239.339,54.671,100,./CombinedCat/PNG/Scaled_Final/239.339_+054.671.png,test,239.339,54.671,FRI,0.0,0.0,True
./MiraBest_data/100_218.538+001.617_0.1379_0119.77.png,test,218.538,1.617,100,./CombinedCat/PNG/Scaled_Final/218.538_+001.617.png,train,218.538,1.617,FRI,0.0,0.179156,True
./MiraBest_data/100_155.844+008.867_0.0626_0146.62.png,test,155.844,8.867,100,./CombinedCat/PNG/Scaled_Final/155.844_+008.867.png,train,155.844,8.867,FRI,0.0,0.003378,True
./MiraBest_data/100_126.890+016.015_0.0910_0121.95.png,test,126.89,16.015,100,./CombinedCat/PNG/Scaled_Final/126.890_+016.015.png,train,126.89,16.015,FRI,0.0,0.042267,True
./MiraBest_data/100_151.499+035.735_0.3971_0046.52.png,test,151.499,35.735,100,./CombinedCat/PNG/Scaled_Final/151.499_+035.735.png,train,151.499,35.735,FRI,0.0,0.002622,True
./MiraBest_data/100_184.942+022.920_0.2570_0090.09.png,test,184.942,22.92,100,./CombinedCat/PNG/Scaled_Final/184.942_+022.920.png,train,184.942,22.92,FRI,0.0,0.014267,True
./MiraBest_data/100_149.318+019.114_0.0904_0131.03.png,test,149.318,19.114,100,./CombinedCat/PNG/Scaled_Final/149.318_+019.114.png,train,149.318,19.114,FRI,0.0,0.000889,True
./MiraBest_data/100_114.330+029.492_0.1105_0034.32.png,test,114.33,29.492,100,./CombinedCat/PNG/Scaled_Final/114.330_+029.492.png,train,114.33,29.492,FRI,0.0,0.001822,True
./MiraBest_data/100_187.093+026.729_0.1957_0033.51.png,test,187.093,26.729,100,./CombinedCat/PNG/Scaled_Final/187.093_+026.729.png,train,187.093,26.729,FRI,0.0,0.008844,True
./MiraBest_data/100_228.683+022.624_0.3843_0058.81.png,test,228.683,22.624,100,./CombinedCat/PNG/Scaled_Final/228.683_+022.624.png,train,228.683,22.624,FRI,0.0,0.001733,True
./MiraBest_data/100_213.636+001.732_0.0531_0116.37.png,test,213.636,1.732,100,./CombinedCat/PNG/Scaled_Final/213.636_+001.732.png,train,213.636,1.732,FRI,0.0,0.0,True
./MiraBest_data/100_138.405+003.289_0.1416_0088.88.png,test,138.405,3.289,100,./CombinedCat/PNG/Scaled_Final/138.405_+003.289.png,train,138.405,3.289,FRI,0.0,0.004444,True
./MiraBest_data/100_160.094+050.940_0.1539_0044.61.png,test,160.094,50.94,100,./CombinedCat/PNG/Scaled_Final/160.094_+050.940.png,train,160.094,50.94,FRI,0.0,0.0,True
./MiraBest_data/100_237.248+008.910_0.0683_0107.95.png,test,237.248,8.91,100,./CombinedCat/PNG/Scaled_Final/237.248_+008.910.png,test,237.248,8.91,FRII,0.0,0.000933,False
./MiraBest_data/100_135.654+052.064_0.0992_0082.50.png,test,135.654,52.064,100,./CombinedCat/PNG/Scaled_Final/135.654_+052.064.png,train,135.654,52.064,FRI,0.0,0.001911,True
./MiraBest_data/100_167.342+023.919_0.1869_0057.38.png,test,167.342,23.919,100,./CombinedCat/PNG/Scaled_Final/167.342_+023.919.png,train,167.342,23.919,FRI,0.0,0.004844,True
./MiraBest_data/100_125.339+025.318_0.2676_0038.05.png,test,125.339,25.318,100,./CombinedCat/PNG/Scaled_Final/125.339_+025.318.png,train,125.339,25.318,FRI,0.0,0.001689,True
./MiraBest_data/100_199.415+019.172_0.2685_0063.42.png,test,199.415,19.172,100,./CombinedCat/PNG/Scaled_Final/199.415_+019.172.png,train,199.415,19.172,FRI,0.0,0.002356,True
./MiraBest_data/100_196.093+020.266_0.1921_0029.80.png,test,196.093,20.266,100,./CombinedCat/PNG/Scaled_Final/196.093_+020.266.png,train,196.093,20.266,FRI,0.0,0.000578,True
./MiraBest_data/100_137.548+001.651_0.2842_0073.83.png,test,137.548,1.651,100,./CombinedCat/PNG/Scaled_Final/137.548_+001.651.png,train,137.548,1.651,FRI,0.0,0.003422,True
./MiraBest_data/100_189.841+017.199_0.0702_0063.35.png,test,189.841,17.199,100,./CombinedCat/PNG/Scaled_Final/189.841_+017.199.png,train,189.841,17.199,FRI,0.0,0.000444,True
./MiraBest_data/100_196.580+011.228_0.0857_0039.54.png,test,196.58,11.228,100,./CombinedCat/PNG/Scaled_Final/196.580_+011.228.png,train,196.58,11.228,FRI,0.0,0.0,True
./MiraBest_data/100_175.084+053.841_0.1480_0075.33.png,test,175.084,53.841,100,./CombinedCat/PNG/Scaled_Final/175.084_+053.841.png,train,175.084,53.841,FRI,0.0,0.012178,True
./MiraBest_data/100_176.104+025.235_0.1776_0089.84.png,test,176.104,25.235,100,./CombinedCat/PNG/Scaled_Final/176.104_+025.235.png,train,176.104,25.235,FRI,0.0,0.004133,True
./MiraBest_data/100_207.328-001.823_0.2099_0055.89.png,test,207.328,-1.823,100,./CombinedCat/PNG/Scaled_Final/207.328_-001.823.png,train,207.328,-1.823,FRI,0.0,0.061511,True
./MiraBest_data/100_163.250+043.049_0.1479_0095.79.png,test,163.25,43.049,100,./CombinedCat/PNG/Scaled_Final/163.250_+043.049.png,train,163.25,43.049,FRI,0.0,0.019244,True
./MiraBest_data/100_219.702+000.682_0.1503_0054.27.png,test,219.702,0.682,100,./CombinedCat/PNG/Scaled_Final/219.702_+000.682.png,train,219.702,0.682,FRI,0.0,0.000356,True
./MiraBest_data/100_211.632+009.606_0.1463_0037.98.png,test,211.632,9.606,100,./CombinedCat/PNG/Scaled_Final/211.632_+009.606.png,train,211.632,9.606,FRI,0.0,0.233778,True
./MiraBest_data/200_135.242+051.166_0.1250_0038.65.png,test,135.242,51.166,200,./CombinedCat/PNG/Scaled_Final/135.242_+051.166.png,train,135.242,51.166,FRII,0.0,0.005244,True
./MiraBest_data/200_209.952+019.314_0.3309_0058.82.png,test,209.952,19.314,200,./CombinedCat/PNG/Scaled_Final/209.952_+019.314.png,train,209.952,19.314,FRII,0.0,0.000444,True
./MiraBest_data/200_143.066+018.072_0.1474_0138.72.png,test,143.066,18.072,200,./CombinedCat/PNG/Scaled_Final/143.066_+018.072.png,train,143.066,18.072,FRII,0.0,0.011333,True
./MiraBest_data/200_246.152+011.173_0.1973_0081.24.png,test,246.152,11.173,200,./CombinedCat/PNG/Scaled_Final/246.152_+011.173.png,test,246.152,11.173,FRII,0.0,0.000178,True
./MiraBest_data/200_223.993+032.626_0.0842_0024.53.png,test,223.993,32.626,200,./CombinedCat/PNG/Scaled_Final/223.993_+032.626.png,train,223.993,32.626,FRII,0.0,0.005067,True
./MiraBest_data/200_181.636+037.674_0.3437_0026.44.png,test,181.636,37.674,200,./CombinedCat/PNG/Scaled_Final/181.636_+037.674.png,train,181.636,37.674,FRII,0.0,0.004222,True
./MiraBest_data/200_195.972+027.791_0.3625_0035.47.png,test,195.972,27.791,200,./CombinedCat/PNG/Scaled_Final/195.972_+027.791.png,train,195.972,27.791,FRII,0.0,0.0,True
./MiraBest_data/200_194.341+012.472_0.2076_0063.89.png,test,194.341,12.472,200,./CombinedCat/PNG/Scaled_Final/194.341_+012.472.png,train,194.341,12.472,FRII,0.0,0.002844,True
./MiraBest_data/200_121.019+015.560_0.2682_0049.15.png,test,121.019,15.56,200,./CombinedCat/PNG/Scaled_Final/121.019_+015.560.png,train,121.019,15.56,FRII,0.0,0.006222,True
./MiraBest_data/200_158.638+061.470_0.1165_0115.07.png,test,158.638,61.47,200,./CombinedCat/PNG/Scaled_Final/158.638_+061.470.png,train,158.638,61.47,FRII,0.0,0.0308,True
./MiraBest_data/200_252.239+026.078_0.1373_0020.84.png,test,252.239,26.078,200,./CombinedCat/PNG/Scaled_Final/252.239_+026.078.png,test,252.239,26.078,FRI,0.0,0.000356,False
./MiraBest_data/200_204.372+048.306_0.1192_0040.66.png,test,204.372,48.306,200,./CombinedCat/PNG/Scaled_Final/204.372_+048.306.png,train,204.372,48.306,FRII,0.0,0.003822,True
./MiraBest_data/200_135.909+017.729_0.2193_0013.24.png,test,135.909,17.729,200,./CombinedCat/PNG/Scaled_Final/135.909_+017.729.png,train,135.909,17.729,FRII,0.0,0.000578,True
./MiraBest_data/200_173.854+006.911_0.1585_0025.61.png,test,173.854,6.911,200,./CombinedCat/PNG/Scaled_Final/173.854_+006.911.png,train,173.854,6.911,FRII,0.0,0.000533,True
./MiraBest_data/200_028.584-008.279_0.4290_0029.96.png,test,28.584,-8.279,200,./CombinedCat/PNG/Scaled_Final/028.584_-008.279.png,train,28.584,-8.279,FRII,0.0,0.000844,True
./MiraBest_data/200_176.620+006.885_0.2330_0011.08.png,test,176.62,6.885,200,./CombinedCat/PNG/Scaled_Final/176.620_+006.885.png,train,176.62,6.885,FRII,0.0,0.002222,True
./MiraBest_data/200_199.583+017.185_0.2087_0016.40.png,test,199.583,17.185,200,./CombinedCat/PNG/Scaled_Final/199.583_+017.185.png,train,199.583,17.185,FRII,0.0,0.0016,True
./MiraBest_data/200_176.016+044.006_0.2991_0045.54.png,test,176.016,44.006,200,./CombinedCat/PNG/Scaled_Final/176.016_+044.006.png,train,176.016,44.006,FRII,0.0,0.004622,True
./MiraBest_data/200_140.970+014.283_0.1414_0017.69.png,test,140.97,14.283,200,./CombinedCat/PNG/Scaled_Final/140.970_+014.283.png,train,140.97,14.283,FRII,0.0,0.000711,True
./MiraBest_data/200_146.107+052.027_0.2496_0080.52.png,test,146.107,52.027,200,./CombinedCat/PNG/Scaled_Final/146.107_+052.027.png,train,146.107,52.027,FRII,0.0,0.020844,True
./MiraBest_data/200_198.125+019.841_0.3720_0030.50.png,test,198.125,19.841,200,./CombinedCat/PNG/Scaled_Final/198.125_+019.841.png,train,198.125,19.841,FRII,0.0,0.006178,True
./MiraBest_data/200_207.275+018.975_0.1881_0030.64.png,test,207.275,18.975,200,./CombinedCat/PNG/Scaled_Final/207.275_+018.975.png,train,207.275,18.975,FRII,0.0,0.003289,True
./MiraBest_data/200_214.154+020.893_0.2474_0046.70.png,test,214.154,20.893,200,./CombinedCat/PNG/Scaled_Final/214.154_+020.893.png,train,214.154,20.893,FRII,0.0,0.011378,True
./MiraBest_data/200_163.772+005.915_0.1729_0074.25.png,test,163.772,5.915,200,./CombinedCat/PNG/Scaled_Final/163.772_+005.915.png,train,163.772,5.915,FRII,0.0,0.002,True
./MiraBest_data/200_235.369+049.149_0.4011_0102.55.png,test,235.369,49.149,200,./CombinedCat/PNG/Scaled_Final/235.369_+049.149.png,test,235.369,49.149,FRII,0.0,0.002089,True
./MiraBest_data/200_181.118+050.172_0.2087_0104.62.png,test,181.118,50.172,200,./CombinedCat/PNG/Scaled_Final/181.118_+050.172.png,train,181.118,50.172,FRII,0.0,0.005378,True
./MiraBest_data/200_229.365+006.326_0.1779_0013.16.png,test,229.365,6.326,200,./CombinedCat/PNG/Scaled_Final/229.365_+006.326.png,train,229.365,6.326,FRI,0.0,0.005556,False
./MiraBest_data/200_133.183+018.197_0.1893_0015.22.png,test,133.183,18.197,200,./CombinedCat/PNG/Scaled_Final/133.183_+018.197.png,train,133.183,18.197,FRII,0.0,0.0016,True
./MiraBest_data/200_171.156+004.939_0.2828_0012.18.png,test,171.156,4.939,200,./CombinedCat/PNG/Scaled_Final/171.156_+004.939.png,train,171.156,4.939,FRII,0.0,0.0,True
./MiraBest_data/200_222.095+004.198_0.2146_0067.06.png,test,222.095,4.198,200,./CombinedCat/PNG/Scaled_Final/222.095_+004.198.png,train,222.095,4.198,Hyb,0.0,0.015467,False
./MiraBest_data/200_190.600+036.834_0.3886_0022.53.png,test,190.6,36.834,200,./CombinedCat/PNG/Scaled_Final/190.600_+036.834.png,train,190.6,36.834,FRII,0.0,0.0052,True
./MiraBest_data/200_138.991+041.484_0.1510_0015.63.png,test,138.991,41.484,200,./CombinedCat/PNG/Scaled_Final/138.991_+041.484.png,train,138.991,41.484,FRII,0.0,0.014978,True
./MiraBest_data/200_137.935+006.169_0.1756_0072.60.png,test,137.935,6.169,200,./CombinedCat/PNG/Scaled_Final/137.935_+006.169.png,train,137.935,6.169,FRII,0.0,0.0216,True
./MiraBest_data/200_140.730+054.308_0.3371_0048.94.png,test,140.73,54.308,200,./CombinedCat/PNG/Scaled_Final/140.730_+054.308.png,train,140.73,54.308,FRII,0.0,0.016844,True
./MiraBest_data/200_157.350+061.450_0.3975_0022.78.png,test,157.35,61.45,200,./CombinedCat/PNG/Scaled_Final/157.350_+061.450.png,train,157.35,61.45,FRII,0.0,0.002622,True
./MiraBest_data/200_181.887+033.878_0.0791_0045.64.png,test,181.887,33.878,200,./CombinedCat/PNG/Scaled_Final/181.887_+033.878.png,train,181.887,33.878,FRII,0.0,0.000533,True
./MiraBest_data/200_232.294+045.638_0.3124_0009.85.png,test,232.294,45.638,200,./CombinedCat/PNG/Scaled_Final/232.294_+045.638.png,train,232.294,45.638,FRI,0.0,0.000133,False
./MiraBest_data/200_181.027+002.412_0.0845_0035.41.png,test,181.027,2.412,200,./CombinedCat/PNG/Scaled_Final/181.027_+002.412.png,train,181.027,2.412,FRII,0.0,0.006178,True
./MiraBest_data/200_227.311+035.594_0.3949_0024.08.png,test,227.311,35.594,200,./CombinedCat/PNG/Scaled_Final/227.311_+035.594.png,train,227.311,35.594,FRII,0.0,0.0,True
./MiraBest_data/200_141.950+023.235_0.2553_0120.07.png,test,141.95,23.235,200,./CombinedCat/PNG/Scaled_Final/141.950_+023.235.png,train,141.95,23.235,FRII,0.0,0.001333,True
./MiraBest_data/200_020.485-000.490_0.4364_0052.49.png,test,20.485,-0.49,200,./CombinedCat/PNG/Scaled_Final/020.485_-000.490.png,train,20.485,-0.49,FRII,0.0,0.004311,True
./MiraBest_data/200_227.750+007.864_0.4594_0129.67.png,test,227.75,7.864,200,./CombinedCat/PNG/Scaled_Final/227.750_+007.864.png,train,227.75,7.864,FRI,0.0,0.0,False
./MiraBest_data/200_179.977-001.352_0.3738_0108.31.png,test,179.977,-1.352,200,./CombinedCat/PNG/Scaled_Final/179.977_-001.352.png,train,179.977,-1.352,FRII,0.0,0.003022,True
