{
  "epochs": [
    0,
    1,
    2,
    3,
    4,
    5,
    6,
    7,
    8,
    9,
    10,
    11,
    12,
    13,
    14,
    15,
    16,
    17,
    18,
    19,
    20,
    21,
    22,
    23,
    24,
    25,
    26,
    27,
    28,
    29,
    30,
    31,
    32,
    33,
    34,
    35,
    36,
    37,
    38,
    39,
    40,
    41,
    42,
    43,
    44,
    45,
    46,
    47,
    48,
    49,
    50,
    51,
    52,
    53,
    54,
    55,
    56,
    57,
    58,
    59,
    60,
    61,
    62,
    63,
    64,
    65,
    66,
    67,
    68,
    69,
    70,
    71,
    72,
    73,
    74,
    75,
    76,
    77,
    78,
    79,
    80,
    81,
    82,
    83,
    84,
    85,
    86,
    87,
    88,
    89,
    90,
    91,
    92,
    93,
    94,
    95,
    96,
    97,
    98,
    99,
    100,
    101,
    102,
    103,
    104,
    105,
    106,
    107,
    108,
    109,
    110,
    111,
    112,
    113,
    114,
    115,
    116,
    117,
    118,
    119,
    120,
    121,
    122,
    123,
    124,
    125,
    126,
    127,
    128,
    129,
    130,
    131,
    132,
    133,
    134,
    135,
    136,
    137,
    138,
    139,
    140,
    141,
    142,
    143,
    144,
    145,
    146,
    147,
    148,
    149,
    150,
    151,
    152,
    153,
    154,
    155,
    156,
    157,
    158,
    159,
    160,
    161,
    162,
    163,
    164,
    165,
    166,
    167,
    168,
    169,
    170,
    171,
    172,
    173,
    174,
    175,
    176,
    177,
    178,
    179,
    180,
    181,
    182,
    183,
    184,
    185,
    186,
    187,
    188,
    189,
    190,
    191,
    192,
    193,
    194,
    195,
    196,
    197,
    198,
    199
  ],
  "train_loss": [
    0.6812527793091397,
    0.6919270674156588,
    0.7594476695670638,
    0.85857300356377,
    0.6634455555400183,
    0.6931940334480863,
    0.7642565750798513,
    0.5637883290994999,
    0.5674340277910233,
    0.6357724715110867,
    0.6472593552844469,
    0.5660190398609916,
    0.5644340054240338,
    0.519650666519653,
    0.5445304599612258,
    0.5397060319434764,
    0.5506101978379626,
    0.5245095567647801,
    0.5133332301710927,
    0.518030337816061,
    0.519375886681468,
    0.531730631756228,
    0.5133536499600078,
    0.5270692293727121,
    0.516137674797413,
    0.5192572131406429,
    0.5213178746228995,
    0.5352476353562156,
    0.5338280273731365,
    0.5217471999484439,
    0.582944144343221,
    0.6012288044358409,
    0.5905976496463599,
    0.6158027946949005,
    0.6001071971516276,
    0.6024903166432714,
    0.6232311902351158,
    0.6205057990412379,
    0.6057297199271446,
    0.6224926488344059,
    0.6313892887082211,
    0.6290404127780781,
    0.6385408560203951,
    0.6149168319480364,
    0.6451383305843487,
    0.6257202174774436,
    0.6282914478418439,
    0.625677481640217,
    0.62087937565737,
    0.606638896603917,
    0.6127192845871282,
    0.6073544493248296,
    0.6082497117824333,
    0.6109886845183927,
    0.5999735285376393,
    0.6007883042790169,
    0.6244369658619858,
    0.6115474832612414,
    0.624851711960726,
    0.6078545790772105,
    0.6091480445723201,
    0.6162906049988991,
    0.5987372637488121,
    0.622967911667602,
    0.6231504761895468,
    0.6058443663425224,
    0.6194915206626405,
    0.6154773093240206,
    0.6175149544033893,
    0.621727648516034,
    0.6211382018965345,
    0.6088397083587425,
    0.627793415687805,
    0.6351118153610895,
    0.6175786194413208,
    0.6237220916637155,
    0.6202056802982507,
    0.6185426524905271,
    0.6133503702490829,
    0.6190725564956665,
    0.6112951889287593,
    0.6153846642998761,
    0.617686043991599,
    0.6337147098641063,
    0.6249297833026841,
    0.6075827132823856,
    0.6318901267855667,
    0.6289918256360431,
    0.6232466489769691,
    0.6225598610417787,
    0.6574998147958933,
    0.6325735390879387,
    0.6195158248030862,
    0.6374596201403196,
    0.6407355742399082,
    0.6385495361200598,
    0.6217416424390881,
    0.6521293864000676,
    0.6374528006065724,
    0.6302560841621354,
    0.646810942611029,
    0.6246548437101896,
    0.6274049250885497,
    0.6667786881674168,
    0.6712769162516261,
    0.6615942740856215,
    0.6488117495941561,
    0.6415972189847813,
    0.6553538531758064,
    0.6535798214202704,
    0.6460470848305281,
    0.6361991153206936,
    0.644938534428907,
    0.6509937942028046,
    0.6364042717357015,
    0.6270073974548385,
    0.6393883387709773,
    0.6472187932840613,
    0.6379730725704238,
    0.6214565658985183,
    0.6325864109189011,
    0.6232738671607749,
    0.6339909174414569,
    0.6473048457572627,
    0.629952190920364,
    0.6359778795131418,
    0.6300804784824682,
    0.6263451967821565,
    0.629124601913053,
    0.641813587657241,
    0.6442294522773387,
    0.6338142454624176,
    0.6495474868042524,
    0.6245151931463286,
    0.6443435563597568,
    0.6604121351657912,
    0.6413804126340289,
    0.6447956551646077,
    0.6588268740925678,
    0.6396099200775457,
    0.6410244952800662,
    0.6482940607292708,
    0.6312456803266392,
    0.634748212473337,
    0.6356144492016282,
    0.6446784391652706,
    0.6397886255452799,
    0.6356389716614125,
    0.644207906584407,
    0.6337545378956684,
    0.6449139388494713,
    0.636796157720477,
    0.6494181208139242,
    0.6347066656101582,
    0.6301017022410105,
    0.6326156861560289,
    0.6360527117585026,
    0.6381536008313645,
    0.6345460442609565,
    0.6198612763438114,
    0.6274574173744335,
    0.6264755660018255,
    0.6463425706985385,
    0.6201339024443959,
    0.6270246148802513,
    0.6271660823461621,
    0.6342428960772448,
    0.6476116714089416,
    0.6305005172657412,
    0.6456997696050378,
    0.6367762934329898,
    0.6391693208106729,
    0.630079700849777,
    0.6191665478223978,
    0.6386505251013955,
    0.6372462798689686,
    0.6244823378185893,
    0.6485859578432038,
    0.6482692669297374,
    0.6269551671521608,
    0.6385804934557094,
    0.6371485057265259,
    0.6383983666120574,
    0.6341217659240546,
    0.6337153422971105,
    0.6431073522151902,
    0.6455828367277633,
    0.631328610833301,
    0.650067518270293,
    0.6405854751897413,
    0.6345115965882013,
    0.6358519903449125,
    0.6451591360707616,
    0.6389873100574627,
    0.6426941367775895,
    0.6318628070659416,
    0.659319038307944,
    0.6498658691727838,
    0.6423962012279866,
    0.6318545268718586
  ],